Transaction_ID,Date,Store_ID,Store_Name,City,Category,Product_Name,Unit_Price,Quantity,Discount_Percent,Gross_Sales,Discount_Amount,Net_Sales,Payment_Method,Customer_Segment,Return_Flag
TXN00001,2024-04-19,S001,Hyderabad Central,Hyderabad,Electronics,Tablet,19691.8,8.0,15.0,157534.4,23630.16,133904.24,Cash,Online,No
TXN00002,2024-07-31,S004,Mumbai Metro Store,Mumbai,Grocery,Spices Pack,102.82,2.0,15.0,205.64,30.85,174.79,Net Banking,Online,No
TXN00003,2024-04-09,S004,Mumbai Metro Store,Mumbai,Home Appliances,Water Purifier,8815.64,5.0,0.0,44078.2,0.0,44078.2,Credit Card,Online,No
TXN00004,2024-06-22,S005,Pune Retail Hub,Pune,Clothing,Formal Shirt,910.08,8.0,10.0,7280.64,728.06,6552.58,Debit Card,Walk-in,No
TXN00005,2024-11-07,S005,Pune Retail Hub,Pune,Home Appliances,Fan,1542.77,2.0,10.0,3085.54,308.55,2776.99,UPI,Corporate,No
TXN00006,2024-03-18,S005,Pune Retail Hub,Pune,Stationery,Stapler,155.82,8.0,20.0,1246.56,249.31,997.25,Debit Card,Walk-in,No
TXN00007,2024-12-20,S003,Chennai Express,Chennai,Electronics,Smart Watch,5997.51,3.0,15.0,17992.53,2698.88,15293.65,Net Banking,Corporate,No
TXN00008,2024-01-24,S004,Mumbai Metro Store,Mumbai,Electronics,Earphones,1484.1,7.0,10.0,10388.7,1038.87,9349.83,Net Banking,Online,No
TXN00009,2024-11-06,S003,Chennai Express,Chennai,Electronics,Earphones,1480.06,3.0,15.0,4440.18,666.03,3774.15,Net Banking,Loyalty Member,No
TXN00010,2024-12-08,S002,Banjara Hills Mart,Hyderabad,Clothing,Saree,2386.17,1.0,0.0,2386.17,0.0,2386.17,Cash,Loyalty Member,No
TXN00011,2024-01-19,S002,Banjara Hills Mart,Hyderabad,Electronics,Laptop,47336.29,7.0,20.0,331354.03,66270.81,265083.22,Credit Card,Walk-in,No
TXN00012,2024-08-07,S002,Banjara Hills Mart,Hyderabad,Grocery,Cooking Oil,195.14,7.0,5.0,1365.98,68.3,1297.68,Debit Card,Corporate,No
TXN00013,2024-06-04,S003,Chennai Express,Chennai,Grocery,Flour (10kg),306.16,5.0,20.0,1530.8,306.16,1224.64,UPI,Loyalty Member,No
TXN00014,2024-12-06,S004,Mumbai Metro Store,Mumbai,Clothing,Saree,2521.23,6.0,5.0,15127.38,756.37,14371.01,UPI,Loyalty Member,No
TXN00015,,S003,Chennai Express,Chennai,Clothing,Jeans,1326.22,2.0,101.0,,,,Debit Card,Online,No
TXN00016,2024-04-15,S005,Pune Retail Hub,Pune,Stationery,Notebook Set,202.88,8.0,5.0,1623.04,81.15,1541.89,Cash,Corporate,No
TXN00017,2024-04-17,S001,Hyderabad Central,Hyderabad,Stationery,Stapler,150.85,4.0,5.0,603.4,30.17,573.23,Credit Card,Corporate,Yes
TXN00018,2024-02-20,S002,Banjara Hills Mart,Hyderabad,Clothing,Saree,2423.38,2.0,10.0,4846.76,484.68,4362.08,Net Banking,Loyalty Member,Yes
TXN00019,2024-04-06,S003,Chennai Express,Chennai,Clothing,Jeans,1234.76,7.0,10.0,8643.32,864.33,7778.99,Cash,Walk-in,No
TXN00020,2024-08-09,S004,Mumbai Metro Store,Mumbai,Clothing,Formal Shirt,931.03,4.0,20.0,3724.12,744.82,2979.3,UPI,Online,No
TXN00021,2024-12-14,S002,Banjara Hills Mart,Hyderabad,Home Appliances,Mixer Grinder,2928.09,8.0,15.0,23424.72,3513.71,19911.01,Credit Card,Online,No
TXN00022,2024-04-26,S001,Hyderabad Central,Hyderabad,Stationery,File Folder,80.96,7.0,0.0,566.72,0.0,566.72,Net Banking,Walk-in,No
TXN00023,2024-09-07,S004,Mumbai Metro Store,Mumbai,Electronics,Tablet,19355.92,8.0,20.0,154847.36,30969.47,123877.89,Debit Card,Online,No
TXN00024,2024-10-01,S001,Hyderabad Central,Hyderabad,Stationery,Calculator,379.8,6.0,20.0,2278.8,455.76,1823.04,Net Banking,Corporate,No
TXN00025,2024-05-24,S003,Chennai Express,Chennai,Electronics,Laptop,47681.09,6.0,0.0,286086.54,0.0,286086.54,UPI,Loyalty Member,No
TXN00026,2024-11-08,S004,Mumbai Metro Store,Mumbai,Grocery,Spices Pack,97.94,8.0,5.0,783.52,39.18,744.34,Debit Card,Walk-in,No
TXN00027,2024-08-11,S004,Mumbai Metro Store,Mumbai,Clothing,Saree,2410.27,8.0,0.0,19282.16,0.0,19282.16,Net Banking,Loyalty Member,No
TXN00028,2024-08-30,S003,Chennai Express,Chennai,Clothing,Jacket,2078.16,6.0,10.0,12468.96,1246.9,11222.06,Net Banking,Online,No
TXN00029,2024-10-23,S004,Mumbai Metro Store,Mumbai,Grocery,Rice (5kg),358.19,2.0,0.0,716.38,0.0,716.38,Net Banking,Online,No
TXN00030,2024-04-17,S003,Chennai Express,Chennai,Clothing,Saree,2460.84,8.0,15.0,19686.72,2953.01,16733.71,Cash,Corporate,No
TXN00031,2024-04-02,S003,Chennai Express,Chennai,Home Appliances,Microwave,6439.55,4.0,15.0,25758.2,3863.73,21894.47,UPI,Walk-in,No
TXN00032,2024-04-05,S003,Chennai Express,Chennai,Clothing,Saree,2426.8,5.0,10.0,12134.0,1213.4,10920.6,Cash,Corporate,No
TXN00033,2024-11-28,S001,Hyderabad Central,Hyderabad,Home Appliances,Microwave,6436.94,8.0,10.0,51495.52,5149.55,46345.97,UPI,Corporate,No
TXN00034,2024-02-01,S005,Pune Retail Hub,Pune,Grocery,Spices Pack,97.2,2.0,10.0,194.4,19.44,174.96,Net Banking,Loyalty Member,No
TXN00035,2024-06-17,S001,Hyderabad Central,Hyderabad,Home Appliances,Iron Box,906.89,8.0,20.0,7255.12,1451.02,5804.1,Cash,Walk-in,No
TXN00036,2024-06-26,S001,Hyderabad Central,Hyderabad,Stationery,Pen Box,101.8,5.0,10.0,509.0,50.9,458.1,Debit Card,Loyalty Member,No
TXN00037,2024-06-14,S001,Hyderabad Central,Hyderabad,Home Appliances,Microwave,6539.33,2.0,10.0,13078.66,1307.87,11770.79,UPI,Online,Yes
TXN00038,2024-09-25,S004,Mumbai Metro Store,Mumbai,Home Appliances,Mixer Grinder,2775.72,2.0,15.0,5551.44,832.72,4718.72,Credit Card,Loyalty Member,No
TXN00039,2024-11-29,S003,Chennai Express,Chennai,Clothing,Jeans,1235.24,4.0,5.0,4940.96,247.05,4693.91,Net Banking,Walk-in,No
TXN00040,2024-05-26,S002,Banjara Hills Mart,Hyderabad,Home Appliances,Water Purifier,9047.74,1.0,0.0,9047.74,0.0,9047.74,Debit Card,Walk-in,Yes
TXN00041,2024-08-30,S004,Mumbai Metro Store,Mumbai,Stationery,Pen Box,103.85,6.0,10.0,623.1,62.31,560.79,UPI,Online,No
TXN00042,2024-06-14,S002,Banjara Hills Mart,Hyderabad,Home Appliances,Microwave,6820.55,3.0,0.0,20461.65,0.0,20461.65,UPI,Loyalty Member,No
TXN00043,2024-11-15,S004,Mumbai Metro Store,Mumbai,Home Appliances,Water Purifier,9405.8,6.0,20.0,56434.8,11286.96,45147.84,Credit Card,Walk-in,No
TXN00044,2024-08-11,S005,Pune Retail Hub,Pune,Home Appliances,Fan,1520.89,2.0,0.0,3041.78,0.0,3041.78,Net Banking,Online,No
TXN00045,2024-03-28,S005,Pune Retail Hub,Pune,Electronics,Smart Watch,5751.85,7.0,5.0,40262.95,2013.15,38249.8,Credit Card,Walk-in,Yes
TXN00046,2024-03-03,S001,Hyderabad Central,Hyderabad,Grocery,Rice (5kg),346.68,6.0,20.0,2080.08,416.02,1664.06,Debit Card,Corporate,No
TXN00047,2024-10-24,S001,Hyderabad Central,Hyderabad,Home Appliances,Iron Box,885.34,6.0,20.0,5312.04,1062.41,4249.63,Net Banking,Loyalty Member,No
TXN00048,2024-10-28,S001,Hyderabad Central,Hyderabad,Clothing,Jeans,1283.95,5.0,10.0,6419.75,641.98,5777.77,Cash,Walk-in,No
TXN00049,2024-09-20,S005,Pune Retail Hub,Pune,Home Appliances,Water Purifier,9329.16,2.0,5.0,18658.32,932.92,17725.4,Debit Card,Loyalty Member,No
TXN00050,2024-06-29,S004,Mumbai Metro Store,Mumbai,Stationery,Pen Box,101.64,2.0,10.0,203.28,20.33,182.95,Net Banking,Walk-in,No
TXN00051,2024-12-08,S005,Pune Retail Hub,Pune,Clothing,Formal Shirt,935.79,5.0,20.0,4678.95,935.79,3743.16,UPI,Online,No
TXN00052,2024-08-12,S002,Banjara Hills Mart,Hyderabad,Clothing,T-Shirt,617.52,3.0,0.0,1852.56,0.0,1852.56,Debit Card,Loyalty Member,No
TXN00053,2024-07-23,S004,Mumbai Metro Store,Mumbai,Clothing,Formal Shirt,935.84,1.0,20.0,935.84,187.17,748.67,Credit Card,Corporate,No
TXN00054,2024-08-13,S002,Banjara Hills Mart,Hyderabad,Electronics,Earphones,1524.97,5.0,15.0,7624.85,1143.73,6481.12,UPI,Online,No
TXN00055,2024-02-21,S003,Chennai Express,Chennai,Home Appliances,Fan,1528.02,7.0,0.0,10696.14,0.0,10696.14,Credit Card,Corporate,No
TXN00056,2024-02-17,S004,Mumbai Metro Store,Mumbai,Grocery,Rice (5kg),346.2,6.0,5.0,2077.2,103.86,1973.34,Cash,Walk-in,Yes
TXN00057,2024-02-23,S004,Mumbai Metro Store,Mumbai,Home Appliances,Microwave,6822.2,7.0,10.0,47755.4,4775.54,42979.86,Debit Card,Loyalty Member,No
TXN00058,2024-02-19,S004,Mumbai Metro Store,Mumbai,Electronics,Smart Watch,5885.74,6.0,5.0,35314.44,1765.72,33548.72,UPI,Loyalty Member,No
TXN00059,2024-04-06,S004,Mumbai Metro Store,Mumbai,Electronics,Laptop,47234.3,1.0,20.0,47234.3,9446.86,37787.44,Credit Card,Walk-in,No
TXN00060,2024-10-29,S002,Banjara Hills Mart,Hyderabad,Grocery,Pulses,147.77,1.0,20.0,147.77,29.55,118.22,UPI,Corporate,No
TXN00061,2024-03-03,S002,Banjara Hills Mart,Hyderabad,Stationery,Stapler,150.48,7.0,20.0,1053.36,210.67,842.69,Net Banking,Corporate,No
TXN00062,2024-04-15,S003,Chennai Express,Chennai,Clothing,Formal Shirt,872.04,7.0,0.0,6104.28,0.0,6104.28,Net Banking,Corporate,No
TXN00063,2024-11-13,S002,Banjara Hills Mart,Hyderabad,Stationery,Stapler,154.67,7.0,20.0,1082.69,216.54,866.15,Debit Card,Walk-in,No
TXN00064,2024-06-05,S004,Mumbai Metro Store,Mumbai,Electronics,Earphones,1452.81,4.0,10.0,5811.24,581.12,5230.12,Credit Card,Loyalty Member,No
TXN00065,2024-10-07,S005,Pune Retail Hub,Pune,Home Appliances,Iron Box,896.33,3.0,10.0,2688.99,268.9,2420.09,Debit Card,Online,No
TXN00066,2024-02-20,S002,Banjara Hills Mart,Hyderabad,Stationery,Notebook Set,202.93,8.0,5.0,1623.44,81.17,1542.27,Net Banking,Corporate,No
TXN00067,2024-11-23,S004,Mumbai Metro Store,Mumbai,Home Appliances,Microwave,6686.17,1.0,20.0,6686.17,1337.23,5348.94,Net Banking,Walk-in,No
TXN00068,2024-05-10,S005,Pune Retail Hub,Pune,Clothing,Saree,2536.07,2.0,15.0,5072.14,760.82,4311.32,Debit Card,Walk-in,Yes
TXN00069,2024-07-06,S004,Mumbai Metro Store,Mumbai,Stationery,Pen Box,100.26,2.0,5.0,200.52,10.03,190.49,Credit Card,Loyalty Member,No
TXN00070,2024-06-01,S001,Hyderabad Central,Hyderabad,Clothing,Jacket,1930.75,5.0,15.0,9653.75,1448.06,8205.69,UPI,Loyalty Member,No
TXN00071,2024-06-01,S002,Banjara Hills Mart,Hyderabad,Grocery,Flour (10kg),291.15,4.0,10.0,1164.6,116.46,1048.14,Net Banking,Online,No
TXN00072,2024-02-10,S002,Banjara Hills Mart,Hyderabad,Clothing,Formal Shirt,895.79,8.0,20.0,7166.32,1433.26,5733.06,UPI,Online,No
TXN00073,2024-10-04,S001,Hyderabad Central,Hyderabad,Stationery,Pen Box,95.79,3.0,10.0,287.37,28.74,258.63,Credit Card,Corporate,No
TXN00074,2024-11-06,S002,Banjara Hills Mart,Hyderabad,Stationery,Calculator,384.76,3.0,5.0,1154.28,57.71,1096.57,Cash,Corporate,No
TXN00075,2024-04-19,S001,Hyderabad Central,Hyderabad,Home Appliances,Mixer Grinder,2669.41,4.0,20.0,10677.64,2135.53,8542.11,Net Banking,Online,No
TXN00076,2024-01-26,S003,Chennai Express,Chennai,Clothing,Saree,2485.74,2.0,0.0,4971.48,0.0,4971.48,Debit Card,Loyalty Member,No
TXN00077,2024-03-11,S003,Chennai Express,Chennai,Electronics,Mobile Phone,10483.96,1.0,15.0,10483.96,1572.59,8911.37,Debit Card,Loyalty Member,No
TXN00078,2024-09-21,S005,Pune Retail Hub,Pune,Home Appliances,Microwave,6589.61,5.0,20.0,32948.05,6589.61,26358.44,Cash,Walk-in,No
TXN00079,2024-04-06,S005,Pune Retail Hub,Pune,Electronics,Mobile Phone,9871.68,2.0,10.0,19743.36,1974.34,17769.02,Cash,Corporate,No
TXN00080,2024-11-08,S002,Banjara Hills Mart,Hyderabad,Stationery,Stapler,144.2,6.0,0.0,865.2,0.0,865.2,Debit Card,Walk-in,Yes
TXN00081,2024-01-24,S001,Hyderabad Central,Hyderabad,Grocery,Cooking Oil,186.38,6.0,5.0,1118.28,55.91,1062.37,Cash,Walk-in,No
TXN00082,2024-12-22,S004,Mumbai Metro Store,Mumbai,Stationery,File Folder,81.97,6.0,5.0,491.82,24.59,467.23,UPI,Corporate,No
TXN00083,2024-01-29,S001,Hyderabad Central,Hyderabad,Clothing,Saree,2487.21,5.0,5.0,12436.05,621.8,11814.25,Debit Card,Online,No
TXN00084,2024-04-27,S004,Mumbai Metro Store,Mumbai,Clothing,T-Shirt,603.25,5.0,15.0,3016.25,452.44,2563.81,Debit Card,Corporate,No
TXN00085,2024-08-03,S003,Chennai Express,Chennai,Grocery,Spices Pack,95.32,6.0,20.0,571.92,114.38,457.54,Debit Card,Online,Yes
TXN00086,2024-08-13,S005,Pune Retail Hub,Pune,Stationery,File Folder,76.27,4.0,20.0,305.08,61.02,244.06,Debit Card,Online,No
TXN00087,2024-08-10,S001,Hyderabad Central,Hyderabad,Clothing,Jeans,1328.13,2.0,20.0,2656.26,531.25,2125.01,UPI,Corporate,No
TXN00088,2024-07-29,S001,Hyderabad Central,Hyderabad,Stationery,Pen Box,98.62,5.0,0.0,493.1,0.0,493.1,Credit Card,Loyalty Member,No
TXN00089,2024-11-22,S003,Chennai Express,Chennai,Clothing,Jacket,1941.99,4.0,10.0,7767.96,776.8,6991.16,UPI,Corporate,No
TXN00090,2024-03-09,S005,Pune Retail Hub,Pune,Grocery,Rice (5kg),354.11,8.0,10.0,2832.88,283.29,2549.59,Credit Card,Corporate,No
TXN00091,2024-10-09,S004,Mumbai Metro Store,Mumbai,Electronics,Smart Watch,6084.93,6.0,5.0,36509.58,1825.48,34684.1,Cash,Loyalty Member,No
TXN00092,2024-09-15,S003,Chennai Express,Chennai,Electronics,Laptop,44424.55,8.0,0.0,355396.4,0.0,355396.4,UPI,Loyalty Member,No
TXN00093,2024-05-01,S004,Mumbai Metro Store,Mumbai,Clothing,Jeans,1234.94,2.0,10.0,2469.88,246.99,2222.89,Debit Card,Online,Yes
TXN00094,2024-07-06,S003,Chennai Express,Chennai,Home Appliances,Iron Box,924.57,1.0,20.0,924.57,184.91,739.66,Debit Card,Walk-in,No
TXN00095,2024-08-02,S003,Chennai Express,Chennai,Grocery,Cooking Oil,193.58,4.0,20.0,774.32,154.86,619.46,Credit Card,Loyalty Member,No
TXN00096,2024-05-06,S003,Chennai Express,Chennai,Electronics,Tablet,18797.83,3.0,10.0,56393.49,5639.35,50754.14,UPI,Loyalty Member,No
TXN00097,2024-05-25,S005,Pune Retail Hub,Pune,Electronics,Tablet,19278.32,2.0,15.0,38556.64,5783.5,32773.14,Cash,Online,No
TXN00098,2024-08-05,S001,Hyderabad Central,Hyderabad,Electronics,Smart Watch,6054.27,8.0,10.0,48434.16,4843.42,43590.74,UPI,Online,No
TXN00099,2024-11-24,S004,Mumbai Metro Store,Mumbai,Home Appliances,Iron Box,876.8,7.0,5.0,6137.6,306.88,5830.72,Net Banking,Loyalty Member,No
TXN00100,2024-03-02,S001,Hyderabad Central,Hyderabad,Clothing,T-Shirt,611.63,8.0,10.0,4893.04,489.3,4403.74,Credit Card,Online,Yes
TXN00101,2024-07-27,S002,Banjara Hills Mart,Hyderabad,Home Appliances,Microwave,6290.9,7.0,5.0,44036.3,2201.82,41834.48,Credit Card,Loyalty Member,Yes
TXN00102,2024-12-15,S003,Chennai Express,Chennai,Clothing,T-Shirt,577.03,8.0,5.0,4616.24,230.81,4385.43,Net Banking,Loyalty Member,No
TXN00103,2024-10-21,S001,Hyderabad Central,Hyderabad,Clothing,Saree,2534.59,4.0,10.0,10138.36,1013.84,9124.52,Debit Card,Corporate,No
TXN00104,2024-08-15,S005,Pune Retail Hub,Pune,Stationery,File Folder,76.57,4.0,0.0,306.28,0.0,306.28,Cash,Loyalty Member,No
TXN00105,2024-08-09,S005,Pune Retail Hub,Pune,Clothing,T-Shirt,582.1,1.0,0.0,582.1,0.0,582.1,UPI,Corporate,No
TXN00106,2024-05-13,S004,Mumbai Metro Store,Mumbai,Stationery,Pen Box,100.95,2.0,0.0,201.9,0.0,201.9,Net Banking,Loyalty Member,No
TXN00107,2024-10-30,S004,Mumbai Metro Store,Mumbai,Stationery,Stapler,143.8,7.0,15.0,1006.6,150.99,855.61,Cash,Corporate,No
TXN00108,2024-09-18,S002,Banjara Hills Mart,Hyderabad,Home Appliances,Water Purifier,8880.67,7.0,15.0,62164.69,9324.7,52839.99,Debit Card,Corporate,No
TXN00109,2024-05-02,S002,Banjara Hills Mart,Hyderabad,Stationery,Notebook Set,205.41,8.0,10.0,1643.28,164.33,1478.95,Debit Card,Walk-in,No
TXN00110,2024-08-13,S003,Chennai Express,Chennai,Stationery,Stapler,152.49,7.0,10.0,1067.43,106.74,960.69,UPI,Loyalty Member,No
TXN00111,2024-01-03,S001,Hyderabad Central,Hyderabad,Stationery,Stapler,143.23,7.0,5.0,1002.61,50.13,952.48,UPI,Online,No
TXN00112,2024-12-20,S001,Hyderabad Central,Hyderabad,Stationery,Stapler,152.46,6.0,5.0,914.76,45.74,869.02,Net Banking,Loyalty Member,No
TXN00113,2024-01-05,S005,Pune Retail Hub,Pune,Electronics,Mobile Phone,10360.98,4.0,5.0,41443.92,2072.2,39371.72,Debit Card,Loyalty Member,Yes
TXN00114,2024-09-25,S005,Pune Retail Hub,Pune,Home Appliances,Microwave,6480.15,8.0,10.0,51841.2,5184.12,46657.08,Net Banking,Corporate,No
TXN00115,2024-11-10,S004,Mumbai Metro Store,Mumbai,Stationery,File Folder,77.99,4.0,15.0,311.96,46.79,265.17,Cash,Walk-in,No
TXN00116,2024-01-24,S002,Banjara Hills Mart,Hyderabad,Stationery,Calculator,385.67,8.0,10.0,3085.36,308.54,2776.82,UPI,Online,No
TXN00117,2024-03-03,S003,Chennai Express,Chennai,Home Appliances,Mixer Grinder,2853.92,7.0,0.0,19977.44,0.0,19977.44,Debit Card,Online,No
TXN00118,2024-06-14,S003,Chennai Express,Chennai,Grocery,Pulses,150.5,6.0,5.0,903.0,45.15,857.85,Debit Card,Loyalty Member,No
TXN00119,2024-06-06,S003,Chennai Express,Chennai,Home Appliances,Mixer Grinder,2826.09,6.0,0.0,16956.54,0.0,16956.54,Credit Card,Online,No
TXN00120,2024-06-09,S001,Hyderabad Central,Hyderabad,Grocery,Spices Pack,95.58,2.0,20.0,191.16,38.23,152.93,UPI,Corporate,No
TXN00121,2024-08-30,S001,Hyderabad Central,Hyderabad,Grocery,Spices Pack,96.18,2.0,15.0,192.36,28.85,163.51,Cash,Corporate,No
TXN00122,2024-07-10,S002,Banjara Hills Mart,Hyderabad,Home Appliances,Water Purifier,8882.31,8.0,15.0,71058.48,10658.77,60399.71,UPI,Corporate,No
TXN00123,2024-12-21,S003,Chennai Express,Chennai,Stationery,Pen Box,96.7,8.0,0.0,773.6,0.0,773.6,Cash,Online,No
TXN00124,2024-07-04,S001,Hyderabad Central,Hyderabad,Electronics,Earphones,1491.3,1.0,15.0,1491.3,223.69,1267.61,Credit Card,Walk-in,No
TXN00125,2024-03-10,S003,Chennai Express,Chennai,Grocery,Spices Pack,99.06,5.0,0.0,495.3,0.0,495.3,UPI,Loyalty Member,No
TXN00126,2024-10-25,S001,Hyderabad Central,Hyderabad,Electronics,Earphones,1485.82,8.0,5.0,11886.56,594.33,11292.23,Debit Card,Online,No
TXN00127,2024-07-06,S001,Hyderabad Central,Hyderabad,Stationery,File Folder,82.53,8.0,0.0,660.24,0.0,660.24,Credit Card,Loyalty Member,No
TXN00128,2024-02-25,S005,Pune Retail Hub,Pune,Grocery,Rice (5kg),344.5,3.0,15.0,1033.5,155.03,878.47,Net Banking,Loyalty Member,No
TXN00129,2024-01-12,S001,Hyderabad Central,Hyderabad,Electronics,Laptop,44609.52,4.0,0.0,178438.08,0.0,178438.08,Credit Card,Corporate,No
TXN00130,2024-11-02,S004,Mumbai Metro Store,Mumbai,Grocery,Pulses,152.24,1.0,5.0,152.24,7.61,144.63,Credit Card,Online,No
TXN00131,2024-02-22,S001,Hyderabad Central,Hyderabad,Stationery,Calculator,385.45,7.0,0.0,2698.15,0.0,2698.15,Net Banking,Corporate,No
TXN00132,2024-11-01,S002,Banjara Hills Mart,Hyderabad,Clothing,Jeans,1348.27,5.0,10.0,6741.35,674.13,6067.22,Cash,Corporate,No
TXN00133,2024-02-07,S003,Chennai Express,Chennai,Stationery,Calculator,386.81,8.0,10.0,3094.48,309.45,2785.03,Credit Card,Corporate,Yes
TXN00134,2024-06-20,S003,Chennai Express,Chennai,Stationery,Stapler,147.32,7.0,0.0,1031.24,0.0,1031.24,Debit Card,Walk-in,No
TXN00135,2024-05-24,S001,Hyderabad Central,Hyderabad,Home Appliances,Water Purifier,8972.44,3.0,0.0,26917.32,0.0,26917.32,Credit Card,Corporate,No
TXN00136,2024-01-29,S004,Mumbai Metro Store,Mumbai,Electronics,Tablet,18532.93,8.0,0.0,148263.44,0.0,148263.44,UPI,Corporate,No
TXN00137,2024-03-10,S005,Pune Retail Hub,Pune,Home Appliances,Iron Box,926.01,5.0,0.0,4630.05,0.0,4630.05,UPI,Online,No
TXN00138,2024-06-08,S004,Mumbai Metro Store,Mumbai,Electronics,Mobile Phone,9912.3,6.0,20.0,59473.8,11894.76,47579.04,Credit Card,Loyalty Member,No
TXN00139,2024-07-12,S003,Chennai Express,Chennai,Electronics,Earphones,1465.11,7.0,10.0,10255.77,1025.58,9230.19,Debit Card,Loyalty Member,No
TXN00140,2024-12-20,S001,Hyderabad Central,Hyderabad,Grocery,Flour (10kg),301.51,1.0,20.0,301.51,60.3,241.21,UPI,Online,No
TXN00141,2024-05-26,S001,Hyderabad Central,Hyderabad,Clothing,Jacket,1969.03,2.0,0.0,3938.06,0.0,3938.06,Debit Card,Online,No
TXN00142,,S004,Mumbai Metro Store,Mumbai,Home Appliances,Microwave,6686.82,3.0,101.0,,,,UPI,Walk-in,No
TXN00143,2024-12-30,S001,Hyderabad Central,Hyderabad,Home Appliances,Microwave,6254.36,3.0,5.0,18763.08,938.15,17824.93,Net Banking,Walk-in,No
TXN00144,2024-01-04,S005,Pune Retail Hub,Pune,Grocery,Pulses,148.39,8.0,10.0,1187.12,118.71,1068.41,UPI,Loyalty Member,No
TXN00145,2024-08-05,S003,Chennai Express,Chennai,Home Appliances,Mixer Grinder,2801.23,1.0,20.0,2801.23,560.25,2240.98,Debit Card,Loyalty Member,No
TXN00146,2024-01-21,S001,Hyderabad Central,Hyderabad,Stationery,Stapler,148.94,7.0,10.0,1042.58,104.26,938.32,Debit Card,Online,No
TXN00147,2024-08-28,S003,Chennai Express,Chennai,Home Appliances,Microwave,6574.19,8.0,20.0,52593.52,10518.7,42074.82,Cash,Loyalty Member,No
TXN00148,2024-07-17,S003,Chennai Express,Chennai,Grocery,Pulses,147.37,5.0,20.0,736.85,147.37,589.48,Net Banking,Walk-in,Yes
TXN00149,2024-09-06,S001,Hyderabad Central,Hyderabad,Stationery,Pen Box,94.46,7.0,20.0,661.22,132.24,528.98,Net Banking,Walk-in,No
TXN00150,2024-01-19,S001,Hyderabad Central,Hyderabad,Electronics,Laptop,45327.88,3.0,5.0,135983.64,6799.18,129184.46,Cash,Online,No
TXN00151,2024-01-28,S002,Banjara Hills Mart,Hyderabad,Stationery,Calculator,404.71,6.0,15.0,2428.26,364.24,2064.02,Debit Card,Corporate,No
TXN00152,2024-07-08,S002,Banjara Hills Mart,Hyderabad,Home Appliances,Iron Box,930.87,4.0,0.0,3723.48,0.0,3723.48,Cash,Loyalty Member,Yes
TXN00153,2024-12-06,S002,Banjara Hills Mart,Hyderabad,Grocery,Spices Pack,95.32,1.0,5.0,95.32,4.77,90.55,Cash,Corporate,No
TXN00154,2024-09-19,S003,Chennai Express,Chennai,Home Appliances,Fan,1676.17,5.0,5.0,8380.85,419.04,7961.81,Debit Card,Loyalty Member,No
TXN00155,2024-11-28,S005,Pune Retail Hub,Pune,Stationery,File Folder,81.57,6.0,0.0,489.42,0.0,489.42,Net Banking,Corporate,No
TXN00156,2024-06-23,S005,Pune Retail Hub,Pune,Stationery,File Folder,80.44,8.0,10.0,643.52,64.35,579.17,Credit Card,Walk-in,No
TXN00157,2024-12-28,S005,Pune Retail Hub,Pune,Electronics,Tablet,18539.68,7.0,5.0,129777.76,6488.89,123288.87,Net Banking,Online,No
TXN00158,2024-06-29,S002,Banjara Hills Mart,Hyderabad,Clothing,Jeans,1329.01,1.0,10.0,1329.01,132.9,1196.11,Debit Card,Online,No
TXN00159,2024-05-28,S003,Chennai Express,Chennai,Home Appliances,Iron Box,878.7,1.0,5.0,878.7,43.94,834.76,Debit Card,Online,No
TXN00160,2024-05-06,S003,Chennai Express,Chennai,Home Appliances,Fan,1620.05,8.0,20.0,12960.4,2592.08,10368.32,Net Banking,Walk-in,No
TXN00161,2024-01-06,S002,Banjara Hills Mart,Hyderabad,Clothing,T-Shirt,590.67,4.0,5.0,2362.68,118.13,2244.55,Cash,Online,No
TXN00162,2024-12-04,S002,Banjara Hills Mart,Hyderabad,Grocery,Rice (5kg),345.07,3.0,10.0,1035.21,103.52,931.69,UPI,Loyalty Member,No
TXN00163,2024-11-20,S004,Mumbai Metro Store,Mumbai,Clothing,Formal Shirt,875.1,6.0,20.0,5250.6,1050.12,4200.48,Debit Card,Corporate,No
TXN00164,2024-10-17,S002,Banjara Hills Mart,Hyderabad,Grocery,Cooking Oil,185.73,1.0,15.0,185.73,27.86,157.87,Debit Card,Online,No
TXN00165,2024-04-06,S001,Hyderabad Central,Hyderabad,Clothing,Jeans,1279.29,1.0,15.0,1279.29,191.89,1087.4,Debit Card,Online,No
TXN00166,2024-08-07,S003,Chennai Express,Chennai,Home Appliances,Water Purifier,9429.6,7.0,15.0,66007.2,9901.08,56106.12,Debit Card,Online,Yes
TXN00167,2024-08-01,S002,Banjara Hills Mart,Hyderabad,Home Appliances,Iron Box,855.22,1.0,5.0,855.22,42.76,812.46,Debit Card,Loyalty Member,No
TXN00168,2024-04-13,S001,Hyderabad Central,Hyderabad,Stationery,Pen Box,96.47,2.0,15.0,192.94,28.94,164.0,Net Banking,Corporate,No
TXN00169,2024-08-26,S001,Hyderabad Central,Hyderabad,Home Appliances,Iron Box,897.94,3.0,5.0,2693.82,134.69,2559.13,Cash,Walk-in,No
TXN00170,2024-08-26,S004,Mumbai Metro Store,Mumbai,Grocery,Pulses,152.18,6.0,5.0,913.08,45.65,867.43,Cash,Corporate,No
TXN00171,2024-01-05,S004,Mumbai Metro Store,Mumbai,Clothing,T-Shirt,590.86,6.0,15.0,3545.16,531.77,3013.39,UPI,Corporate,No
TXN00172,2024-09-15,S004,Mumbai Metro Store,Mumbai,Stationery,Calculator,408.81,7.0,0.0,2861.67,0.0,2861.67,Credit Card,Online,No
TXN00173,2024-10-25,S003,Chennai Express,Chennai,Electronics,Smart Watch,5926.46,4.0,20.0,23705.84,4741.17,18964.67,Credit Card,Corporate,No
TXN00174,2024-11-05,S005,Pune Retail Hub,Pune,Stationery,Calculator,394.38,3.0,20.0,1183.14,236.63,946.51,Net Banking,Walk-in,No
TXN00175,2024-09-01,S005,Pune Retail Hub,Pune,Clothing,Jacket,1995.68,5.0,15.0,9978.4,1496.76,8481.64,UPI,Loyalty Member,No
TXN00176,2024-04-14,S001,Hyderabad Central,Hyderabad,Clothing,Jeans,1361.06,5.0,20.0,6805.3,1361.06,5444.24,Debit Card,Walk-in,No
TXN00177,2024-05-22,S002,Banjara Hills Mart,Hyderabad,Clothing,Saree,2417.16,7.0,0.0,16920.12,0.0,16920.12,Cash,Corporate,No
TXN00178,2024-03-13,S003,Chennai Express,Chennai,Home Appliances,Mixer Grinder,2773.92,7.0,0.0,19417.44,0.0,19417.44,UPI,Online,No
TXN00179,2024-08-01,S004,Mumbai Metro Store,Mumbai,Stationery,File Folder,82.93,6.0,5.0,497.58,24.88,472.7,Credit Card,Corporate,No
TXN00180,2024-02-18,S004,Mumbai Metro Store,Mumbai,Clothing,Formal Shirt,913.82,8.0,0.0,7310.56,0.0,7310.56,Net Banking,Corporate,No
TXN00181,2024-11-02,S003,Chennai Express,Chennai,Clothing,T-Shirt,601.66,5.0,10.0,3008.3,300.83,2707.47,UPI,Walk-in,No
TXN00182,2024-05-24,S003,Chennai Express,Chennai,Home Appliances,Iron Box,943.37,7.0,0.0,6603.59,0.0,6603.59,Net Banking,Online,No
TXN00183,2024-03-07,S004,Mumbai Metro Store,Mumbai,Home Appliances,Iron Box,901.51,8.0,15.0,7212.08,1081.81,6130.27,UPI,Loyalty Member,No
TXN00184,2024-02-05,S003,Chennai Express,Chennai,Stationery,File Folder,76.11,2.0,20.0,152.22,30.44,121.78,Credit Card,Online,No
TXN00185,2024-01-20,S002,Banjara Hills Mart,Hyderabad,Home Appliances,Mixer Grinder,2667.25,2.0,10.0,5334.5,533.45,4801.05,Debit Card,Loyalty Member,No
TXN00186,2024-01-29,S004,Mumbai Metro Store,Mumbai,Grocery,Rice (5kg),335.64,6.0,10.0,2013.84,201.38,1812.46,Credit Card,Online,No
TXN00187,2024-11-08,S001,Hyderabad Central,Hyderabad,Electronics,Earphones,1541.9,2.0,20.0,3083.8,616.76,2467.04,Net Banking,Loyalty Member,No
TXN00188,2024-03-07,S001,Hyderabad Central,Hyderabad,Electronics,Smart Watch,6091.7,5.0,15.0,30458.5,4568.77,25889.73,Debit Card,Corporate,No
TXN00189,2024-04-04,S002,Banjara Hills Mart,Hyderabad,Electronics,Tablet,18892.2,7.0,5.0,132245.4,6612.27,125633.13,UPI,Corporate,No
TXN00190,2024-08-09,S002,Banjara Hills Mart,Hyderabad,Clothing,Jacket,2002.93,6.0,0.0,12017.58,0.0,12017.58,Net Banking,Walk-in,No
TXN00191,2024-05-25,S002,Banjara Hills Mart,Hyderabad,Clothing,Jeans,1363.75,8.0,5.0,10910.0,545.5,10364.5,Cash,Online,No
TXN00192,2024-08-09,S001,Hyderabad Central,Hyderabad,Grocery,Rice (5kg),351.45,7.0,0.0,2460.15,0.0,2460.15,UPI,Corporate,No
TXN00193,2024-06-22,S001,Hyderabad Central,Hyderabad,Home Appliances,Microwave,6239.36,6.0,0.0,37436.16,0.0,37436.16,UPI,Online,No
TXN00194,2024-11-18,S004,Mumbai Metro Store,Mumbai,Home Appliances,Iron Box,935.3,7.0,20.0,6547.1,1309.42,5237.68,Cash,Online,No
TXN00195,2024-10-07,S004,Mumbai Metro Store,Mumbai,Grocery,Spices Pack,95.97,5.0,5.0,479.85,23.99,455.86,Cash,Corporate,No
TXN00196,2024-02-13,S003,Chennai Express,Chennai,Home Appliances,Microwave,6762.99,6.0,15.0,40577.94,6086.69,34491.25,Net Banking,Corporate,No
TXN00197,2024-05-07,S003,Chennai Express,Chennai,Home Appliances,Water Purifier,8600.71,8.0,5.0,68805.68,3440.28,65365.4,UPI,Loyalty Member,No
TXN00198,2024-08-02,S005,Pune Retail Hub,Pune,Clothing,Jacket,2018.72,7.0,20.0,14131.04,2826.21,11304.83,Cash,Walk-in,No
TXN00199,2024-11-21,S002,Banjara Hills Mart,Hyderabad,Clothing,T-Shirt,610.49,5.0,15.0,3052.45,457.87,2594.58,Cash,Loyalty Member,No
TXN00200,2024-08-29,S003,Chennai Express,Chennai,Home Appliances,Iron Box,930.8,2.0,0.0,1861.6,0.0,1861.6,UPI,Online,No
TXN00201,2024-08-05,S003,Chennai Express,Chennai,Stationery,Pen Box,97.43,5.0,15.0,487.15,73.07,414.08,UPI,Online,No
TXN00202,2024-11-08,S005,Pune Retail Hub,Pune,Home Appliances,Microwave,6265.55,2.0,0.0,12531.1,0.0,12531.1,UPI,Online,No
TXN00203,2024-04-18,S005,Pune Retail Hub,Pune,Stationery,Stapler,152.95,6.0,15.0,917.7,137.66,780.04,Debit Card,Walk-in,No
TXN00204,2024-07-06,S003,Chennai Express,Chennai,Electronics,Mobile Phone,10155.01,1.0,10.0,10155.01,1015.5,9139.51,Net Banking,Online,No
TXN00205,2024-12-27,S002,Banjara Hills Mart,Hyderabad,Clothing,Formal Shirt,880.24,1.0,20.0,880.24,176.05,704.19,Cash,Walk-in,Yes
TXN00206,2024-01-15,S003,Chennai Express,Chennai,Electronics,Laptop,47382.26,4.0,0.0,189529.04,0.0,189529.04,Credit Card,Walk-in,No
TXN00207,2024-01-28,S003,Chennai Express,Chennai,Stationery,File Folder,79.38,1.0,20.0,79.38,15.88,63.5,Cash,Loyalty Member,No
TXN00208,2024-03-22,S002,Banjara Hills Mart,Hyderabad,Grocery,Rice (5kg),335.44,6.0,0.0,2012.64,0.0,2012.64,Debit Card,Loyalty Member,No
TXN00209,2024-07-02,S001,Hyderabad Central,Hyderabad,Stationery,File Folder,77.65,6.0,20.0,465.9,93.18,372.72,Debit Card,Corporate,No
TXN00210,2024-04-20,S002,Banjara Hills Mart,Hyderabad,Clothing,T-Shirt,588.8,2.0,10.0,1177.6,117.76,1059.84,Credit Card,Loyalty Member,No
TXN00211,2024-10-29,S002,Banjara Hills Mart,Hyderabad,Home Appliances,Water Purifier,8561.66,5.0,5.0,42808.3,2140.41,40667.89,Net Banking,Online,No
TXN00212,2024-05-28,S005,Pune Retail Hub,Pune,Grocery,Spices Pack,97.64,4.0,0.0,390.56,0.0,390.56,Debit Card,Online,No
TXN00213,2024-01-11,S002,Banjara Hills Mart,Hyderabad,Electronics,Laptop,44026.73,4.0,0.0,176106.92,0.0,176106.92,UPI,Walk-in,No
TXN00214,2024-08-06,S003,Chennai Express,Chennai,Electronics,Laptop,46744.17,3.0,20.0,140232.51,28046.5,112186.01,Credit Card,Corporate,No
TXN00215,2024-07-23,S005,Pune Retail Hub,Pune,Electronics,Tablet,18378.66,1.0,20.0,18378.66,3675.73,14702.93,Credit Card,Corporate,No
TXN00216,2024-11-09,S002,Banjara Hills Mart,Hyderabad,Clothing,Saree,2422.87,7.0,5.0,16960.09,848.0,16112.09,Net Banking,Walk-in,No
TXN00217,2024-09-10,S004,Mumbai Metro Store,Mumbai,Stationery,Calculator,392.81,5.0,20.0,1964.05,392.81,1571.24,Credit Card,Corporate,No
TXN00218,2024-08-07,S005,Pune Retail Hub,Pune,Grocery,Pulses,148.06,8.0,15.0,1184.48,177.67,1006.81,Net Banking,Online,No
TXN00219,2024-01-18,S002,Banjara Hills Mart,Hyderabad,Home Appliances,Fan,1631.95,6.0,10.0,9791.7,979.17,8812.53,Credit Card,Walk-in,No
TXN00220,2024-05-02,S001,Hyderabad Central,Hyderabad,Stationery,Notebook Set,194.44,2.0,0.0,388.88,0.0,388.88,Net Banking,Loyalty Member,No
TXN00221,2024-06-04,S005,Pune Retail Hub,Pune,Grocery,Rice (5kg),361.26,1.0,5.0,361.26,18.06,343.2,Net Banking,Online,No
TXN00222,2024-03-26,S002,Banjara Hills Mart,Hyderabad,Grocery,Pulses,153.43,7.0,20.0,1074.01,214.8,859.21,Credit Card,Loyalty Member,No
TXN00223,2024-03-13,S005,Pune Retail Hub,Pune,Home Appliances,Microwave,6803.41,3.0,10.0,20410.23,2041.02,18369.21,UPI,Loyalty Member,No
TXN00224,2024-02-10,S003,Chennai Express,Chennai,Clothing,Jeans,1331.03,5.0,5.0,6655.15,332.76,6322.39,Debit Card,Corporate,No
TXN00225,2024-03-15,S005,Pune Retail Hub,Pune,Stationery,Calculator,402.78,6.0,5.0,2416.68,120.83,2295.85,Cash,Loyalty Member,No
TXN00226,2024-03-06,S004,Mumbai Metro Store,Mumbai,Electronics,Laptop,47812.68,3.0,0.0,143438.04,0.0,143438.04,Credit Card,Loyalty Member,Yes
TXN00227,2024-04-20,S003,Chennai Express,Chennai,Electronics,Tablet,18817.47,8.0,0.0,150539.76,0.0,150539.76,Credit Card,Online,No
TXN00228,2024-09-19,S004,Mumbai Metro Store,Mumbai,Clothing,Jeans,1250.0,3.0,10.0,3750.0,375.0,3375.0,Debit Card,Online,No
TXN00229,2024-03-06,S004,Mumbai Metro Store,Mumbai,Stationery,Notebook Set,190.96,4.0,5.0,763.84,38.19,725.65,Net Banking,Corporate,No
TXN00230,2024-10-11,S001,Hyderabad Central,Hyderabad,Clothing,Saree,2517.93,1.0,10.0,2517.93,251.79,2266.14,Credit Card,Online,No
TXN00231,2024-02-26,S003,Chennai Express,Chennai,Home Appliances,Fan,1610.81,1.0,15.0,1610.81,241.62,1369.19,Debit Card,Walk-in,No
TXN00232,2024-12-18,S003,Chennai Express,Chennai,Grocery,Rice (5kg),340.24,4.0,10.0,1360.96,136.1,1224.86,Credit Card,Online,Yes
TXN00233,2024-04-06,S003,Chennai Express,Chennai,Electronics,Earphones,1572.25,8.0,20.0,12578.0,2515.6,10062.4,Net Banking,Corporate,No
TXN00234,2024-04-10,S002,Banjara Hills Mart,Hyderabad,Clothing,T-Shirt,624.73,2.0,5.0,1249.46,62.47,1186.99,Cash,Corporate,No
TXN00235,2024-12-27,S002,Banjara Hills Mart,Hyderabad,Grocery,Pulses,149.74,2.0,20.0,299.48,59.9,239.58,Cash,Loyalty Member,No
TXN00236,2024-02-06,S002,Banjara Hills Mart,Hyderabad,Clothing,T-Shirt,599.71,5.0,20.0,2998.55,599.71,2398.84,Net Banking,Loyalty Member,No
TXN00237,2024-05-15,S005,Pune Retail Hub,Pune,Clothing,Jeans,1272.41,7.0,5.0,8906.87,445.34,8461.53,Net Banking,Walk-in,No
TXN00238,2024-08-13,S005,Pune Retail Hub,Pune,Stationery,Calculator,391.04,8.0,15.0,3128.32,469.25,2659.07,Debit Card,Online,No
TXN00239,,S001,Hyderabad Central,Hyderabad,Electronics,Laptop,43704.67,8.0,-5.0,,,,Net Banking,Loyalty Member,No
TXN00240,2024-04-10,S003,Chennai Express,Chennai,Electronics,Smart Watch,5771.71,3.0,15.0,17315.13,2597.27,14717.86,Cash,Online,No
TXN00241,2024-07-14,S003,Chennai Express,Chennai,Electronics,Laptop,48005.9,5.0,20.0,240029.5,48005.9,192023.6,UPI,Online,No
TXN00242,2024-04-21,S005,Pune Retail Hub,Pune,Stationery,Pen Box,94.6,7.0,20.0,662.2,132.44,529.76,Net Banking,Online,No
TXN00243,2024-03-27,S001,Hyderabad Central,Hyderabad,Home Appliances,Microwave,6634.36,2.0,20.0,13268.72,2653.74,10614.98,Net Banking,Walk-in,No
TXN00244,2024-11-02,S002,Banjara Hills Mart,Hyderabad,Electronics,Mobile Phone,10060.43,3.0,15.0,30181.29,4527.19,25654.1,UPI,Corporate,No
TXN00245,2024-10-27,S005,Pune Retail Hub,Pune,Stationery,File Folder,77.62,1.0,15.0,77.62,11.64,65.98,Net Banking,Walk-in,No
TXN00246,2024-04-13,S002,Banjara Hills Mart,Hyderabad,Clothing,Jeans,1317.98,3.0,5.0,3953.94,197.7,3756.24,UPI,Walk-in,No
TXN00247,2024-09-17,S003,Chennai Express,Chennai,Clothing,T-Shirt,584.95,7.0,0.0,4094.65,0.0,4094.65,Debit Card,Walk-in,No
TXN00248,2024-06-01,S002,Banjara Hills Mart,Hyderabad,Clothing,Jeans,1271.78,6.0,15.0,7630.68,1144.6,6486.08,UPI,Walk-in,No
TXN00249,2024-01-29,S002,Banjara Hills Mart,Hyderabad,Clothing,T-Shirt,580.2,4.0,20.0,2320.8,464.16,1856.64,Cash,Online,No
TXN00250,2024-09-16,S005,Pune Retail Hub,Pune,Clothing,Formal Shirt,886.03,8.0,10.0,7088.24,708.82,6379.42,Net Banking,Loyalty Member,No
TXN00251,2024-08-26,S001,Hyderabad Central,Hyderabad,Grocery,Spices Pack,95.14,8.0,15.0,761.12,114.17,646.95,Net Banking,Corporate,No
TXN00252,2024-08-19,S003,Chennai Express,Chennai,Clothing,Formal Shirt,917.68,3.0,20.0,2753.04,550.61,2202.43,Net Banking,Loyalty Member,No
TXN00253,2024-07-28,S003,Chennai Express,Chennai,Home Appliances,Fan,1525.3,7.0,10.0,10677.1,1067.71,9609.39,Debit Card,Corporate,No
TXN00254,2024-06-02,S002,Banjara Hills Mart,Hyderabad,Clothing,Jeans,1256.82,7.0,10.0,8797.74,879.77,7917.97,Credit Card,Loyalty Member,Yes
TXN00255,2024-12-08,S005,Pune Retail Hub,Pune,Home Appliances,Iron Box,923.61,2.0,10.0,1847.22,184.72,1662.5,Credit Card,Online,Yes
TXN00256,2024-10-16,S005,Pune Retail Hub,Pune,Clothing,Jacket,2069.61,4.0,10.0,8278.44,827.84,7450.6,UPI,Corporate,Yes
TXN00257,2024-08-27,S004,Mumbai Metro Store,Mumbai,Stationery,File Folder,80.47,2.0,20.0,160.94,32.19,128.75,Cash,Corporate,No
TXN00258,2024-12-19,S005,Pune Retail Hub,Pune,Stationery,Calculator,394.43,7.0,5.0,2761.01,138.05,2622.96,UPI,Loyalty Member,No
TXN00259,2024-12-18,S005,Pune Retail Hub,Pune,Electronics,Laptop,48142.11,1.0,0.0,48142.11,0.0,48142.11,Credit Card,Walk-in,No
TXN00260,2024-06-09,S001,Hyderabad Central,Hyderabad,Stationery,Pen Box,99.73,1.0,5.0,99.73,4.99,94.74,Debit Card,Corporate,No
TXN00261,2024-06-26,S001,Hyderabad Central,Hyderabad,Stationery,Pen Box,101.52,6.0,10.0,609.12,60.91,548.21,Debit Card,Online,No
TXN00262,2024-08-15,S005,Pune Retail Hub,Pune,Electronics,Tablet,19138.54,1.0,20.0,19138.54,3827.71,15310.83,UPI,Loyalty Member,No
TXN00263,2024-11-02,S004,Mumbai Metro Store,Mumbai,Clothing,Jacket,2014.05,1.0,15.0,2014.05,302.11,1711.94,Net Banking,Walk-in,No
TXN00264,2024-12-16,S002,Banjara Hills Mart,Hyderabad,Clothing,Jacket,2067.36,3.0,20.0,6202.08,1240.42,4961.66,Cash,Walk-in,No
TXN00265,2024-03-13,S002,Banjara Hills Mart,Hyderabad,Stationery,Stapler,153.08,3.0,5.0,459.24,22.96,436.28,UPI,Loyalty Member,No
TXN00266,2024-07-10,S004,Mumbai Metro Store,Mumbai,Grocery,Spices Pack,99.56,7.0,0.0,696.92,0.0,696.92,Cash,Corporate,No
TXN00267,2024-07-30,S003,Chennai Express,Chennai,Clothing,Saree,2573.14,2.0,20.0,5146.28,1029.26,4117.02,UPI,Corporate,No
TXN00268,2024-01-13,S005,Pune Retail Hub,Pune,Stationery,Notebook Set,202.97,7.0,10.0,1420.79,142.08,1278.71,Net Banking,Corporate,No
TXN00269,2024-12-11,S001,Hyderabad Central,Hyderabad,Stationery,Stapler,153.83,7.0,10.0,1076.81,107.68,969.13,Cash,Loyalty Member,No
TXN00270,2024-07-27,S003,Chennai Express,Chennai,Grocery,Spices Pack,102.22,4.0,15.0,408.88,61.33,347.55,Cash,Online,No
TXN00271,2024-05-10,S002,Banjara Hills Mart,Hyderabad,Electronics,Earphones,1510.67,8.0,15.0,12085.36,1812.8,10272.56,Net Banking,Corporate,No
TXN00272,2024-04-14,S003,Chennai Express,Chennai,Clothing,Formal Shirt,870.46,1.0,0.0,870.46,0.0,870.46,UPI,Walk-in,No
TXN00273,2024-08-28,S001,Hyderabad Central,Hyderabad,Stationery,Pen Box,98.03,4.0,0.0,392.12,0.0,392.12,Cash,Walk-in,No
TXN00274,2024-06-27,S001,Hyderabad Central,Hyderabad,Clothing,Jeans,1335.46,3.0,5.0,4006.38,200.32,3806.06,Net Banking,Corporate,No
TXN00275,2024-08-10,S004,Mumbai Metro Store,Mumbai,Clothing,T-Shirt,623.83,8.0,0.0,4990.64,0.0,4990.64,Credit Card,Corporate,No
TXN00276,2024-03-20,S001,Hyderabad Central,Hyderabad,Clothing,Jacket,2063.61,8.0,20.0,16508.88,3301.78,13207.1,Debit Card,Corporate,No
TXN00277,2024-07-16,S005,Pune Retail Hub,Pune,Electronics,Mobile Phone,9859.61,7.0,20.0,69017.27,13803.45,55213.82,UPI,Loyalty Member,No
TXN00278,2024-01-30,S005,Pune Retail Hub,Pune,Grocery,Flour (10kg),284.36,5.0,15.0,1421.8,213.27,1208.53,Credit Card,Walk-in,No
TXN00279,2024-12-17,S003,Chennai Express,Chennai,Stationery,File Folder,80.42,5.0,10.0,402.1,40.21,361.89,UPI,Loyalty Member,No
TXN00280,2024-09-01,S005,Pune Retail Hub,Pune,Clothing,T-Shirt,588.79,3.0,0.0,1766.37,0.0,1766.37,Cash,Loyalty Member,No
TXN00281,2024-04-18,S002,Banjara Hills Mart,Hyderabad,Clothing,Jacket,2047.23,3.0,0.0,6141.69,0.0,6141.69,Credit Card,Online,No
TXN00282,2024-08-28,S002,Banjara Hills Mart,Hyderabad,Electronics,Mobile Phone,10224.14,4.0,0.0,40896.56,0.0,40896.56,Debit Card,Corporate,No
TXN00283,2024-09-29,S004,Mumbai Metro Store,Mumbai,Clothing,T-Shirt,628.63,1.0,5.0,628.63,31.43,597.2,UPI,Online,No
TXN00284,2024-06-13,S002,Banjara Hills Mart,Hyderabad,Home Appliances,Mixer Grinder,2882.36,8.0,5.0,23058.88,1152.94,21905.94,UPI,Online,No
TXN00285,,S005,Pune Retail Hub,Pune,Home Appliances,Mixer Grinder,2771.57,6.0,101.0,,,,Cash,Loyalty Member,No
TXN00286,2024-12-14,S004,Mumbai Metro Store,Mumbai,Grocery,Pulses,150.23,8.0,10.0,1201.84,120.18,1081.66,Debit Card,Corporate,No
TXN00287,2024-09-16,S003,Chennai Express,Chennai,Electronics,Laptop,46751.9,5.0,5.0,233759.5,11687.98,222071.52,Cash,Online,No
TXN00288,2024-07-24,S004,Mumbai Metro Store,Mumbai,Electronics,Tablet,18319.46,1.0,20.0,18319.46,3663.89,14655.57,Debit Card,Loyalty Member,No
TXN00289,2024-03-15,S001,Hyderabad Central,Hyderabad,Electronics,Smart Watch,5935.27,1.0,0.0,5935.27,0.0,5935.27,Cash,Corporate,No
TXN00290,2024-10-11,S002,Banjara Hills Mart,Hyderabad,Stationery,Pen Box,102.83,8.0,5.0,822.64,41.13,781.51,Debit Card,Loyalty Member,Yes
TXN00291,2024-02-03,S003,Chennai Express,Chennai,Electronics,Smart Watch,6188.9,6.0,20.0,37133.4,7426.68,29706.72,Debit Card,Corporate,No
TXN00292,2024-12-29,S004,Mumbai Metro Store,Mumbai,Clothing,Formal Shirt,878.39,8.0,10.0,7027.12,702.71,6324.41,Debit Card,Walk-in,No
TXN00293,2024-12-08,S004,Mumbai Metro Store,Mumbai,Grocery,Rice (5kg),336.3,6.0,15.0,2017.8,302.67,1715.13,UPI,Walk-in,No
TXN00294,2024-03-26,S005,Pune Retail Hub,Pune,Electronics,Laptop,48110.92,5.0,5.0,240554.6,12027.73,228526.87,Debit Card,Loyalty Member,No
TXN00295,2024-03-28,S002,Banjara Hills Mart,Hyderabad,Grocery,Spices Pack,96.4,4.0,5.0,385.6,19.28,366.32,Debit Card,Walk-in,No
TXN00296,2024-07-18,S005,Pune Retail Hub,Pune,Home Appliances,Water Purifier,8937.75,7.0,10.0,62564.25,6256.43,56307.82,Net Banking,Walk-in,No
TXN00297,2024-11-12,S002,Banjara Hills Mart,Hyderabad,Home Appliances,Microwave,6202.42,2.0,10.0,12404.84,1240.48,11164.36,Net Banking,Loyalty Member,No
TXN00298,2024-12-29,S005,Pune Retail Hub,Pune,Clothing,Jacket,2085.53,4.0,0.0,8342.12,0.0,8342.12,Cash,Loyalty Member,No
TXN00299,2024-04-08,S003,Chennai Express,Chennai,Clothing,Saree,2596.85,7.0,5.0,18177.95,908.9,17269.05,Cash,Walk-in,No
TXN00300,2024-02-07,S004,Mumbai Metro Store,Mumbai,Clothing,Jacket,1970.8,8.0,0.0,15766.4,0.0,15766.4,UPI,Loyalty Member,No
TXN00301,2024-08-08,S001,Hyderabad Central,Hyderabad,Home Appliances,Iron Box,869.48,4.0,5.0,3477.92,173.9,3304.02,UPI,Loyalty Member,No
TXN00302,,S003,Chennai Express,Chennai,Grocery,Cooking Oil,193.53,5.0,,,,,Credit Card,Walk-in,No
TXN00303,2024-07-27,S004,Mumbai Metro Store,Mumbai,Clothing,Saree,2564.59,3.0,10.0,7693.77,769.38,6924.39,UPI,Online,No
TXN00304,2024-02-23,S005,Pune Retail Hub,Pune,Clothing,Jeans,1250.12,4.0,20.0,5000.48,1000.1,4000.38,Cash,Online,No
TXN00305,2024-01-27,S005,Pune Retail Hub,Pune,Clothing,Jeans,1304.73,1.0,5.0,1304.73,65.24,1239.49,Debit Card,Online,Yes
TXN00306,2024-05-25,S004,Mumbai Metro Store,Mumbai,Home Appliances,Mixer Grinder,2711.46,3.0,0.0,8134.38,0.0,8134.38,Cash,Loyalty Member,No
TXN00307,2024-01-21,S001,Hyderabad Central,Hyderabad,Grocery,Rice (5kg),353.2,3.0,15.0,1059.6,158.94,900.66,Credit Card,Corporate,No
TXN00308,2024-12-08,S002,Banjara Hills Mart,Hyderabad,Electronics,Mobile Phone,10039.87,1.0,10.0,10039.87,1003.99,9035.88,Net Banking,Walk-in,No
TXN00309,2024-06-21,S005,Pune Retail Hub,Pune,Grocery,Pulses,141.85,3.0,10.0,425.55,42.55,383.0,Net Banking,Online,No
TXN00310,,S001,Hyderabad Central,Hyderabad,Electronics,Smart Watch,6214.0,8.0,-5.0,,,,Net Banking,Walk-in,No
TXN00311,2024-06-29,S003,Chennai Express,Chennai,Clothing,Jacket,2095.93,1.0,10.0,2095.93,209.59,1886.34,Debit Card,Loyalty Member,No
TXN00312,2024-06-14,S004,Mumbai Metro Store,Mumbai,Grocery,Rice (5kg),348.33,4.0,20.0,1393.32,278.66,1114.66,Net Banking,Corporate,No
TXN00313,2024-02-23,S005,Pune Retail Hub,Pune,Clothing,Jeans,1265.2,1.0,5.0,1265.2,63.26,1201.94,Debit Card,Corporate,No
TXN00314,2024-06-17,S002,Banjara Hills Mart,Hyderabad,Stationery,Notebook Set,201.99,8.0,20.0,1615.92,323.18,1292.74,Debit Card,Walk-in,No
TXN00315,2024-01-15,S002,Banjara Hills Mart,Hyderabad,Electronics,Laptop,45196.78,7.0,10.0,316377.46,31637.75,284739.71,UPI,Corporate,No
TXN00316,2024-01-20,S005,Pune Retail Hub,Pune,Clothing,Jeans,1316.71,8.0,15.0,10533.68,1580.05,8953.63,UPI,Loyalty Member,No
TXN00317,2024-12-11,S001,Hyderabad Central,Hyderabad,Grocery,Spices Pack,96.4,7.0,5.0,674.8,33.74,641.06,Cash,Online,No
TXN00318,2024-12-12,S004,Mumbai Metro Store,Mumbai,Electronics,Smart Watch,5732.56,2.0,20.0,11465.12,2293.02,9172.1,Cash,Loyalty Member,No
TXN00319,2024-10-05,S001,Hyderabad Central,Hyderabad,Grocery,Spices Pack,96.94,2.0,5.0,193.88,9.69,184.19,UPI,Online,No
TXN00320,2024-04-09,S002,Banjara Hills Mart,Hyderabad,Clothing,T-Shirt,577.73,1.0,5.0,577.73,28.89,548.84,Credit Card,Loyalty Member,No
TXN00321,2024-08-04,S005,Pune Retail Hub,Pune,Electronics,Mobile Phone,10054.37,7.0,5.0,70380.59,3519.03,66861.56,Debit Card,Corporate,Yes
TXN00322,2024-08-26,S004,Mumbai Metro Store,Mumbai,Grocery,Rice (5kg),350.63,7.0,15.0,2454.41,368.16,2086.25,Net Banking,Loyalty Member,No
TXN00323,,S001,Hyderabad Central,Hyderabad,Stationery,Stapler,150.03,5.0,-5.0,,,,Cash,Online,No
TXN00324,2024-11-07,S003,Chennai Express,Chennai,Stationery,Calculator,390.91,7.0,5.0,2736.37,136.82,2599.55,Debit Card,Corporate,No
TXN00325,2024-08-12,S004,Mumbai Metro Store,Mumbai,Home Appliances,Mixer Grinder,2887.65,6.0,20.0,17325.9,3465.18,13860.72,Debit Card,Walk-in,No
TXN00326,2024-01-30,S004,Mumbai Metro Store,Mumbai,Home Appliances,Fan,1663.19,5.0,10.0,8315.95,831.6,7484.35,Net Banking,Loyalty Member,No
TXN00327,2024-06-15,S003,Chennai Express,Chennai,Clothing,Saree,2437.02,3.0,20.0,7311.06,1462.21,5848.85,Net Banking,Corporate,No
TXN00328,2024-04-05,S001,Hyderabad Central,Hyderabad,Clothing,T-Shirt,572.68,1.0,5.0,572.68,28.63,544.05,UPI,Corporate,No
TXN00329,2024-04-28,S004,Mumbai Metro Store,Mumbai,Clothing,Jeans,1312.58,5.0,20.0,6562.9,1312.58,5250.32,Net Banking,Online,No
TXN00330,2024-04-04,S002,Banjara Hills Mart,Hyderabad,Grocery,Flour (10kg),291.3,3.0,5.0,873.9,43.7,830.2,UPI,Loyalty Member,No
TXN00331,2024-03-28,S001,Hyderabad Central,Hyderabad,Home Appliances,Fan,1633.63,2.0,10.0,3267.26,326.73,2940.53,Net Banking,Walk-in,No
TXN00332,2024-12-08,S004,Mumbai Metro Store,Mumbai,Grocery,Flour (10kg),304.8,6.0,20.0,1828.8,365.76,1463.04,Cash,Corporate,Yes
TXN00333,2024-08-23,S002,Banjara Hills Mart,Hyderabad,Clothing,Jeans,1274.01,7.0,10.0,8918.07,891.81,8026.26,Credit Card,Corporate,No
TXN00334,2024-02-25,S002,Banjara Hills Mart,Hyderabad,Home Appliances,Fan,1528.01,2.0,0.0,3056.02,0.0,3056.02,Debit Card,Online,No
TXN00335,2024-03-10,S005,Pune Retail Hub,Pune,Electronics,Mobile Phone,10161.8,7.0,5.0,71132.6,3556.63,67575.97,Credit Card,Walk-in,No
TXN00336,2024-02-26,S003,Chennai Express,Chennai,Home Appliances,Water Purifier,8878.23,2.0,20.0,17756.46,3551.29,14205.17,Net Banking,Loyalty Member,No
TXN00337,2024-04-02,S003,Chennai Express,Chennai,Clothing,Jeans,1279.97,7.0,0.0,8959.79,0.0,8959.79,Debit Card,Online,No
TXN00338,2024-11-27,S005,Pune Retail Hub,Pune,Electronics,Mobile Phone,9560.25,6.0,0.0,57361.5,0.0,57361.5,Cash,Walk-in,Yes
TXN00339,2024-09-25,S001,Hyderabad Central,Hyderabad,Stationery,Pen Box,102.75,8.0,15.0,822.0,123.3,698.7,Debit Card,Walk-in,No
TXN00340,2024-10-07,S003,Chennai Express,Chennai,Electronics,Laptop,46553.58,2.0,5.0,93107.16,4655.36,88451.8,Net Banking,Corporate,No
TXN00341,2024-11-01,S005,Pune Retail Hub,Pune,Home Appliances,Mixer Grinder,2870.74,1.0,20.0,2870.74,574.15,2296.59,UPI,Loyalty Member,No
TXN00342,2024-05-27,S005,Pune Retail Hub,Pune,Grocery,Spices Pack,98.73,8.0,20.0,789.84,157.97,631.87,Cash,Walk-in,No
TXN00343,,S005,Pune Retail Hub,Pune,Stationery,Pen Box,94.92,5.0,,,,,Credit Card,Corporate,No
TXN00344,2024-01-13,S002,Banjara Hills Mart,Hyderabad,Grocery,Cooking Oil,194.89,5.0,0.0,974.45,0.0,974.45,UPI,Online,No
TXN00345,2024-06-12,S002,Banjara Hills Mart,Hyderabad,Home Appliances,Water Purifier,9231.47,6.0,5.0,55388.82,2769.44,52619.38,Net Banking,Walk-in,No
TXN00346,2024-04-01,S004,Mumbai Metro Store,Mumbai,Clothing,Formal Shirt,916.75,8.0,5.0,7334.0,366.7,6967.3,Net Banking,Walk-in,No
TXN00347,2024-04-12,S002,Banjara Hills Mart,Hyderabad,Clothing,Jeans,1320.38,1.0,20.0,1320.38,264.08,1056.3,Cash,Loyalty Member,No
TXN00348,2024-07-02,S002,Banjara Hills Mart,Hyderabad,Stationery,File Folder,76.53,2.0,20.0,153.06,30.61,122.45,Net Banking,Corporate,No
TXN00349,2024-09-21,S002,Banjara Hills Mart,Hyderabad,Grocery,Spices Pack,100.49,1.0,15.0,100.49,15.07,85.42,Net Banking,Loyalty Member,No
TXN00350,2024-10-15,S001,Hyderabad Central,Hyderabad,Home Appliances,Iron Box,869.29,1.0,20.0,869.29,173.86,695.43,Net Banking,Online,No
TXN00351,2024-12-28,S004,Mumbai Metro Store,Mumbai,Clothing,Saree,2506.21,3.0,10.0,7518.63,751.86,6766.77,Cash,Online,No
TXN00352,2024-10-06,S001,Hyderabad Central,Hyderabad,Home Appliances,Water Purifier,9039.42,1.0,10.0,9039.42,903.94,8135.48,Credit Card,Online,No
TXN00353,2024-09-17,S004,Mumbai Metro Store,Mumbai,Stationery,Notebook Set,196.83,6.0,5.0,1180.98,59.05,1121.93,UPI,Walk-in,No
TXN00354,2024-03-25,S003,Chennai Express,Chennai,Stationery,Stapler,148.04,5.0,10.0,740.2,74.02,666.18,Credit Card,Corporate,No
TXN00355,2024-02-13,S001,Hyderabad Central,Hyderabad,Grocery,Spices Pack,98.9,3.0,15.0,296.7,44.51,252.19,Net Banking,Online,No
TXN00356,2024-08-27,S002,Banjara Hills Mart,Hyderabad,Home Appliances,Mixer Grinder,2735.07,8.0,5.0,21880.56,1094.03,20786.53,Net Banking,Online,No
TXN00357,2024-06-13,S001,Hyderabad Central,Hyderabad,Home Appliances,Fan,1550.63,6.0,5.0,9303.78,465.19,8838.59,Credit Card,Online,No
TXN00358,2024-11-25,S004,Mumbai Metro Store,Mumbai,Grocery,Cooking Oil,182.5,2.0,5.0,365.0,18.25,346.75,Net Banking,Loyalty Member,Yes
TXN00359,2024-12-20,S004,Mumbai Metro Store,Mumbai,Stationery,Calculator,394.31,3.0,15.0,1182.93,177.44,1005.49,Net Banking,Corporate,No
TXN00360,2024-04-21,S005,Pune Retail Hub,Pune,Stationery,Notebook Set,193.1,6.0,0.0,1158.6,0.0,1158.6,Debit Card,Loyalty Member,No
TXN00361,2024-09-01,S004,Mumbai Metro Store,Mumbai,Home Appliances,Iron Box,856.23,3.0,5.0,2568.69,128.43,2440.26,Cash,Corporate,No
TXN00362,2024-12-13,S005,Pune Retail Hub,Pune,Stationery,Stapler,149.26,6.0,10.0,895.56,89.56,806.0,Net Banking,Walk-in,No
TXN00363,2024-02-05,S001,Hyderabad Central,Hyderabad,Home Appliances,Fan,1622.75,6.0,0.0,9736.5,0.0,9736.5,Cash,Walk-in,No
TXN00364,2024-04-23,S003,Chennai Express,Chennai,Stationery,File Folder,79.44,8.0,0.0,635.52,0.0,635.52,Net Banking,Corporate,No
TXN00365,2024-12-23,S002,Banjara Hills Mart,Hyderabad,Home Appliances,Mixer Grinder,2867.19,1.0,15.0,2867.19,430.08,2437.11,Net Banking,Corporate,No
TXN00366,2024-02-20,S001,Hyderabad Central,Hyderabad,Grocery,Rice (5kg),346.52,5.0,20.0,1732.6,346.52,1386.08,Debit Card,Walk-in,No
TXN00367,,S004,Mumbai Metro Store,Mumbai,Home Appliances,Iron Box,900.9,,,,,,Cash,Loyalty Member,No
TXN00368,2024-04-27,S004,Mumbai Metro Store,Mumbai,Clothing,Saree,2509.73,4.0,5.0,10038.92,501.95,9536.97,Net Banking,Online,No
TXN00369,2024-10-15,S001,Hyderabad Central,Hyderabad,Stationery,Pen Box,103.44,1.0,15.0,103.44,15.52,87.92,Debit Card,Loyalty Member,No
TXN00370,2024-07-11,S002,Banjara Hills Mart,Hyderabad,Electronics,Laptop,45299.79,6.0,5.0,271798.74,13589.94,258208.8,Debit Card,Loyalty Member,No
TXN00371,2024-06-22,S002,Banjara Hills Mart,Hyderabad,Stationery,Pen Box,100.94,7.0,5.0,706.58,35.33,671.25,Net Banking,Loyalty Member,No
TXN00372,2024-09-18,S002,Banjara Hills Mart,Hyderabad,Clothing,Formal Shirt,902.81,4.0,15.0,3611.24,541.69,3069.55,UPI,Walk-in,No
TXN00373,2024-05-16,S004,Mumbai Metro Store,Mumbai,Home Appliances,Water Purifier,9087.56,5.0,5.0,45437.8,2271.89,43165.91,Credit Card,Corporate,No
TXN00374,2024-05-22,S004,Mumbai Metro Store,Mumbai,Home Appliances,Mixer Grinder,2843.83,6.0,0.0,17062.98,0.0,17062.98,Debit Card,Corporate,No
TXN00375,2024-09-04,S001,Hyderabad Central,Hyderabad,Clothing,Jeans,1263.32,7.0,5.0,8843.24,442.16,8401.08,Debit Card,Online,No
TXN00376,2024-10-18,S005,Pune Retail Hub,Pune,Home Appliances,Iron Box,906.87,7.0,10.0,6348.09,634.81,5713.28,Net Banking,Loyalty Member,No
TXN00377,2024-05-28,S005,Pune Retail Hub,Pune,Stationery,File Folder,82.46,1.0,20.0,82.46,16.49,65.97,Credit Card,Walk-in,No
TXN00378,2024-12-08,S001,Hyderabad Central,Hyderabad,Electronics,Earphones,1496.45,6.0,20.0,8978.7,1795.74,7182.96,Debit Card,Loyalty Member,No
TXN00379,2024-04-30,S003,Chennai Express,Chennai,Clothing,Jacket,2025.4,1.0,15.0,2025.4,303.81,1721.59,UPI,Corporate,No
TXN00380,2024-11-12,S005,Pune Retail Hub,Pune,Home Appliances,Water Purifier,8751.73,7.0,0.0,61262.11,0.0,61262.11,UPI,Corporate,No
TXN00381,2024-09-27,S002,Banjara Hills Mart,Hyderabad,Grocery,Rice (5kg),335.22,3.0,15.0,1005.66,150.85,854.81,Debit Card,Loyalty Member,No
TXN00382,2024-12-21,S004,Mumbai Metro Store,Mumbai,Home Appliances,Mixer Grinder,2879.04,5.0,0.0,14395.2,0.0,14395.2,UPI,Corporate,Yes
TXN00383,2024-01-30,S002,Banjara Hills Mart,Hyderabad,Grocery,Rice (5kg),342.89,4.0,10.0,1371.56,137.16,1234.4,Cash,Loyalty Member,No
TXN00384,2024-08-05,S002,Banjara Hills Mart,Hyderabad,Grocery,Pulses,147.45,1.0,15.0,147.45,22.12,125.33,Cash,Loyalty Member,Yes
TXN00385,,S003,Chennai Express,Chennai,Grocery,Flour (10kg),287.27,,101.0,,,,Net Banking,Online,No
TXN00386,2024-03-14,S003,Chennai Express,Chennai,Clothing,Jeans,1322.43,3.0,10.0,3967.29,396.73,3570.56,Credit Card,Loyalty Member,No
TXN00387,2024-08-31,S003,Chennai Express,Chennai,Home Appliances,Fan,1618.58,1.0,10.0,1618.58,161.86,1456.72,UPI,Loyalty Member,No
TXN00388,2024-02-03,S004,Mumbai Metro Store,Mumbai,Stationery,File Folder,82.63,2.0,10.0,165.26,16.53,148.73,Net Banking,Online,Yes
TXN00389,,S003,Chennai Express,Chennai,Clothing,Formal Shirt,875.36,9.0,101.0,,,,Cash,Corporate,No
TXN00390,2024-07-31,S002,Banjara Hills Mart,Hyderabad,Grocery,Cooking Oil,194.84,1.0,5.0,194.84,9.74,185.1,Cash,Online,No
TXN00391,2024-10-01,S004,Mumbai Metro Store,Mumbai,Stationery,Pen Box,99.56,3.0,5.0,298.68,14.93,283.75,Debit Card,Corporate,No
TXN00392,2024-06-26,S003,Chennai Express,Chennai,Grocery,Flour (10kg),302.26,6.0,15.0,1813.56,272.03,1541.53,Debit Card,Corporate,No
TXN00393,2024-01-04,S005,Pune Retail Hub,Pune,Home Appliances,Water Purifier,9250.14,5.0,5.0,46250.7,2312.53,43938.17,Credit Card,Walk-in,No
TXN00394,2024-08-07,S005,Pune Retail Hub,Pune,Stationery,Calculator,381.1,7.0,0.0,2667.7,0.0,2667.7,UPI,Online,No
TXN00395,2024-05-15,S003,Chennai Express,Chennai,Clothing,T-Shirt,616.36,2.0,5.0,1232.72,61.64,1171.08,Net Banking,Corporate,No
TXN00396,2024-10-13,S004,Mumbai Metro Store,Mumbai,Electronics,Tablet,19749.29,7.0,15.0,138245.03,20736.75,117508.28,Cash,Walk-in,No
TXN00397,2024-09-12,S004,Mumbai Metro Store,Mumbai,Clothing,T-Shirt,592.15,5.0,0.0,2960.75,0.0,2960.75,Net Banking,Loyalty Member,No
TXN00398,2024-09-06,S001,Hyderabad Central,Hyderabad,Stationery,Calculator,416.73,2.0,15.0,833.46,125.02,708.44,Debit Card,Loyalty Member,No
TXN00399,2024-11-06,S002,Banjara Hills Mart,Hyderabad,Clothing,Formal Shirt,914.15,2.0,20.0,1828.3,365.66,1462.64,Cash,Online,No
TXN00400,2024-06-05,S002,Banjara Hills Mart,Hyderabad,Electronics,Earphones,1434.15,3.0,10.0,4302.45,430.25,3872.2,UPI,Walk-in,No
TXN00401,,S004,Mumbai Metro Store,Mumbai,Electronics,Earphones,1471.62,5.0,-5.0,,,,Credit Card,Loyalty Member,No
TXN00402,2024-08-19,S003,Chennai Express,Chennai,Home Appliances,Water Purifier,8963.86,1.0,0.0,8963.86,0.0,8963.86,Net Banking,Corporate,No
TXN00403,2024-05-15,S003,Chennai Express,Chennai,Grocery,Pulses,146.1,2.0,15.0,292.2,43.83,248.37,Cash,Loyalty Member,No
TXN00404,2024-06-16,S004,Mumbai Metro Store,Mumbai,Clothing,Jeans,1317.44,4.0,10.0,5269.76,526.98,4742.78,UPI,Loyalty Member,No
TXN00405,2024-11-20,S005,Pune Retail Hub,Pune,Clothing,T-Shirt,591.2,4.0,20.0,2364.8,472.96,1891.84,Net Banking,Corporate,No
TXN00406,2024-06-17,S005,Pune Retail Hub,Pune,Home Appliances,Microwave,6421.72,7.0,15.0,44952.04,6742.81,38209.23,Debit Card,Loyalty Member,No
TXN00407,2024-03-11,S001,Hyderabad Central,Hyderabad,Grocery,Flour (10kg),307.07,1.0,10.0,307.07,30.71,276.36,Net Banking,Online,No
TXN00408,2024-03-10,S003,Chennai Express,Chennai,Electronics,Mobile Phone,9919.53,4.0,20.0,39678.12,7935.62,31742.5,Debit Card,Online,No
TXN00409,2024-02-27,S003,Chennai Express,Chennai,Grocery,Pulses,152.95,2.0,0.0,305.9,0.0,305.9,Net Banking,Walk-in,No
TXN00410,2024-11-08,S005,Pune Retail Hub,Pune,Electronics,Laptop,46410.78,8.0,0.0,371286.24,0.0,371286.24,UPI,Corporate,No
TXN00411,2024-04-16,S002,Banjara Hills Mart,Hyderabad,Home Appliances,Water Purifier,9150.05,7.0,5.0,64050.35,3202.52,60847.83,Cash,Walk-in,No
TXN00412,2024-08-12,S004,Mumbai Metro Store,Mumbai,Stationery,Pen Box,100.61,7.0,10.0,704.27,70.43,633.84,Net Banking,Walk-in,No
TXN00413,,S005,Pune Retail Hub,Pune,Electronics,Earphones,1496.92,,-5.0,,,,Cash,Online,Yes
TXN00414,2024-05-20,S003,Chennai Express,Chennai,Home Appliances,Iron Box,906.79,6.0,15.0,5440.74,816.11,4624.63,Debit Card,Corporate,No
TXN00415,2024-12-08,S002,Banjara Hills Mart,Hyderabad,Home Appliances,Water Purifier,8932.96,4.0,20.0,35731.84,7146.37,28585.47,Credit Card,Corporate,No
TXN00416,2024-12-21,S003,Chennai Express,Chennai,Electronics,Mobile Phone,10265.71,8.0,0.0,82125.68,0.0,82125.68,Credit Card,Online,No
TXN00417,2024-10-17,S004,Mumbai Metro Store,Mumbai,Grocery,Rice (5kg),338.89,1.0,0.0,338.89,0.0,338.89,UPI,Loyalty Member,No
TXN00418,2024-03-15,S001,Hyderabad Central,Hyderabad,Electronics,Earphones,1427.72,6.0,10.0,8566.32,856.63,7709.69,Debit Card,Loyalty Member,Yes
TXN00419,2024-09-30,S002,Banjara Hills Mart,Hyderabad,Grocery,Flour (10kg),310.5,5.0,20.0,1552.5,310.5,1242.0,UPI,Walk-in,No
TXN00420,2024-07-12,S001,Hyderabad Central,Hyderabad,Electronics,Earphones,1539.35,8.0,5.0,12314.8,615.74,11699.06,Credit Card,Online,Yes
TXN00421,2024-10-05,S004,Mumbai Metro Store,Mumbai,Clothing,Formal Shirt,894.01,7.0,5.0,6258.07,312.9,5945.17,Net Banking,Online,No
TXN00422,,S003,Chennai Express,Chennai,Stationery,File Folder,80.3,6.0,101.0,,,,Net Banking,Walk-in,No
TXN00423,2024-08-20,S003,Chennai Express,Chennai,Stationery,Pen Box,100.04,4.0,15.0,400.16,60.02,340.14,Cash,Online,No
TXN00424,2024-03-16,S004,Mumbai Metro Store,Mumbai,Stationery,Stapler,146.22,3.0,20.0,438.66,87.73,350.93,Credit Card,Loyalty Member,No
TXN00425,2024-10-20,S001,Hyderabad Central,Hyderabad,Clothing,Saree,2481.27,4.0,10.0,9925.08,992.51,8932.57,Cash,Loyalty Member,No
TXN00426,2024-04-26,S001,Hyderabad Central,Hyderabad,Home Appliances,Fan,1543.29,8.0,0.0,12346.32,0.0,12346.32,Net Banking,Walk-in,No
TXN00427,2024-03-13,S003,Chennai Express,Chennai,Home Appliances,Water Purifier,8686.88,8.0,20.0,69495.04,13899.01,55596.03,UPI,Corporate,No
TXN00428,2024-07-24,S004,Mumbai Metro Store,Mumbai,Home Appliances,Microwave,6272.59,5.0,5.0,31362.95,1568.15,29794.8,Cash,Loyalty Member,Yes
TXN00429,2024-01-11,S001,Hyderabad Central,Hyderabad,Stationery,Stapler,153.52,4.0,0.0,614.08,0.0,614.08,UPI,Corporate,No
TXN00430,2024-10-05,S005,Pune Retail Hub,Pune,Clothing,Jeans,1314.98,3.0,0.0,3944.94,0.0,3944.94,Credit Card,Corporate,No
TXN00431,2024-06-27,S002,Banjara Hills Mart,Hyderabad,Electronics,Mobile Phone,9640.89,8.0,5.0,77127.12,3856.36,73270.76,Net Banking,Walk-in,No
TXN00432,2024-10-20,S002,Banjara Hills Mart,Hyderabad,Grocery,Cooking Oil,185.52,4.0,0.0,742.08,0.0,742.08,Debit Card,Loyalty Member,No
TXN00433,2024-03-23,S001,Hyderabad Central,Hyderabad,Clothing,Jacket,1978.54,7.0,15.0,13849.78,2077.47,11772.31,Debit Card,Corporate,No
TXN00434,2024-02-20,S002,Banjara Hills Mart,Hyderabad,Home Appliances,Mixer Grinder,2688.93,6.0,5.0,16133.58,806.68,15326.9,UPI,Walk-in,No
TXN00435,2024-07-15,S004,Mumbai Metro Store,Mumbai,Stationery,Stapler,146.48,6.0,15.0,878.88,131.83,747.05,UPI,Walk-in,No
TXN00436,2024-03-11,S001,Hyderabad Central,Hyderabad,Clothing,T-Shirt,617.62,8.0,5.0,4940.96,247.05,4693.91,Credit Card,Walk-in,No
TXN00437,2024-08-22,S005,Pune Retail Hub,Pune,Home Appliances,Iron Box,867.37,3.0,15.0,2602.11,390.32,2211.79,UPI,Loyalty Member,No
TXN00438,2024-03-18,S003,Chennai Express,Chennai,Electronics,Smart Watch,6285.19,2.0,0.0,12570.38,0.0,12570.38,UPI,Corporate,No
TXN00439,2024-09-11,S003,Chennai Express,Chennai,Home Appliances,Fan,1617.25,1.0,0.0,1617.25,0.0,1617.25,Credit Card,Online,No
TXN00440,2024-09-13,S002,Banjara Hills Mart,Hyderabad,Clothing,Jacket,2098.5,1.0,20.0,2098.5,419.7,1678.8,Cash,Walk-in,No
TXN00441,2024-10-07,S005,Pune Retail Hub,Pune,Stationery,File Folder,75.4,2.0,15.0,150.8,22.62,128.18,Credit Card,Loyalty Member,No
TXN00442,2024-02-23,S002,Banjara Hills Mart,Hyderabad,Home Appliances,Microwave,6740.09,5.0,10.0,33700.45,3370.05,30330.4,Cash,Loyalty Member,No
TXN00443,2024-12-20,S005,Pune Retail Hub,Pune,Clothing,Formal Shirt,928.52,4.0,0.0,3714.08,0.0,3714.08,Credit Card,Corporate,No
TXN00444,2024-11-24,S004,Mumbai Metro Store,Mumbai,Clothing,Formal Shirt,897.67,4.0,15.0,3590.68,538.6,3052.08,Credit Card,Loyalty Member,No
TXN00445,2024-11-23,S003,Chennai Express,Chennai,Home Appliances,Water Purifier,9299.77,7.0,5.0,65098.39,3254.92,61843.47,Credit Card,Corporate,No
TXN00446,2024-12-25,S003,Chennai Express,Chennai,Home Appliances,Water Purifier,8958.04,7.0,5.0,62706.28,3135.31,59570.97,UPI,Loyalty Member,No
TXN00447,2024-06-13,S002,Banjara Hills Mart,Hyderabad,Grocery,Pulses,149.97,7.0,0.0,1049.79,0.0,1049.79,Debit Card,Online,No
TXN00448,2024-10-15,S004,Mumbai Metro Store,Mumbai,Home Appliances,Mixer Grinder,2685.48,2.0,5.0,5370.96,268.55,5102.41,Net Banking,Corporate,No
TXN00449,2024-11-19,S004,Mumbai Metro Store,Mumbai,Electronics,Smart Watch,5803.84,1.0,0.0,5803.84,0.0,5803.84,Cash,Walk-in,No
TXN00450,2024-10-17,S003,Chennai Express,Chennai,Stationery,Notebook Set,208.11,2.0,5.0,416.22,20.81,395.41,UPI,Loyalty Member,No
TXN00451,2024-03-16,S005,Pune Retail Hub,Pune,Stationery,Notebook Set,200.72,7.0,20.0,1405.04,281.01,1124.03,Cash,Online,Yes
TXN00452,2024-02-14,S003,Chennai Express,Chennai,Stationery,Notebook Set,198.76,4.0,0.0,795.04,0.0,795.04,Net Banking,Walk-in,No
TXN00453,2024-08-03,S004,Mumbai Metro Store,Mumbai,Grocery,Rice (5kg),341.69,2.0,5.0,683.38,34.17,649.21,Credit Card,Walk-in,No
TXN00454,2024-05-25,S005,Pune Retail Hub,Pune,Grocery,Spices Pack,101.04,3.0,15.0,303.12,45.47,257.65,Credit Card,Online,No
TXN00455,2024-06-13,S003,Chennai Express,Chennai,Grocery,Flour (10kg),297.25,1.0,20.0,297.25,59.45,237.8,Net Banking,Walk-in,No
TXN00456,2024-05-20,S003,Chennai Express,Chennai,Stationery,File Folder,81.23,3.0,20.0,243.69,48.74,194.95,Debit Card,Corporate,No
TXN00457,2024-01-13,S001,Hyderabad Central,Hyderabad,Home Appliances,Mixer Grinder,2836.01,7.0,5.0,19852.07,992.6,18859.47,Net Banking,Corporate,No
TXN00458,2024-12-17,S005,Pune Retail Hub,Pune,Home Appliances,Iron Box,872.23,3.0,0.0,2616.69,0.0,2616.69,Cash,Online,No
TXN00459,2024-05-30,S001,Hyderabad Central,Hyderabad,Electronics,Laptop,44085.93,6.0,0.0,264515.58,0.0,264515.58,Cash,Walk-in,No
TXN00460,2024-09-20,S004,Mumbai Metro Store,Mumbai,Grocery,Pulses,149.91,8.0,0.0,1199.28,0.0,1199.28,Cash,Corporate,No
TXN00461,2024-07-13,S001,Hyderabad Central,Hyderabad,Grocery,Pulses,149.3,5.0,0.0,746.5,0.0,746.5,Credit Card,Online,No
TXN00462,2024-02-22,S001,Hyderabad Central,Hyderabad,Stationery,Calculator,389.88,1.0,20.0,389.88,77.98,311.9,Credit Card,Walk-in,No
TXN00463,,S002,Banjara Hills Mart,Hyderabad,Clothing,Jacket,1945.96,8.0,101.0,,,,Debit Card,Corporate,No
TXN00464,2024-10-13,S005,Pune Retail Hub,Pune,Home Appliances,Fan,1634.85,6.0,20.0,9809.1,1961.82,7847.28,Debit Card,Walk-in,No
TXN00465,2024-04-12,S002,Banjara Hills Mart,Hyderabad,Stationery,Notebook Set,206.76,3.0,5.0,620.28,31.01,589.27,Credit Card,Online,No
TXN00466,2024-03-22,S003,Chennai Express,Chennai,Clothing,Saree,2425.55,8.0,10.0,19404.4,1940.44,17463.96,Cash,Loyalty Member,No
TXN00467,2024-11-23,S003,Chennai Express,Chennai,Home Appliances,Iron Box,872.59,1.0,5.0,872.59,43.63,828.96,Credit Card,Online,No
TXN00468,2024-02-18,S003,Chennai Express,Chennai,Clothing,Formal Shirt,925.15,2.0,0.0,1850.3,0.0,1850.3,Cash,Walk-in,No
TXN00469,2024-06-09,S004,Mumbai Metro Store,Mumbai,Electronics,Earphones,1512.61,6.0,10.0,9075.66,907.57,8168.09,Debit Card,Walk-in,No
TXN00470,2024-07-03,S005,Pune Retail Hub,Pune,Electronics,Laptop,44377.18,1.0,5.0,44377.18,2218.86,42158.32,Debit Card,Corporate,No
TXN00471,2024-04-08,S003,Chennai Express,Chennai,Home Appliances,Fan,1547.26,5.0,5.0,7736.3,386.81,7349.49,Credit Card,Corporate,Yes
TXN00472,2024-08-12,S003,Chennai Express,Chennai,Electronics,Smart Watch,6054.86,8.0,10.0,48438.88,4843.89,43594.99,Debit Card,Walk-in,No
TXN00473,2024-02-10,S002,Banjara Hills Mart,Hyderabad,Electronics,Smart Watch,6004.21,4.0,15.0,24016.84,3602.53,20414.31,UPI,Corporate,No
TXN00474,2024-10-02,S001,Hyderabad Central,Hyderabad,Stationery,File Folder,78.91,2.0,10.0,157.82,15.78,142.04,Net Banking,Loyalty Member,No
TXN00475,2024-11-11,S002,Banjara Hills Mart,Hyderabad,Clothing,Jeans,1321.38,1.0,5.0,1321.38,66.07,1255.31,UPI,Online,No
TXN00476,2024-06-19,S005,Pune Retail Hub,Pune,Home Appliances,Iron Box,910.38,7.0,10.0,6372.66,637.27,5735.39,Cash,Loyalty Member,No
TXN00477,,S001,Hyderabad Central,Hyderabad,Electronics,Tablet,19095.59,,,,,,Debit Card,Loyalty Member,No
TXN00478,2024-06-22,S005,Pune Retail Hub,Pune,Electronics,Smart Watch,5715.57,6.0,0.0,34293.42,0.0,34293.42,UPI,Loyalty Member,Yes
TXN00479,2024-12-09,S005,Pune Retail Hub,Pune,Clothing,Jacket,2058.2,4.0,5.0,8232.8,411.64,7821.16,Net Banking,Online,No
TXN00480,2024-09-15,S002,Banjara Hills Mart,Hyderabad,Stationery,File Folder,75.72,6.0,15.0,454.32,68.15,386.17,Credit Card,Online,No
TXN00481,2024-05-01,S004,Mumbai Metro Store,Mumbai,Grocery,Pulses,143.46,3.0,5.0,430.38,21.52,408.86,UPI,Corporate,No
TXN00482,2024-01-08,S005,Pune Retail Hub,Pune,Clothing,Jacket,2048.72,7.0,15.0,14341.04,2151.16,12189.88,Net Banking,Online,No
TXN00483,2024-05-20,S003,Chennai Express,Chennai,Electronics,Smart Watch,5865.95,4.0,20.0,23463.8,4692.76,18771.04,Debit Card,Online,No
TXN00484,2024-07-05,S002,Banjara Hills Mart,Hyderabad,Home Appliances,Mixer Grinder,2814.75,7.0,15.0,19703.25,2955.49,16747.76,Net Banking,Corporate,No
TXN00485,2024-01-07,S002,Banjara Hills Mart,Hyderabad,Electronics,Mobile Phone,9749.21,3.0,5.0,29247.63,1462.38,27785.25,Credit Card,Loyalty Member,No
TXN00486,2024-03-13,S002,Banjara Hills Mart,Hyderabad,Electronics,Laptop,44874.08,6.0,0.0,269244.48,0.0,269244.48,Debit Card,Corporate,No
TXN00487,2024-07-11,S003,Chennai Express,Chennai,Grocery,Rice (5kg),344.56,2.0,0.0,689.12,0.0,689.12,Debit Card,Corporate,No
TXN00488,2024-01-25,S002,Banjara Hills Mart,Hyderabad,Home Appliances,Water Purifier,8883.94,2.0,10.0,17767.88,1776.79,15991.09,UPI,Corporate,No
TXN00489,2024-06-01,S002,Banjara Hills Mart,Hyderabad,Home Appliances,Iron Box,893.19,8.0,10.0,7145.52,714.55,6430.97,Credit Card,Loyalty Member,No
TXN00490,2024-03-21,S002,Banjara Hills Mart,Hyderabad,Electronics,Laptop,45684.82,7.0,10.0,319793.74,31979.37,287814.37,Net Banking,Online,No
TXN00491,2024-03-14,S004,Mumbai Metro Store,Mumbai,Grocery,Rice (5kg),361.13,2.0,5.0,722.26,36.11,686.15,Debit Card,Loyalty Member,No
TXN00492,2024-08-18,S005,Pune Retail Hub,Pune,Stationery,Pen Box,102.59,5.0,15.0,512.95,76.94,436.01,UPI,Online,No
TXN00493,2024-11-13,S001,Hyderabad Central,Hyderabad,Grocery,Pulses,150.6,8.0,0.0,1204.8,0.0,1204.8,Net Banking,Corporate,No
TXN00494,2024-05-23,S001,Hyderabad Central,Hyderabad,Electronics,Mobile Phone,10223.91,3.0,5.0,30671.73,1533.59,29138.14,Cash,Loyalty Member,No
TXN00495,2024-11-30,S002,Banjara Hills Mart,Hyderabad,Clothing,Formal Shirt,875.32,3.0,10.0,2625.96,262.6,2363.36,Net Banking,Online,No
TXN00496,2024-01-28,S004,Mumbai Metro Store,Mumbai,Grocery,Spices Pack,96.63,5.0,5.0,483.15,24.16,458.99,Credit Card,Loyalty Member,No
TXN00497,2024-11-05,S002,Banjara Hills Mart,Hyderabad,Clothing,Jeans,1303.66,4.0,10.0,5214.64,521.46,4693.18,Debit Card,Online,No
TXN00498,2024-07-07,S002,Banjara Hills Mart,Hyderabad,Stationery,Stapler,153.4,7.0,20.0,1073.8,214.76,859.04,UPI,Walk-in,Yes
TXN00499,2024-11-03,S001,Hyderabad Central,Hyderabad,Electronics,Earphones,1492.02,1.0,15.0,1492.02,223.8,1268.22,Net Banking,Corporate,No
TXN00500,2024-03-10,S003,Chennai Express,Chennai,Grocery,Cooking Oil,192.83,4.0,5.0,771.32,38.57,732.75,Cash,Loyalty Member,Yes
TXN00501,2024-07-07,S004,Mumbai Metro Store,Mumbai,Home Appliances,Water Purifier,9220.82,6.0,10.0,55324.92,5532.49,49792.43,Credit Card,Walk-in,No
TXN00502,2024-12-25,S002,Banjara Hills Mart,Hyderabad,Home Appliances,Mixer Grinder,2661.64,5.0,15.0,13308.2,1996.23,11311.97,Credit Card,Corporate,No
TXN00503,2024-04-12,S002,Banjara Hills Mart,Hyderabad,Grocery,Cooking Oil,191.76,1.0,20.0,191.76,38.35,153.41,UPI,Walk-in,No
TXN00504,2024-01-12,S004,Mumbai Metro Store,Mumbai,Electronics,Laptop,44956.72,2.0,5.0,89913.44,4495.67,85417.77,Debit Card,Walk-in,No
TXN00505,2024-12-14,S005,Pune Retail Hub,Pune,Home Appliances,Mixer Grinder,2828.81,5.0,20.0,14144.05,2828.81,11315.24,Cash,Online,No
TXN00506,2024-03-20,S005,Pune Retail Hub,Pune,Grocery,Cooking Oil,180.44,7.0,15.0,1263.08,189.46,1073.62,Cash,Walk-in,No
TXN00507,2024-12-30,S002,Banjara Hills Mart,Hyderabad,Clothing,Jacket,2061.61,7.0,5.0,14431.27,721.56,13709.71,Cash,Loyalty Member,No
TXN00508,2024-03-06,S005,Pune Retail Hub,Pune,Clothing,Jeans,1268.8,1.0,0.0,1268.8,0.0,1268.8,UPI,Corporate,No
TXN00509,2024-10-13,S005,Pune Retail Hub,Pune,Stationery,Stapler,144.84,4.0,5.0,579.36,28.97,550.39,Net Banking,Corporate,No
TXN00510,2024-01-08,S005,Pune Retail Hub,Pune,Clothing,Jacket,1975.72,6.0,0.0,11854.32,0.0,11854.32,Debit Card,Online,No
TXN00511,2024-01-07,S004,Mumbai Metro Store,Mumbai,Grocery,Cooking Oil,181.7,8.0,15.0,1453.6,218.04,1235.56,Debit Card,Online,No
TXN00512,2024-04-23,S001,Hyderabad Central,Hyderabad,Stationery,File Folder,78.4,1.0,15.0,78.4,11.76,66.64,Debit Card,Walk-in,No
TXN00513,2024-04-25,S003,Chennai Express,Chennai,Electronics,Earphones,1452.94,4.0,15.0,5811.76,871.76,4940.0,Net Banking,Loyalty Member,No
TXN00514,2024-09-26,S001,Hyderabad Central,Hyderabad,Electronics,Mobile Phone,9548.15,6.0,20.0,57288.9,11457.78,45831.12,Debit Card,Online,No
TXN00515,2024-05-14,S003,Chennai Express,Chennai,Home Appliances,Microwave,6305.79,3.0,15.0,18917.37,2837.61,16079.76,UPI,Corporate,No
TXN00516,,S001,Hyderabad Central,Hyderabad,Clothing,Jacket,2062.73,5.0,-5.0,,,,Credit Card,Walk-in,Yes
TXN00517,2024-02-18,S003,Chennai Express,Chennai,Home Appliances,Water Purifier,8644.37,1.0,5.0,8644.37,432.22,8212.15,Cash,Online,No
TXN00518,2024-03-20,S005,Pune Retail Hub,Pune,Clothing,Jeans,1321.97,1.0,20.0,1321.97,264.39,1057.58,Cash,Walk-in,Yes
TXN00519,2024-09-18,S005,Pune Retail Hub,Pune,Clothing,Saree,2397.64,5.0,0.0,11988.2,0.0,11988.2,Credit Card,Loyalty Member,No
TXN00520,2024-06-10,S004,Mumbai Metro Store,Mumbai,Home Appliances,Water Purifier,9025.28,1.0,20.0,9025.28,1805.06,7220.22,UPI,Loyalty Member,No
TXN00521,2024-10-19,S003,Chennai Express,Chennai,Home Appliances,Fan,1579.26,7.0,15.0,11054.82,1658.22,9396.6,Credit Card,Walk-in,No
TXN00522,2024-09-26,S004,Mumbai Metro Store,Mumbai,Stationery,File Folder,75.32,8.0,0.0,602.56,0.0,602.56,Net Banking,Corporate,No
TXN00523,2024-08-22,S004,Mumbai Metro Store,Mumbai,Stationery,File Folder,82.51,5.0,5.0,412.55,20.63,391.92,Credit Card,Walk-in,No
TXN00524,2024-06-24,S005,Pune Retail Hub,Pune,Grocery,Pulses,141.58,8.0,20.0,1132.64,226.53,906.11,Debit Card,Loyalty Member,No
TXN00525,2024-07-20,S001,Hyderabad Central,Hyderabad,Grocery,Spices Pack,94.38,1.0,20.0,94.38,18.88,75.5,UPI,Loyalty Member,No
TXN00526,2024-12-23,S002,Banjara Hills Mart,Hyderabad,Stationery,Calculator,394.6,1.0,15.0,394.6,59.19,335.41,Net Banking,Loyalty Member,Yes
TXN00527,2024-11-14,S005,Pune Retail Hub,Pune,Clothing,Jacket,1958.95,6.0,20.0,11753.7,2350.74,9402.96,Net Banking,Walk-in,No
TXN00528,2024-08-18,S002,Banjara Hills Mart,Hyderabad,Grocery,Flour (10kg),313.76,7.0,20.0,2196.32,439.26,1757.06,Debit Card,Corporate,No
TXN00529,2024-05-31,S001,Hyderabad Central,Hyderabad,Home Appliances,Water Purifier,8616.61,6.0,0.0,51699.66,0.0,51699.66,Credit Card,Walk-in,No
TXN00530,2024-03-30,S003,Chennai Express,Chennai,Clothing,T-Shirt,599.37,6.0,10.0,3596.22,359.62,3236.6,Cash,Walk-in,No
TXN00531,2024-09-29,S005,Pune Retail Hub,Pune,Clothing,Jeans,1302.26,7.0,15.0,9115.82,1367.37,7748.45,Cash,Loyalty Member,No
TXN00532,2024-12-19,S004,Mumbai Metro Store,Mumbai,Electronics,Earphones,1566.22,4.0,5.0,6264.88,313.24,5951.64,Debit Card,Loyalty Member,No
TXN00533,2024-01-21,S001,Hyderabad Central,Hyderabad,Home Appliances,Fan,1638.31,5.0,5.0,8191.55,409.58,7781.97,Cash,Corporate,No
TXN00534,2024-05-11,S005,Pune Retail Hub,Pune,Stationery,Calculator,397.16,2.0,20.0,794.32,158.86,635.46,Credit Card,Online,No
TXN00535,2024-06-27,S004,Mumbai Metro Store,Mumbai,Stationery,File Folder,79.85,7.0,5.0,558.95,27.95,531.0,UPI,Online,No
TXN00536,2024-07-07,S004,Mumbai Metro Store,Mumbai,Home Appliances,Fan,1555.75,4.0,0.0,6223.0,0.0,6223.0,Net Banking,Online,No
TXN00537,2024-03-16,S001,Hyderabad Central,Hyderabad,Electronics,Smart Watch,5803.55,3.0,20.0,17410.65,3482.13,13928.52,Credit Card,Loyalty Member,No
TXN00538,2024-12-03,S003,Chennai Express,Chennai,Grocery,Cooking Oil,183.9,2.0,10.0,367.8,36.78,331.02,Debit Card,Loyalty Member,No
TXN00539,2024-12-10,S005,Pune Retail Hub,Pune,Clothing,T-Shirt,620.96,6.0,10.0,3725.76,372.58,3353.18,UPI,Online,No
TXN00540,2024-01-15,S003,Chennai Express,Chennai,Grocery,Flour (10kg),310.13,2.0,15.0,620.26,93.04,527.22,Credit Card,Walk-in,No
TXN00541,2024-02-18,S003,Chennai Express,Chennai,Electronics,Earphones,1527.18,6.0,15.0,9163.08,1374.46,7788.62,Debit Card,Walk-in,No
TXN00542,2024-01-09,S004,Mumbai Metro Store,Mumbai,Home Appliances,Mixer Grinder,2892.9,4.0,20.0,11571.6,2314.32,9257.28,Debit Card,Online,No
TXN00543,2024-05-04,S002,Banjara Hills Mart,Hyderabad,Clothing,Saree,2417.81,8.0,5.0,19342.48,967.12,18375.36,UPI,Online,No
TXN00544,2024-01-24,S004,Mumbai Metro Store,Mumbai,Clothing,Formal Shirt,869.09,2.0,10.0,1738.18,173.82,1564.36,UPI,Walk-in,No
TXN00545,2024-10-12,S004,Mumbai Metro Store,Mumbai,Clothing,T-Shirt,606.09,1.0,20.0,606.09,121.22,484.87,Net Banking,Loyalty Member,No
TXN00546,2024-06-03,S005,Pune Retail Hub,Pune,Grocery,Flour (10kg),288.5,6.0,15.0,1731.0,259.65,1471.35,Credit Card,Walk-in,Yes
TXN00547,2024-06-23,S003,Chennai Express,Chennai,Stationery,Pen Box,101.41,8.0,10.0,811.28,81.13,730.15,Debit Card,Loyalty Member,Yes
TXN00548,2024-10-21,S001,Hyderabad Central,Hyderabad,Stationery,Pen Box,94.62,7.0,0.0,662.34,0.0,662.34,Credit Card,Online,No
TXN00549,2024-05-25,S004,Mumbai Metro Store,Mumbai,Grocery,Spices Pack,98.28,5.0,10.0,491.4,49.14,442.26,Debit Card,Walk-in,No
TXN00550,2024-10-01,S002,Banjara Hills Mart,Hyderabad,Home Appliances,Fan,1625.44,6.0,15.0,9752.64,1462.9,8289.74,UPI,Walk-in,No
TXN00551,2024-07-23,S002,Banjara Hills Mart,Hyderabad,Stationery,File Folder,82.49,5.0,15.0,412.45,61.87,350.58,Credit Card,Walk-in,No
TXN00552,,S002,Banjara Hills Mart,Hyderabad,Grocery,Pulses,151.56,4.0,-5.0,,,,Debit Card,Loyalty Member,No
TXN00553,2024-10-06,S004,Mumbai Metro Store,Mumbai,Home Appliances,Iron Box,856.1,5.0,20.0,4280.5,856.1,3424.4,UPI,Corporate,No
TXN00554,2024-06-17,S001,Hyderabad Central,Hyderabad,Stationery,Stapler,142.38,6.0,0.0,854.28,0.0,854.28,Cash,Walk-in,No
TXN00555,2024-05-20,S002,Banjara Hills Mart,Hyderabad,Clothing,Jacket,2059.41,4.0,10.0,8237.64,823.76,7413.88,Debit Card,Corporate,No
TXN00556,2024-10-07,S003,Chennai Express,Chennai,Clothing,Jeans,1262.43,8.0,20.0,10099.44,2019.89,8079.55,Cash,Walk-in,No
TXN00557,2024-04-21,S004,Mumbai Metro Store,Mumbai,Grocery,Rice (5kg),343.54,1.0,10.0,343.54,34.35,309.19,UPI,Walk-in,No
TXN00558,2024-06-01,S004,Mumbai Metro Store,Mumbai,Grocery,Cooking Oil,182.14,6.0,10.0,1092.84,109.28,983.56,Debit Card,Online,No
TXN00559,2024-04-06,S001,Hyderabad Central,Hyderabad,Stationery,Stapler,149.34,4.0,5.0,597.36,29.87,567.49,Net Banking,Online,No
TXN00560,2024-06-05,S004,Mumbai Metro Store,Mumbai,Electronics,Laptop,47456.22,8.0,0.0,379649.76,0.0,379649.76,Debit Card,Corporate,No
TXN00561,2024-11-23,S001,Hyderabad Central,Hyderabad,Home Appliances,Fan,1657.1,7.0,15.0,11599.7,1739.95,9859.75,UPI,Corporate,No
TXN00562,2024-11-09,S001,Hyderabad Central,Hyderabad,Home Appliances,Iron Box,875.12,1.0,15.0,875.12,131.27,743.85,Debit Card,Loyalty Member,No
TXN00563,2024-12-03,S001,Hyderabad Central,Hyderabad,Grocery,Spices Pack,96.11,5.0,0.0,480.55,0.0,480.55,Cash,Online,No
TXN00564,2024-02-05,S002,Banjara Hills Mart,Hyderabad,Stationery,File Folder,77.36,2.0,10.0,154.72,15.47,139.25,Cash,Loyalty Member,No
TXN00565,2024-01-16,S005,Pune Retail Hub,Pune,Grocery,Flour (10kg),288.75,4.0,20.0,1155.0,231.0,924.0,Debit Card,Corporate,No
TXN00566,2024-09-16,S001,Hyderabad Central,Hyderabad,Grocery,Cooking Oil,182.93,7.0,0.0,1280.51,0.0,1280.51,Net Banking,Corporate,No
TXN00567,2024-06-12,S002,Banjara Hills Mart,Hyderabad,Clothing,Saree,2408.93,3.0,5.0,7226.79,361.34,6865.45,Net Banking,Walk-in,No
TXN00568,2024-08-04,S001,Hyderabad Central,Hyderabad,Electronics,Smart Watch,6092.31,4.0,5.0,24369.24,1218.46,23150.78,UPI,Walk-in,No
TXN00569,2024-04-16,S005,Pune Retail Hub,Pune,Grocery,Cooking Oil,180.85,3.0,20.0,542.55,108.51,434.04,UPI,Loyalty Member,No
TXN00570,2024-09-09,S001,Hyderabad Central,Hyderabad,Clothing,Jacket,1930.26,1.0,20.0,1930.26,386.05,1544.21,UPI,Loyalty Member,No
TXN00571,2024-02-16,S003,Chennai Express,Chennai,Clothing,T-Shirt,583.51,8.0,10.0,4668.08,466.81,4201.27,Debit Card,Online,No
TXN00572,2024-05-04,S003,Chennai Express,Chennai,Electronics,Smart Watch,6157.81,2.0,5.0,12315.62,615.78,11699.84,Credit Card,Online,No
TXN00573,2024-12-22,S005,Pune Retail Hub,Pune,Electronics,Earphones,1496.15,6.0,0.0,8976.9,0.0,8976.9,Credit Card,Loyalty Member,No
TXN00574,2024-11-28,S002,Banjara Hills Mart,Hyderabad,Home Appliances,Microwave,6804.8,2.0,0.0,13609.6,0.0,13609.6,Cash,Walk-in,No
TXN00575,2024-04-29,S004,Mumbai Metro Store,Mumbai,Clothing,Saree,2426.25,8.0,20.0,19410.0,3882.0,15528.0,Cash,Loyalty Member,No
TXN00576,2024-05-13,S004,Mumbai Metro Store,Mumbai,Grocery,Rice (5kg),357.21,7.0,20.0,2500.47,500.09,2000.38,Debit Card,Corporate,No
TXN00577,2024-05-25,S003,Chennai Express,Chennai,Clothing,Jacket,1914.46,6.0,0.0,11486.76,0.0,11486.76,Credit Card,Walk-in,No
TXN00578,2024-06-11,S005,Pune Retail Hub,Pune,Clothing,Jacket,2002.89,5.0,0.0,10014.45,0.0,10014.45,Cash,Loyalty Member,Yes
TXN00579,2024-11-09,S003,Chennai Express,Chennai,Home Appliances,Mixer Grinder,2905.69,8.0,0.0,23245.52,0.0,23245.52,Cash,Corporate,No
TXN00580,2024-02-11,S005,Pune Retail Hub,Pune,Clothing,Formal Shirt,860.68,1.0,0.0,860.68,0.0,860.68,Cash,Loyalty Member,No
TXN00581,2024-02-14,S003,Chennai Express,Chennai,Electronics,Earphones,1480.07,5.0,5.0,7400.35,370.02,7030.33,UPI,Online,No
TXN00582,2024-08-07,S002,Banjara Hills Mart,Hyderabad,Clothing,Jacket,2054.79,7.0,10.0,14383.53,1438.35,12945.18,UPI,Loyalty Member,No
TXN00583,2024-08-27,S001,Hyderabad Central,Hyderabad,Stationery,Notebook Set,198.14,4.0,5.0,792.56,39.63,752.93,Net Banking,Loyalty Member,No
TXN00584,2024-03-20,S002,Banjara Hills Mart,Hyderabad,Home Appliances,Microwave,6622.89,2.0,20.0,13245.78,2649.16,10596.62,Credit Card,Loyalty Member,No
TXN00585,2024-04-03,S001,Hyderabad Central,Hyderabad,Home Appliances,Mixer Grinder,2827.16,2.0,10.0,5654.32,565.43,5088.89,Net Banking,Online,No
TXN00586,2024-05-10,S003,Chennai Express,Chennai,Electronics,Earphones,1572.1,8.0,0.0,12576.8,0.0,12576.8,Debit Card,Loyalty Member,No
TXN00587,2024-03-30,S004,Mumbai Metro Store,Mumbai,Home Appliances,Mixer Grinder,2891.76,4.0,15.0,11567.04,1735.06,9831.98,Net Banking,Corporate,No
TXN00588,2024-06-25,S004,Mumbai Metro Store,Mumbai,Home Appliances,Microwave,6667.14,4.0,15.0,26668.56,4000.28,22668.28,Net Banking,Corporate,Yes
TXN00589,2024-09-30,S001,Hyderabad Central,Hyderabad,Stationery,Pen Box,102.3,1.0,15.0,102.3,15.35,86.95,Debit Card,Online,No
TXN00590,2024-10-18,S001,Hyderabad Central,Hyderabad,Home Appliances,Fan,1635.52,1.0,15.0,1635.52,245.33,1390.19,UPI,Corporate,Yes
TXN00591,2024-07-27,S005,Pune Retail Hub,Pune,Home Appliances,Fan,1574.33,7.0,15.0,11020.31,1653.05,9367.26,Cash,Walk-in,No
TXN00592,2024-08-16,S004,Mumbai Metro Store,Mumbai,Electronics,Mobile Phone,9640.69,8.0,10.0,77125.52,7712.55,69412.97,Net Banking,Online,No
TXN00593,2024-01-01,S004,Mumbai Metro Store,Mumbai,Grocery,Spices Pack,102.64,8.0,5.0,821.12,41.06,780.06,Cash,Online,No
TXN00594,2024-07-27,S002,Banjara Hills Mart,Hyderabad,Grocery,Pulses,148.43,3.0,15.0,445.29,66.79,378.5,Net Banking,Online,No
TXN00595,2024-10-14,S004,Mumbai Metro Store,Mumbai,Grocery,Flour (10kg),286.08,6.0,20.0,1716.48,343.3,1373.18,Net Banking,Corporate,No
TXN00596,2024-11-10,S004,Mumbai Metro Store,Mumbai,Electronics,Mobile Phone,10281.26,7.0,5.0,71968.82,3598.44,68370.38,Debit Card,Loyalty Member,No
TXN00597,2024-05-07,S005,Pune Retail Hub,Pune,Home Appliances,Fan,1640.83,3.0,15.0,4922.49,738.37,4184.12,Credit Card,Walk-in,No
TXN00598,2024-08-30,S005,Pune Retail Hub,Pune,Home Appliances,Microwave,6445.24,7.0,10.0,45116.68,4511.67,40605.01,UPI,Online,No
TXN00599,2024-12-19,S004,Mumbai Metro Store,Mumbai,Home Appliances,Iron Box,920.77,8.0,10.0,7366.16,736.62,6629.54,Debit Card,Loyalty Member,No
TXN00600,2024-08-10,S003,Chennai Express,Chennai,Grocery,Pulses,153.36,3.0,0.0,460.08,0.0,460.08,Cash,Walk-in,No
TXN00601,2024-12-20,S003,Chennai Express,Chennai,Home Appliances,Fan,1664.27,3.0,10.0,4992.81,499.28,4493.53,Credit Card,Online,No
TXN00602,2024-05-28,S001,Hyderabad Central,Hyderabad,Stationery,Notebook Set,191.46,7.0,5.0,1340.22,67.01,1273.21,Credit Card,Loyalty Member,No
TXN00603,,S004,Mumbai Metro Store,Mumbai,Home Appliances,Water Purifier,9012.69,,,,,,UPI,Online,No
TXN00604,2024-09-16,S003,Chennai Express,Chennai,Grocery,Flour (10kg),300.09,8.0,0.0,2400.72,0.0,2400.72,UPI,Walk-in,No
TXN00605,2024-04-17,S005,Pune Retail Hub,Pune,Clothing,T-Shirt,620.29,7.0,20.0,4342.03,868.41,3473.62,Net Banking,Online,No
TXN00606,2024-05-18,S002,Banjara Hills Mart,Hyderabad,Grocery,Flour (10kg),306.22,2.0,15.0,612.44,91.87,520.57,Debit Card,Loyalty Member,No
TXN00607,2024-11-28,S004,Mumbai Metro Store,Mumbai,Clothing,T-Shirt,628.81,3.0,0.0,1886.43,0.0,1886.43,Cash,Online,No
TXN00608,2024-06-26,S005,Pune Retail Hub,Pune,Electronics,Earphones,1529.78,4.0,20.0,6119.12,1223.82,4895.3,UPI,Walk-in,No
TXN00609,2024-02-15,S002,Banjara Hills Mart,Hyderabad,Electronics,Mobile Phone,10007.49,8.0,5.0,80059.92,4003.0,76056.92,UPI,Walk-in,No
TXN00610,2024-08-14,S002,Banjara Hills Mart,Hyderabad,Clothing,Jacket,2005.85,3.0,15.0,6017.55,902.63,5114.92,UPI,Online,No
TXN00611,2024-05-08,S002,Banjara Hills Mart,Hyderabad,Grocery,Cooking Oil,196.66,6.0,20.0,1179.96,235.99,943.97,Net Banking,Corporate,No
TXN00612,2024-04-06,S002,Banjara Hills Mart,Hyderabad,Stationery,Stapler,151.45,5.0,20.0,757.25,151.45,605.8,Credit Card,Online,No
TXN00613,2024-08-30,S001,Hyderabad Central,Hyderabad,Grocery,Rice (5kg),362.23,5.0,20.0,1811.15,362.23,1448.92,Net Banking,Walk-in,Yes
TXN00614,2024-11-04,S003,Chennai Express,Chennai,Clothing,Saree,2588.73,6.0,20.0,15532.38,3106.48,12425.9,Cash,Loyalty Member,No
TXN00615,2024-07-08,S003,Chennai Express,Chennai,Clothing,Jeans,1282.12,1.0,5.0,1282.12,64.11,1218.01,UPI,Online,No
TXN00616,2024-01-18,S005,Pune Retail Hub,Pune,Stationery,File Folder,75.82,8.0,5.0,606.56,30.33,576.23,Cash,Loyalty Member,No
TXN00617,2024-12-12,S004,Mumbai Metro Store,Mumbai,Stationery,Pen Box,97.14,1.0,20.0,97.14,19.43,77.71,Credit Card,Online,No
TXN00618,2024-09-12,S001,Hyderabad Central,Hyderabad,Grocery,Cooking Oil,193.44,3.0,20.0,580.32,116.06,464.26,Net Banking,Online,No
TXN00619,2024-08-09,S005,Pune Retail Hub,Pune,Electronics,Smart Watch,5987.56,2.0,10.0,11975.12,1197.51,10777.61,UPI,Corporate,No
TXN00620,2024-07-22,S003,Chennai Express,Chennai,Electronics,Tablet,19586.58,6.0,10.0,117519.48,11751.95,105767.53,UPI,Loyalty Member,No
TXN00621,2024-02-21,S005,Pune Retail Hub,Pune,Stationery,Notebook Set,207.44,2.0,15.0,414.88,62.23,352.65,Cash,Loyalty Member,No
TXN00622,2024-03-31,S002,Banjara Hills Mart,Hyderabad,Clothing,T-Shirt,589.67,3.0,5.0,1769.01,88.45,1680.56,UPI,Online,No
TXN00623,2024-06-30,S001,Hyderabad Central,Hyderabad,Clothing,Formal Shirt,917.47,1.0,0.0,917.47,0.0,917.47,UPI,Online,No
TXN00624,2024-05-23,S002,Banjara Hills Mart,Hyderabad,Stationery,Calculator,401.51,3.0,10.0,1204.53,120.45,1084.08,UPI,Loyalty Member,No
TXN00625,2024-05-06,S004,Mumbai Metro Store,Mumbai,Stationery,Stapler,152.82,2.0,20.0,305.64,61.13,244.51,UPI,Corporate,No
TXN00626,2024-07-02,S003,Chennai Express,Chennai,Stationery,Pen Box,103.64,8.0,15.0,829.12,124.37,704.75,Credit Card,Walk-in,Yes
TXN00627,2024-11-01,S001,Hyderabad Central,Hyderabad,Clothing,Jeans,1348.36,5.0,5.0,6741.8,337.09,6404.71,UPI,Walk-in,No
TXN00628,2024-11-05,S003,Chennai Express,Chennai,Clothing,Formal Shirt,927.32,8.0,0.0,7418.56,0.0,7418.56,Debit Card,Walk-in,No
TXN00629,2024-04-03,S001,Hyderabad Central,Hyderabad,Electronics,Mobile Phone,9789.27,8.0,10.0,78314.16,7831.42,70482.74,UPI,Loyalty Member,No
TXN00630,2024-09-25,S003,Chennai Express,Chennai,Home Appliances,Fan,1524.1,7.0,15.0,10668.7,1600.31,9068.39,Net Banking,Walk-in,No
TXN00631,2024-09-07,S004,Mumbai Metro Store,Mumbai,Clothing,Jeans,1353.29,8.0,15.0,10826.32,1623.95,9202.37,UPI,Walk-in,No
TXN00632,2024-05-14,S004,Mumbai Metro Store,Mumbai,Electronics,Mobile Phone,9681.78,5.0,15.0,48408.9,7261.34,41147.56,Cash,Corporate,No
TXN00633,2024-03-03,S005,Pune Retail Hub,Pune,Grocery,Pulses,144.47,6.0,5.0,866.82,43.34,823.48,UPI,Loyalty Member,No
TXN00634,2024-08-30,S004,Mumbai Metro Store,Mumbai,Stationery,Notebook Set,203.52,5.0,20.0,1017.6,203.52,814.08,Credit Card,Online,No
TXN00635,2024-12-26,S004,Mumbai Metro Store,Mumbai,Grocery,Pulses,151.44,2.0,10.0,302.88,30.29,272.59,UPI,Online,No
TXN00636,2024-03-14,S004,Mumbai Metro Store,Mumbai,Electronics,Mobile Phone,10097.93,1.0,20.0,10097.93,2019.59,8078.34,Cash,Corporate,No
TXN00637,2024-05-10,S002,Banjara Hills Mart,Hyderabad,Stationery,Stapler,145.4,6.0,10.0,872.4,87.24,785.16,Credit Card,Loyalty Member,No
TXN00638,2024-10-29,S001,Hyderabad Central,Hyderabad,Grocery,Spices Pack,102.52,4.0,20.0,410.08,82.02,328.06,Cash,Corporate,No
TXN00639,2024-04-29,S004,Mumbai Metro Store,Mumbai,Clothing,Jacket,1946.81,8.0,5.0,15574.48,778.72,14795.76,Net Banking,Walk-in,No
TXN00640,2024-10-05,S003,Chennai Express,Chennai,Electronics,Mobile Phone,10438.14,4.0,10.0,41752.56,4175.26,37577.3,Debit Card,Corporate,Yes
TXN00641,2024-07-19,S005,Pune Retail Hub,Pune,Stationery,Notebook Set,207.1,6.0,20.0,1242.6,248.52,994.08,UPI,Loyalty Member,No
TXN00642,2024-12-02,S002,Banjara Hills Mart,Hyderabad,Electronics,Mobile Phone,9671.26,3.0,10.0,29013.78,2901.38,26112.4,Debit Card,Online,No
TXN00643,2024-07-25,S002,Banjara Hills Mart,Hyderabad,Stationery,Pen Box,97.38,8.0,0.0,779.04,0.0,779.04,Cash,Online,Yes
TXN00644,2024-05-21,S004,Mumbai Metro Store,Mumbai,Grocery,Cooking Oil,189.01,8.0,15.0,1512.08,226.81,1285.27,Net Banking,Corporate,No
TXN00645,2024-01-08,S002,Banjara Hills Mart,Hyderabad,Electronics,Smart Watch,6085.4,4.0,5.0,24341.6,1217.08,23124.52,Credit Card,Corporate,No
TXN00646,2024-01-03,S004,Mumbai Metro Store,Mumbai,Clothing,T-Shirt,578.97,4.0,15.0,2315.88,347.38,1968.5,Debit Card,Online,No
TXN00647,2024-05-30,S003,Chennai Express,Chennai,Stationery,Stapler,153.21,5.0,10.0,766.05,76.61,689.44,Net Banking,Walk-in,No
TXN00648,2024-06-10,S001,Hyderabad Central,Hyderabad,Clothing,Saree,2601.03,8.0,5.0,20808.24,1040.41,19767.83,Credit Card,Corporate,No
TXN00649,2024-02-16,S002,Banjara Hills Mart,Hyderabad,Stationery,Calculator,400.71,1.0,10.0,400.71,40.07,360.64,Debit Card,Corporate,No
TXN00650,2024-11-15,S001,Hyderabad Central,Hyderabad,Clothing,Jeans,1338.1,3.0,10.0,4014.3,401.43,3612.87,Credit Card,Online,No
TXN00651,2024-05-19,S005,Pune Retail Hub,Pune,Stationery,Notebook Set,202.91,5.0,10.0,1014.55,101.45,913.1,Cash,Corporate,No
TXN00652,,S003,Chennai Express,Chennai,Electronics,Earphones,1525.14,10.0,101.0,,,,Debit Card,Online,No
TXN00653,2024-10-03,S001,Hyderabad Central,Hyderabad,Home Appliances,Mixer Grinder,2810.13,6.0,5.0,16860.78,843.04,16017.74,Debit Card,Online,No
TXN00654,2024-09-20,S002,Banjara Hills Mart,Hyderabad,Home Appliances,Microwave,6397.36,2.0,15.0,12794.72,1919.21,10875.51,Credit Card,Corporate,No
TXN00655,2024-11-04,S004,Mumbai Metro Store,Mumbai,Home Appliances,Mixer Grinder,2725.58,7.0,5.0,19079.06,953.95,18125.11,Cash,Online,Yes
TXN00656,2024-06-23,S003,Chennai Express,Chennai,Clothing,Jeans,1305.54,5.0,20.0,6527.7,1305.54,5222.16,UPI,Online,No
TXN00657,2024-03-11,S002,Banjara Hills Mart,Hyderabad,Grocery,Rice (5kg),358.89,5.0,15.0,1794.45,269.17,1525.28,Debit Card,Online,No
TXN00658,2024-02-10,S003,Chennai Express,Chennai,Grocery,Spices Pack,94.67,5.0,10.0,473.35,47.34,426.01,Debit Card,Walk-in,No
TXN00659,2024-02-08,S003,Chennai Express,Chennai,Clothing,T-Shirt,622.96,7.0,5.0,4360.72,218.04,4142.68,Debit Card,Online,No
TXN00660,2024-12-02,S002,Banjara Hills Mart,Hyderabad,Stationery,Calculator,386.48,6.0,10.0,2318.88,231.89,2086.99,UPI,Online,No
TXN00661,2024-04-05,S004,Mumbai Metro Store,Mumbai,Clothing,T-Shirt,569.08,7.0,0.0,3983.56,0.0,3983.56,Credit Card,Loyalty Member,No
TXN00662,2024-02-13,S002,Banjara Hills Mart,Hyderabad,Home Appliances,Water Purifier,8696.52,7.0,10.0,60875.64,6087.56,54788.08,Cash,Online,No
TXN00663,2024-06-03,S002,Banjara Hills Mart,Hyderabad,Clothing,T-Shirt,604.74,2.0,10.0,1209.48,120.95,1088.53,UPI,Loyalty Member,No
TXN00664,2024-08-24,S004,Mumbai Metro Store,Mumbai,Clothing,Saree,2476.69,8.0,0.0,19813.52,0.0,19813.52,Debit Card,Walk-in,No
TXN00665,2024-12-13,S003,Chennai Express,Chennai,Home Appliances,Water Purifier,9033.43,4.0,10.0,36133.72,3613.37,32520.35,Cash,Corporate,Yes
TXN00666,2024-04-26,S005,Pune Retail Hub,Pune,Clothing,Jeans,1357.36,3.0,0.0,4072.08,0.0,4072.08,Debit Card,Walk-in,No
TXN00667,2024-04-11,S005,Pune Retail Hub,Pune,Home Appliances,Iron Box,884.87,4.0,0.0,3539.48,0.0,3539.48,Cash,Corporate,No
TXN00668,,S005,Pune Retail Hub,Pune,Grocery,Pulses,146.28,3.0,-5.0,,,,Cash,Walk-in,No
TXN00669,2024-06-01,S002,Banjara Hills Mart,Hyderabad,Electronics,Smart Watch,6110.89,7.0,20.0,42776.23,8555.25,34220.98,Credit Card,Corporate,Yes
TXN00670,2024-09-15,S001,Hyderabad Central,Hyderabad,Home Appliances,Water Purifier,9103.46,7.0,20.0,63724.22,12744.84,50979.38,UPI,Corporate,No
TXN00671,2024-06-10,S001,Hyderabad Central,Hyderabad,Stationery,File Folder,82.31,3.0,10.0,246.93,24.69,222.24,UPI,Online,No
TXN00672,2024-09-14,S004,Mumbai Metro Store,Mumbai,Stationery,Stapler,152.15,7.0,15.0,1065.05,159.76,905.29,Net Banking,Corporate,No
TXN00673,2024-08-20,S002,Banjara Hills Mart,Hyderabad,Clothing,Jeans,1281.57,2.0,15.0,2563.14,384.47,2178.67,Cash,Online,No
TXN00674,2024-03-21,S002,Banjara Hills Mart,Hyderabad,Stationery,File Folder,75.6,1.0,15.0,75.6,11.34,64.26,Debit Card,Walk-in,No
TXN00675,2024-06-27,S003,Chennai Express,Chennai,Grocery,Rice (5kg),351.97,4.0,20.0,1407.88,281.58,1126.3,UPI,Corporate,Yes
TXN00676,2024-06-25,S001,Hyderabad Central,Hyderabad,Stationery,Pen Box,94.31,2.0,20.0,188.62,37.72,150.9,Net Banking,Walk-in,No
TXN00677,2024-10-26,S003,Chennai Express,Chennai,Clothing,Saree,2604.76,3.0,20.0,7814.28,1562.86,6251.42,Net Banking,Online,No
TXN00678,2024-06-02,S003,Chennai Express,Chennai,Home Appliances,Water Purifier,9446.28,3.0,5.0,28338.84,1416.94,26921.9,Net Banking,Loyalty Member,No
TXN00679,2024-09-29,S002,Banjara Hills Mart,Hyderabad,Electronics,Laptop,45813.27,8.0,0.0,366506.16,0.0,366506.16,Debit Card,Online,Yes
TXN00680,,S005,Pune Retail Hub,Pune,Electronics,Tablet,19441.88,3.0,-5.0,,,,Cash,Online,No
TXN00681,2024-08-18,S003,Chennai Express,Chennai,Electronics,Smart Watch,5987.96,8.0,10.0,47903.68,4790.37,43113.31,Debit Card,Corporate,No
TXN00682,,S002,Banjara Hills Mart,Hyderabad,Clothing,T-Shirt,628.76,6.0,,,,,Net Banking,Online,No
TXN00683,2024-12-10,S002,Banjara Hills Mart,Hyderabad,Clothing,Formal Shirt,878.68,2.0,10.0,1757.36,175.74,1581.62,UPI,Corporate,No
TXN00684,2024-01-26,S005,Pune Retail Hub,Pune,Clothing,Formal Shirt,889.36,2.0,0.0,1778.72,0.0,1778.72,Cash,Walk-in,No
TXN00685,2024-09-05,S001,Hyderabad Central,Hyderabad,Stationery,Calculator,384.24,8.0,0.0,3073.92,0.0,3073.92,Cash,Loyalty Member,No
TXN00686,2024-01-18,S002,Banjara Hills Mart,Hyderabad,Grocery,Cooking Oil,193.66,5.0,0.0,968.3,0.0,968.3,Net Banking,Loyalty Member,No
TXN00687,2024-03-24,S001,Hyderabad Central,Hyderabad,Grocery,Flour (10kg),311.25,8.0,15.0,2490.0,373.5,2116.5,Debit Card,Loyalty Member,No
TXN00688,2024-11-29,S004,Mumbai Metro Store,Mumbai,Stationery,File Folder,79.4,5.0,5.0,397.0,19.85,377.15,UPI,Walk-in,No
TXN00689,2024-05-20,S003,Chennai Express,Chennai,Home Appliances,Water Purifier,9332.78,6.0,20.0,55996.68,11199.34,44797.34,Debit Card,Loyalty Member,No
TXN00690,2024-02-03,S001,Hyderabad Central,Hyderabad,Electronics,Tablet,19944.94,3.0,5.0,59834.82,2991.74,56843.08,Credit Card,Corporate,No
TXN00691,2024-08-25,S004,Mumbai Metro Store,Mumbai,Clothing,Jeans,1264.4,1.0,20.0,1264.4,252.88,1011.52,Credit Card,Loyalty Member,No
TXN00692,2024-01-26,S001,Hyderabad Central,Hyderabad,Electronics,Smart Watch,5996.33,3.0,20.0,17988.99,3597.8,14391.19,Net Banking,Corporate,No
TXN00693,2024-02-06,S002,Banjara Hills Mart,Hyderabad,Grocery,Cooking Oil,189.97,4.0,0.0,759.88,0.0,759.88,Net Banking,Loyalty Member,No
TXN00694,2024-11-06,S003,Chennai Express,Chennai,Clothing,Formal Shirt,911.43,6.0,20.0,5468.58,1093.72,4374.86,Net Banking,Corporate,No
TXN00695,2024-05-12,S003,Chennai Express,Chennai,Stationery,Stapler,150.82,8.0,15.0,1206.56,180.98,1025.58,Net Banking,Corporate,No
TXN00696,2024-10-23,S005,Pune Retail Hub,Pune,Home Appliances,Fan,1636.21,3.0,15.0,4908.63,736.29,4172.34,Net Banking,Walk-in,No
TXN00697,2024-03-30,S004,Mumbai Metro Store,Mumbai,Home Appliances,Iron Box,863.96,3.0,5.0,2591.88,129.59,2462.29,Cash,Corporate,No
TXN00698,,S004,Mumbai Metro Store,Mumbai,Grocery,Pulses,145.61,,101.0,,,,Credit Card,Loyalty Member,Yes
TXN00699,2024-05-13,S002,Banjara Hills Mart,Hyderabad,Grocery,Rice (5kg),352.04,6.0,0.0,2112.24,0.0,2112.24,Net Banking,Online,Yes
TXN00700,2024-05-08,S003,Chennai Express,Chennai,Grocery,Cooking Oil,193.93,4.0,15.0,775.72,116.36,659.36,Credit Card,Online,No
TXN00701,2024-01-20,S002,Banjara Hills Mart,Hyderabad,Clothing,T-Shirt,577.43,2.0,15.0,1154.86,173.23,981.63,Cash,Corporate,No
TXN00702,2024-01-06,S004,Mumbai Metro Store,Mumbai,Grocery,Spices Pack,96.73,3.0,0.0,290.19,0.0,290.19,UPI,Online,No
TXN00703,2024-09-29,S003,Chennai Express,Chennai,Home Appliances,Fan,1562.19,7.0,0.0,10935.33,0.0,10935.33,Cash,Corporate,No
TXN00704,2024-08-02,S005,Pune Retail Hub,Pune,Stationery,Notebook Set,190.83,3.0,5.0,572.49,28.62,543.87,Net Banking,Online,No
TXN00705,2024-08-12,S003,Chennai Express,Chennai,Electronics,Mobile Phone,9570.65,4.0,15.0,38282.6,5742.39,32540.21,Debit Card,Corporate,No
TXN00706,2024-08-30,S001,Hyderabad Central,Hyderabad,Electronics,Laptop,43919.83,2.0,10.0,87839.66,8783.97,79055.69,Net Banking,Walk-in,No
TXN00707,2024-08-22,S002,Banjara Hills Mart,Hyderabad,Home Appliances,Fan,1571.14,2.0,0.0,3142.28,0.0,3142.28,UPI,Walk-in,Yes
TXN00708,2024-09-18,S002,Banjara Hills Mart,Hyderabad,Electronics,Laptop,46590.95,3.0,5.0,139772.85,6988.64,132784.21,UPI,Corporate,No
TXN00709,2024-08-30,S004,Mumbai Metro Store,Mumbai,Stationery,Pen Box,97.57,3.0,15.0,292.71,43.91,248.8,Debit Card,Corporate,No
TXN00710,2024-06-18,S003,Chennai Express,Chennai,Stationery,File Folder,82.49,3.0,20.0,247.47,49.49,197.98,UPI,Walk-in,No
TXN00711,2024-04-30,S003,Chennai Express,Chennai,Electronics,Laptop,44270.33,3.0,10.0,132810.99,13281.1,119529.89,Net Banking,Walk-in,No
TXN00712,2024-09-15,S005,Pune Retail Hub,Pune,Electronics,Laptop,45409.83,1.0,0.0,45409.83,0.0,45409.83,Debit Card,Loyalty Member,No
TXN00713,2024-02-17,S002,Banjara Hills Mart,Hyderabad,Grocery,Pulses,156.39,6.0,15.0,938.34,140.75,797.59,UPI,Loyalty Member,No
TXN00714,2024-01-24,S002,Banjara Hills Mart,Hyderabad,Grocery,Flour (10kg),299.1,1.0,5.0,299.1,14.96,284.14,UPI,Online,No
TXN00715,2024-10-15,S002,Banjara Hills Mart,Hyderabad,Grocery,Rice (5kg),355.18,6.0,5.0,2131.08,106.55,2024.53,Cash,Walk-in,No
TXN00716,2024-01-03,S003,Chennai Express,Chennai,Home Appliances,Fan,1647.65,6.0,10.0,9885.9,988.59,8897.31,Credit Card,Walk-in,No
TXN00717,2024-10-11,S003,Chennai Express,Chennai,Electronics,Laptop,47629.66,6.0,20.0,285777.96,57155.59,228622.37,Cash,Corporate,No
TXN00718,,S001,Hyderabad Central,Hyderabad,Stationery,Notebook Set,208.94,,,,,,Debit Card,Online,No
TXN00719,2024-04-23,S004,Mumbai Metro Store,Mumbai,Stationery,Calculator,381.1,4.0,20.0,1524.4,304.88,1219.52,Debit Card,Corporate,No
TXN00720,2024-01-26,S001,Hyderabad Central,Hyderabad,Grocery,Spices Pack,102.23,3.0,0.0,306.69,0.0,306.69,UPI,Online,No
TXN00721,2024-06-23,S003,Chennai Express,Chennai,Clothing,Saree,2554.45,4.0,5.0,10217.8,510.89,9706.91,UPI,Corporate,No
TXN00722,2024-09-17,S002,Banjara Hills Mart,Hyderabad,Electronics,Tablet,19525.84,6.0,0.0,117155.04,0.0,117155.04,Credit Card,Online,No
TXN00723,2024-10-15,S001,Hyderabad Central,Hyderabad,Stationery,Stapler,155.34,1.0,10.0,155.34,15.53,139.81,Debit Card,Corporate,No
TXN00724,2024-09-04,S005,Pune Retail Hub,Pune,Grocery,Spices Pack,100.42,3.0,0.0,301.26,0.0,301.26,Net Banking,Walk-in,No
TXN00725,2024-03-16,S005,Pune Retail Hub,Pune,Clothing,Saree,2429.69,8.0,20.0,19437.52,3887.5,15550.02,Debit Card,Loyalty Member,No
TXN00726,2024-06-10,S001,Hyderabad Central,Hyderabad,Grocery,Rice (5kg),339.77,5.0,15.0,1698.85,254.83,1444.02,Cash,Corporate,No
TXN00727,2024-08-18,S004,Mumbai Metro Store,Mumbai,Grocery,Rice (5kg),340.09,8.0,10.0,2720.72,272.07,2448.65,Net Banking,Corporate,No
TXN00728,2024-09-06,S001,Hyderabad Central,Hyderabad,Electronics,Tablet,19145.73,8.0,20.0,153165.84,30633.17,122532.67,Cash,Online,No
TXN00729,2024-04-08,S005,Pune Retail Hub,Pune,Stationery,Pen Box,94.89,2.0,15.0,189.78,28.47,161.31,UPI,Online,No
TXN00730,2024-04-03,S004,Mumbai Metro Store,Mumbai,Clothing,T-Shirt,570.63,7.0,10.0,3994.41,399.44,3594.97,Credit Card,Corporate,No
TXN00731,2024-08-02,S002,Banjara Hills Mart,Hyderabad,Stationery,Calculator,416.86,3.0,0.0,1250.58,0.0,1250.58,Debit Card,Online,No
TXN00732,2024-07-16,S005,Pune Retail Hub,Pune,Stationery,Notebook Set,192.98,6.0,20.0,1157.88,231.58,926.3,Net Banking,Corporate,No
TXN00733,2024-10-11,S003,Chennai Express,Chennai,Electronics,Earphones,1497.55,2.0,20.0,2995.1,599.02,2396.08,Cash,Walk-in,No
TXN00734,2024-03-01,S001,Hyderabad Central,Hyderabad,Stationery,Notebook Set,198.21,6.0,5.0,1189.26,59.46,1129.8,Cash,Loyalty Member,No
TXN00735,2024-09-28,S005,Pune Retail Hub,Pune,Stationery,Calculator,390.5,6.0,10.0,2343.0,234.3,2108.7,Net Banking,Corporate,No
TXN00736,2024-04-21,S003,Chennai Express,Chennai,Grocery,Flour (10kg),312.06,6.0,20.0,1872.36,374.47,1497.89,Credit Card,Online,No
TXN00737,2024-11-05,S004,Mumbai Metro Store,Mumbai,Grocery,Spices Pack,95.08,4.0,20.0,380.32,76.06,304.26,Net Banking,Loyalty Member,No
TXN00738,,S005,Pune Retail Hub,Pune,Stationery,File Folder,76.51,10.0,-5.0,,,,Net Banking,Corporate,No
TXN00739,2024-04-01,S001,Hyderabad Central,Hyderabad,Home Appliances,Mixer Grinder,2739.81,1.0,5.0,2739.81,136.99,2602.82,Net Banking,Corporate,Yes
TXN00740,2024-12-12,S001,Hyderabad Central,Hyderabad,Clothing,T-Shirt,602.4,7.0,20.0,4216.8,843.36,3373.44,Net Banking,Corporate,Yes
TXN00741,2024-03-10,S001,Hyderabad Central,Hyderabad,Stationery,Calculator,408.88,7.0,5.0,2862.16,143.11,2719.05,Cash,Corporate,No
TXN00742,2024-01-31,S005,Pune Retail Hub,Pune,Electronics,Tablet,18158.04,8.0,0.0,145264.32,0.0,145264.32,Net Banking,Walk-in,No
TXN00743,,S002,Banjara Hills Mart,Hyderabad,Clothing,Saree,2572.45,,101.0,,,,Net Banking,Online,No
TXN00744,2024-02-20,S003,Chennai Express,Chennai,Grocery,Rice (5kg),343.12,3.0,0.0,1029.36,0.0,1029.36,Credit Card,Loyalty Member,Yes
TXN00745,2024-08-11,S004,Mumbai Metro Store,Mumbai,Electronics,Tablet,18477.03,3.0,0.0,55431.09,0.0,55431.09,Net Banking,Online,No
TXN00746,2024-05-25,S004,Mumbai Metro Store,Mumbai,Home Appliances,Water Purifier,8944.84,5.0,0.0,44724.2,0.0,44724.2,Cash,Online,No
TXN00747,2024-09-25,S005,Pune Retail Hub,Pune,Home Appliances,Mixer Grinder,2687.92,2.0,20.0,5375.84,1075.17,4300.67,Cash,Online,No
TXN00748,2024-08-11,S001,Hyderabad Central,Hyderabad,Clothing,Saree,2510.11,6.0,5.0,15060.66,753.03,14307.63,Net Banking,Online,No
TXN00749,2024-02-28,S004,Mumbai Metro Store,Mumbai,Stationery,Stapler,149.78,7.0,15.0,1048.46,157.27,891.19,UPI,Corporate,No
TXN00750,2024-01-12,S001,Hyderabad Central,Hyderabad,Home Appliances,Iron Box,943.88,1.0,10.0,943.88,94.39,849.49,Credit Card,Online,No
TXN00751,2024-06-03,S005,Pune Retail Hub,Pune,Grocery,Spices Pack,101.12,7.0,5.0,707.84,35.39,672.45,Debit Card,Loyalty Member,No
TXN00752,2024-03-14,S003,Chennai Express,Chennai,Stationery,Calculator,397.01,8.0,5.0,3176.08,158.8,3017.28,UPI,Loyalty Member,No
TXN00753,2024-07-04,S002,Banjara Hills Mart,Hyderabad,Stationery,Calculator,409.61,7.0,15.0,2867.27,430.09,2437.18,Cash,Loyalty Member,No
TXN00754,2024-08-24,S005,Pune Retail Hub,Pune,Grocery,Pulses,154.52,1.0,0.0,154.52,0.0,154.52,Debit Card,Loyalty Member,No
TXN00755,2024-03-07,S003,Chennai Express,Chennai,Clothing,Saree,2540.97,3.0,15.0,7622.91,1143.44,6479.47,Net Banking,Walk-in,Yes
TXN00756,2024-08-26,S002,Banjara Hills Mart,Hyderabad,Home Appliances,Fan,1561.48,6.0,10.0,9368.88,936.89,8431.99,Credit Card,Online,No
TXN00757,2024-12-16,S004,Mumbai Metro Store,Mumbai,Grocery,Pulses,144.4,6.0,5.0,866.4,43.32,823.08,Net Banking,Corporate,No
TXN00758,2024-08-02,S005,Pune Retail Hub,Pune,Stationery,File Folder,81.12,5.0,10.0,405.6,40.56,365.04,Net Banking,Loyalty Member,No
TXN00759,2024-05-25,S004,Mumbai Metro Store,Mumbai,Electronics,Smart Watch,6089.96,1.0,10.0,6089.96,609.0,5480.96,UPI,Walk-in,No
TXN00760,2024-01-27,S004,Mumbai Metro Store,Mumbai,Clothing,T-Shirt,584.39,4.0,5.0,2337.56,116.88,2220.68,Credit Card,Corporate,No
TXN00761,2024-11-05,S005,Pune Retail Hub,Pune,Clothing,Saree,2527.94,3.0,0.0,7583.82,0.0,7583.82,Net Banking,Walk-in,No
TXN00762,2024-02-13,S005,Pune Retail Hub,Pune,Stationery,Stapler,153.38,7.0,5.0,1073.66,53.68,1019.98,Net Banking,Online,No
TXN00763,2024-07-17,S004,Mumbai Metro Store,Mumbai,Grocery,Flour (10kg),285.9,3.0,15.0,857.7,128.66,729.04,Credit Card,Loyalty Member,No
TXN00764,2024-11-24,S002,Banjara Hills Mart,Hyderabad,Grocery,Pulses,156.03,7.0,10.0,1092.21,109.22,982.99,UPI,Online,No
TXN00765,2024-04-11,S004,Mumbai Metro Store,Mumbai,Stationery,Notebook Set,208.49,1.0,20.0,208.49,41.7,166.79,UPI,Walk-in,No
TXN00766,2024-07-14,S002,Banjara Hills Mart,Hyderabad,Electronics,Mobile Phone,10305.89,2.0,20.0,20611.78,4122.36,16489.42,UPI,Corporate,No
TXN00767,2024-04-02,S001,Hyderabad Central,Hyderabad,Home Appliances,Water Purifier,8632.83,1.0,20.0,8632.83,1726.57,6906.26,Cash,Online,No
TXN00768,2024-06-17,S002,Banjara Hills Mart,Hyderabad,Home Appliances,Fan,1620.77,1.0,10.0,1620.77,162.08,1458.69,Cash,Loyalty Member,No
TXN00769,2024-01-29,S002,Banjara Hills Mart,Hyderabad,Stationery,Stapler,152.65,7.0,5.0,1068.55,53.43,1015.12,UPI,Loyalty Member,No
TXN00770,2024-11-20,S004,Mumbai Metro Store,Mumbai,Grocery,Spices Pack,94.48,5.0,0.0,472.4,0.0,472.4,UPI,Walk-in,No
TXN00771,2024-04-24,S003,Chennai Express,Chennai,Electronics,Tablet,18240.27,2.0,20.0,36480.54,7296.11,29184.43,Cash,Loyalty Member,No
TXN00772,2024-05-22,S005,Pune Retail Hub,Pune,Stationery,Calculator,392.56,5.0,20.0,1962.8,392.56,1570.24,Credit Card,Corporate,Yes
TXN00773,2024-09-14,S003,Chennai Express,Chennai,Stationery,File Folder,79.1,6.0,5.0,474.6,23.73,450.87,UPI,Walk-in,No
TXN00774,2024-05-10,S004,Mumbai Metro Store,Mumbai,Grocery,Pulses,152.65,8.0,5.0,1221.2,61.06,1160.14,UPI,Corporate,No
TXN00775,2024-05-17,S004,Mumbai Metro Store,Mumbai,Clothing,T-Shirt,600.01,1.0,15.0,600.01,90.0,510.01,Cash,Loyalty Member,No
TXN00776,2024-01-07,S005,Pune Retail Hub,Pune,Electronics,Tablet,19651.72,5.0,15.0,98258.6,14738.79,83519.81,Debit Card,Loyalty Member,No
TXN00777,2024-01-19,S003,Chennai Express,Chennai,Grocery,Spices Pack,101.59,3.0,20.0,304.77,60.95,243.82,Credit Card,Loyalty Member,No
TXN00778,2024-02-25,S003,Chennai Express,Chennai,Electronics,Mobile Phone,9850.98,3.0,15.0,29552.94,4432.94,25120.0,Credit Card,Loyalty Member,No
TXN00779,2024-02-06,S004,Mumbai Metro Store,Mumbai,Clothing,T-Shirt,602.34,8.0,5.0,4818.72,240.94,4577.78,Debit Card,Walk-in,No
TXN00780,2024-12-01,S004,Mumbai Metro Store,Mumbai,Electronics,Mobile Phone,9701.25,6.0,10.0,58207.5,5820.75,52386.75,UPI,Walk-in,Yes
TXN00781,2024-08-18,S003,Chennai Express,Chennai,Electronics,Tablet,19576.95,4.0,5.0,78307.8,3915.39,74392.41,Cash,Loyalty Member,No
TXN00782,2024-01-20,S002,Banjara Hills Mart,Hyderabad,Grocery,Rice (5kg),357.04,4.0,20.0,1428.16,285.63,1142.53,Net Banking,Loyalty Member,No
TXN00783,2024-10-04,S002,Banjara Hills Mart,Hyderabad,Grocery,Pulses,155.14,6.0,20.0,930.84,186.17,744.67,Debit Card,Online,No
TXN00784,2024-04-07,S001,Hyderabad Central,Hyderabad,Clothing,Jacket,2056.85,5.0,15.0,10284.25,1542.64,8741.61,Cash,Loyalty Member,No
TXN00785,2024-12-07,S002,Banjara Hills Mart,Hyderabad,Clothing,Jacket,2063.32,1.0,15.0,2063.32,309.5,1753.82,Cash,Corporate,No
TXN00786,2024-01-11,S001,Hyderabad Central,Hyderabad,Grocery,Flour (10kg),295.01,6.0,20.0,1770.06,354.01,1416.05,UPI,Corporate,No
TXN00787,2024-11-16,S005,Pune Retail Hub,Pune,Electronics,Mobile Phone,10000.29,2.0,5.0,20000.58,1000.03,19000.55,Net Banking,Loyalty Member,No
TXN00788,,S005,Pune Retail Hub,Pune,Clothing,Formal Shirt,881.37,4.0,-5.0,,,,Cash,Loyalty Member,Yes
TXN00789,2024-01-07,S002,Banjara Hills Mart,Hyderabad,Stationery,Notebook Set,205.96,7.0,0.0,1441.72,0.0,1441.72,Debit Card,Walk-in,No
TXN00790,2024-03-31,S001,Hyderabad Central,Hyderabad,Stationery,Calculator,395.39,1.0,0.0,395.39,0.0,395.39,UPI,Online,No
TXN00791,2024-05-22,S004,Mumbai Metro Store,Mumbai,Clothing,Jacket,2091.08,8.0,20.0,16728.64,3345.73,13382.91,Credit Card,Walk-in,No
TXN00792,2024-11-01,S005,Pune Retail Hub,Pune,Clothing,T-Shirt,626.01,1.0,0.0,626.01,0.0,626.01,Debit Card,Loyalty Member,No
TXN00793,2024-10-26,S003,Chennai Express,Chennai,Clothing,T-Shirt,622.43,8.0,10.0,4979.44,497.94,4481.5,Credit Card,Loyalty Member,No
TXN00794,2024-12-21,S002,Banjara Hills Mart,Hyderabad,Clothing,Saree,2619.13,5.0,0.0,13095.65,0.0,13095.65,Debit Card,Corporate,No
TXN00795,2024-04-15,S004,Mumbai Metro Store,Mumbai,Clothing,Jeans,1239.93,2.0,15.0,2479.86,371.98,2107.88,Debit Card,Walk-in,No
TXN00796,2024-03-03,S003,Chennai Express,Chennai,Clothing,Saree,2425.13,1.0,15.0,2425.13,363.77,2061.36,Credit Card,Online,No
TXN00797,2024-03-16,S001,Hyderabad Central,Hyderabad,Stationery,Pen Box,94.81,2.0,0.0,189.62,0.0,189.62,Cash,Loyalty Member,No
TXN00798,2024-09-30,S004,Mumbai Metro Store,Mumbai,Stationery,Pen Box,100.82,6.0,10.0,604.92,60.49,544.43,Debit Card,Corporate,No
TXN00799,2024-04-23,S005,Pune Retail Hub,Pune,Stationery,Stapler,144.74,7.0,5.0,1013.18,50.66,962.52,Debit Card,Online,No
TXN00800,2024-08-20,S003,Chennai Express,Chennai,Clothing,Jeans,1343.3,6.0,10.0,8059.8,805.98,7253.82,Net Banking,Online,Yes
TXN00801,2024-01-01,S003,Chennai Express,Chennai,Grocery,Rice (5kg),365.16,8.0,10.0,2921.28,292.13,2629.15,Debit Card,Loyalty Member,No
TXN00802,2024-12-13,S005,Pune Retail Hub,Pune,Electronics,Smart Watch,5777.58,8.0,5.0,46220.64,2311.03,43909.61,Net Banking,Walk-in,No
TXN00803,2024-07-25,S002,Banjara Hills Mart,Hyderabad,Clothing,Jeans,1279.33,7.0,15.0,8955.31,1343.3,7612.01,Net Banking,Corporate,No
TXN00804,2024-12-13,S005,Pune Retail Hub,Pune,Clothing,Jacket,2033.17,2.0,5.0,4066.34,203.32,3863.02,Credit Card,Online,No
TXN00805,2024-08-22,S002,Banjara Hills Mart,Hyderabad,Grocery,Spices Pack,94.79,3.0,15.0,284.37,42.66,241.71,UPI,Loyalty Member,No
TXN00806,2024-06-05,S005,Pune Retail Hub,Pune,Grocery,Cooking Oil,198.39,8.0,20.0,1587.12,317.42,1269.7,UPI,Loyalty Member,No
TXN00807,2024-01-05,S002,Banjara Hills Mart,Hyderabad,Clothing,T-Shirt,584.11,2.0,10.0,1168.22,116.82,1051.4,Debit Card,Walk-in,No
TXN00808,2024-03-03,S002,Banjara Hills Mart,Hyderabad,Stationery,Calculator,395.18,3.0,0.0,1185.54,0.0,1185.54,Net Banking,Online,No
TXN00809,2024-05-29,S005,Pune Retail Hub,Pune,Electronics,Earphones,1551.49,2.0,5.0,3102.98,155.15,2947.83,Credit Card,Loyalty Member,No
TXN00810,2024-05-08,S003,Chennai Express,Chennai,Stationery,File Folder,81.17,2.0,20.0,162.34,32.47,129.87,Cash,Corporate,No
TXN00811,2024-04-01,S001,Hyderabad Central,Hyderabad,Electronics,Earphones,1565.02,6.0,0.0,9390.12,0.0,9390.12,Net Banking,Online,No
TXN00812,2024-07-05,S002,Banjara Hills Mart,Hyderabad,Home Appliances,Iron Box,892.0,3.0,15.0,2676.0,401.4,2274.6,Debit Card,Online,No
TXN00813,2024-03-21,S002,Banjara Hills Mart,Hyderabad,Home Appliances,Microwave,6240.11,7.0,15.0,43680.77,6552.12,37128.65,Debit Card,Loyalty Member,Yes
TXN00814,2024-01-21,S003,Chennai Express,Chennai,Grocery,Pulses,151.37,7.0,15.0,1059.59,158.94,900.65,Net Banking,Walk-in,No
TXN00815,2024-07-21,S005,Pune Retail Hub,Pune,Stationery,File Folder,81.14,6.0,5.0,486.84,24.34,462.5,Cash,Walk-in,No
TXN00816,2024-03-12,S002,Banjara Hills Mart,Hyderabad,Electronics,Smart Watch,6211.0,2.0,5.0,12422.0,621.1,11800.9,Credit Card,Corporate,No
TXN00817,2024-07-13,S001,Hyderabad Central,Hyderabad,Clothing,Formal Shirt,926.7,5.0,10.0,4633.5,463.35,4170.15,Cash,Loyalty Member,No
TXN00818,2024-07-06,S004,Mumbai Metro Store,Mumbai,Home Appliances,Water Purifier,9279.28,2.0,15.0,18558.56,2783.78,15774.78,Net Banking,Online,No
TXN00819,2024-11-19,S004,Mumbai Metro Store,Mumbai,Electronics,Laptop,45824.73,1.0,5.0,45824.73,2291.24,43533.49,Cash,Corporate,No
TXN00820,2024-06-02,S003,Chennai Express,Chennai,Grocery,Rice (5kg),350.54,7.0,20.0,2453.78,490.76,1963.02,Debit Card,Walk-in,No
TXN00821,2024-01-03,S005,Pune Retail Hub,Pune,Stationery,Notebook Set,191.75,6.0,15.0,1150.5,172.57,977.93,Debit Card,Walk-in,No
TXN00822,2024-06-13,S002,Banjara Hills Mart,Hyderabad,Stationery,Notebook Set,190.25,8.0,0.0,1522.0,0.0,1522.0,Credit Card,Loyalty Member,No
TXN00823,2024-05-23,S003,Chennai Express,Chennai,Electronics,Mobile Phone,9714.18,3.0,10.0,29142.54,2914.25,26228.29,Net Banking,Walk-in,No
TXN00824,2024-08-21,S002,Banjara Hills Mart,Hyderabad,Grocery,Pulses,149.83,5.0,5.0,749.15,37.46,711.69,UPI,Corporate,No
TXN00825,2024-03-10,S001,Hyderabad Central,Hyderabad,Home Appliances,Fan,1548.66,5.0,15.0,7743.3,1161.49,6581.81,UPI,Loyalty Member,No
TXN00826,2024-05-28,S002,Banjara Hills Mart,Hyderabad,Stationery,Calculator,394.87,4.0,0.0,1579.48,0.0,1579.48,Credit Card,Walk-in,No
TXN00827,2024-05-08,S001,Hyderabad Central,Hyderabad,Stationery,Pen Box,102.16,4.0,15.0,408.64,61.3,347.34,Credit Card,Loyalty Member,No
TXN00828,2024-07-06,S004,Mumbai Metro Store,Mumbai,Electronics,Earphones,1522.94,2.0,0.0,3045.88,0.0,3045.88,Credit Card,Online,No
TXN00829,,S002,Banjara Hills Mart,Hyderabad,Home Appliances,Microwave,6437.12,,101.0,,,,Cash,Corporate,No
TXN00830,2024-03-12,S003,Chennai Express,Chennai,Home Appliances,Fan,1574.16,7.0,20.0,11019.12,2203.82,8815.3,Debit Card,Online,No
TXN00831,2024-04-18,S005,Pune Retail Hub,Pune,Grocery,Rice (5kg),340.73,6.0,0.0,2044.38,0.0,2044.38,Cash,Walk-in,No
TXN00832,2024-08-24,S005,Pune Retail Hub,Pune,Home Appliances,Mixer Grinder,2863.92,4.0,5.0,11455.68,572.78,10882.9,Net Banking,Online,No
TXN00833,,S004,Mumbai Metro Store,Mumbai,Grocery,Flour (10kg),288.61,9.0,,,,,Debit Card,Corporate,No
TXN00834,2024-05-13,S001,Hyderabad Central,Hyderabad,Home Appliances,Fan,1535.14,1.0,5.0,1535.14,76.76,1458.38,Net Banking,Walk-in,No
TXN00835,2024-02-28,S002,Banjara Hills Mart,Hyderabad,Stationery,Stapler,155.68,4.0,15.0,622.72,93.41,529.31,Cash,Corporate,No
TXN00836,2024-09-08,S005,Pune Retail Hub,Pune,Electronics,Earphones,1543.17,6.0,5.0,9259.02,462.95,8796.07,Credit Card,Loyalty Member,Yes
TXN00837,2024-10-12,S003,Chennai Express,Chennai,Stationery,Calculator,404.3,6.0,20.0,2425.8,485.16,1940.64,Net Banking,Online,Yes
TXN00838,2024-06-12,S004,Mumbai Metro Store,Mumbai,Grocery,Spices Pack,102.45,2.0,15.0,204.9,30.73,174.17,Debit Card,Walk-in,No
TXN00839,2024-02-12,S001,Hyderabad Central,Hyderabad,Grocery,Cooking Oil,189.61,3.0,5.0,568.83,28.44,540.39,Net Banking,Online,No
TXN00840,2024-09-07,S003,Chennai Express,Chennai,Home Appliances,Water Purifier,9032.4,4.0,20.0,36129.6,7225.92,28903.68,UPI,Corporate,No
TXN00841,2024-01-10,S002,Banjara Hills Mart,Hyderabad,Clothing,Jacket,1997.54,8.0,15.0,15980.32,2397.05,13583.27,UPI,Loyalty Member,No
TXN00842,2024-05-17,S002,Banjara Hills Mart,Hyderabad,Clothing,Jeans,1345.69,5.0,10.0,6728.45,672.85,6055.6,Cash,Corporate,Yes
TXN00843,2024-03-06,S001,Hyderabad Central,Hyderabad,Home Appliances,Fan,1591.23,6.0,5.0,9547.38,477.37,9070.01,Debit Card,Corporate,No
TXN00844,2024-06-28,S002,Banjara Hills Mart,Hyderabad,Home Appliances,Water Purifier,8853.37,6.0,10.0,53120.22,5312.02,47808.2,Cash,Loyalty Member,No
TXN00845,2024-12-14,S002,Banjara Hills Mart,Hyderabad,Stationery,Pen Box,96.47,8.0,15.0,771.76,115.76,656.0,Credit Card,Online,No
TXN00846,2024-10-24,S001,Hyderabad Central,Hyderabad,Electronics,Laptop,45566.97,3.0,10.0,136700.91,13670.09,123030.82,UPI,Walk-in,No
TXN00847,2024-10-28,S001,Hyderabad Central,Hyderabad,Home Appliances,Fan,1540.95,6.0,0.0,9245.7,0.0,9245.7,Credit Card,Loyalty Member,No
TXN00848,2024-04-02,S003,Chennai Express,Chennai,Grocery,Cooking Oil,184.07,3.0,0.0,552.21,0.0,552.21,Cash,Corporate,No
TXN00849,2024-08-30,S002,Banjara Hills Mart,Hyderabad,Grocery,Pulses,149.59,3.0,0.0,448.77,0.0,448.77,Credit Card,Loyalty Member,No
TXN00850,2024-11-12,S002,Banjara Hills Mart,Hyderabad,Grocery,Pulses,153.58,8.0,5.0,1228.64,61.43,1167.21,Debit Card,Walk-in,No
TXN00851,2024-02-17,S004,Mumbai Metro Store,Mumbai,Home Appliances,Mixer Grinder,2823.27,2.0,20.0,5646.54,1129.31,4517.23,UPI,Corporate,No
TXN00852,2024-10-02,S001,Hyderabad Central,Hyderabad,Home Appliances,Iron Box,886.76,2.0,0.0,1773.52,0.0,1773.52,Credit Card,Online,No
TXN00853,2024-01-04,S001,Hyderabad Central,Hyderabad,Home Appliances,Iron Box,863.07,2.0,15.0,1726.14,258.92,1467.22,Credit Card,Loyalty Member,No
TXN00854,2024-08-20,S003,Chennai Express,Chennai,Grocery,Spices Pack,96.04,7.0,5.0,672.28,33.61,638.67,Debit Card,Loyalty Member,No
TXN00855,2024-08-17,S001,Hyderabad Central,Hyderabad,Home Appliances,Mixer Grinder,2884.02,8.0,0.0,23072.16,0.0,23072.16,Credit Card,Walk-in,No
TXN00856,2024-05-21,S004,Mumbai Metro Store,Mumbai,Grocery,Flour (10kg),292.98,3.0,10.0,878.94,87.89,791.05,Credit Card,Walk-in,Yes
TXN00857,2024-12-11,S004,Mumbai Metro Store,Mumbai,Clothing,T-Shirt,602.84,6.0,0.0,3617.04,0.0,3617.04,UPI,Online,No
TXN00858,2024-03-30,S005,Pune Retail Hub,Pune,Electronics,Earphones,1435.65,3.0,0.0,4306.95,0.0,4306.95,Net Banking,Corporate,No
TXN00859,2024-06-29,S002,Banjara Hills Mart,Hyderabad,Stationery,Pen Box,94.12,5.0,0.0,470.6,0.0,470.6,Cash,Loyalty Member,No
TXN00860,2024-06-12,S004,Mumbai Metro Store,Mumbai,Grocery,Cooking Oil,192.82,2.0,15.0,385.64,57.85,327.79,Debit Card,Walk-in,No
TXN00861,2024-10-02,S003,Chennai Express,Chennai,Stationery,Notebook Set,207.02,4.0,10.0,828.08,82.81,745.27,Credit Card,Corporate,No
TXN00862,2024-04-18,S002,Banjara Hills Mart,Hyderabad,Stationery,File Folder,76.77,7.0,20.0,537.39,107.48,429.91,Credit Card,Walk-in,No
TXN00863,2024-08-28,S004,Mumbai Metro Store,Mumbai,Grocery,Pulses,155.96,4.0,20.0,623.84,124.77,499.07,Cash,Corporate,No
TXN00864,2024-02-05,S003,Chennai Express,Chennai,Electronics,Laptop,45454.39,3.0,15.0,136363.17,20454.48,115908.69,Credit Card,Online,No
TXN00865,2024-11-27,S004,Mumbai Metro Store,Mumbai,Clothing,Formal Shirt,883.66,3.0,20.0,2650.98,530.2,2120.78,Debit Card,Loyalty Member,No
TXN00866,2024-02-12,S004,Mumbai Metro Store,Mumbai,Stationery,File Folder,76.1,4.0,15.0,304.4,45.66,258.74,Net Banking,Walk-in,No
TXN00867,2024-07-27,S003,Chennai Express,Chennai,Clothing,Jacket,2070.13,6.0,10.0,12420.78,1242.08,11178.7,Debit Card,Walk-in,No
TXN00868,2024-03-24,S005,Pune Retail Hub,Pune,Electronics,Mobile Phone,9921.8,3.0,10.0,29765.4,2976.54,26788.86,Net Banking,Corporate,No
TXN00869,2024-03-07,S002,Banjara Hills Mart,Hyderabad,Clothing,Jacket,2045.99,8.0,0.0,16367.92,0.0,16367.92,Credit Card,Loyalty Member,No
TXN00870,2024-04-27,S002,Banjara Hills Mart,Hyderabad,Grocery,Cooking Oil,198.29,6.0,10.0,1189.74,118.97,1070.77,Debit Card,Online,No
TXN00871,2024-10-17,S002,Banjara Hills Mart,Hyderabad,Electronics,Mobile Phone,10280.98,5.0,10.0,51404.9,5140.49,46264.41,UPI,Loyalty Member,No
TXN00872,2024-04-03,S004,Mumbai Metro Store,Mumbai,Home Appliances,Water Purifier,9254.91,8.0,0.0,74039.28,0.0,74039.28,Net Banking,Loyalty Member,No
TXN00873,2024-10-10,S004,Mumbai Metro Store,Mumbai,Stationery,File Folder,75.33,5.0,10.0,376.65,37.66,338.99,Debit Card,Loyalty Member,No
TXN00874,,S004,Mumbai Metro Store,Mumbai,Stationery,Pen Box,95.18,3.0,-5.0,,,,Cash,Loyalty Member,No
TXN00875,2024-09-03,S001,Hyderabad Central,Hyderabad,Grocery,Pulses,146.02,5.0,15.0,730.1,109.52,620.58,Net Banking,Corporate,No
TXN00876,2024-03-04,S005,Pune Retail Hub,Pune,Grocery,Spices Pack,99.01,8.0,15.0,792.08,118.81,673.27,UPI,Loyalty Member,No
TXN00877,2024-03-14,S001,Hyderabad Central,Hyderabad,Grocery,Spices Pack,96.96,3.0,5.0,290.88,14.54,276.34,Debit Card,Walk-in,No
TXN00878,2024-08-04,S001,Hyderabad Central,Hyderabad,Grocery,Flour (10kg),312.93,2.0,20.0,625.86,125.17,500.69,Credit Card,Loyalty Member,No
TXN00879,2024-07-20,S003,Chennai Express,Chennai,Stationery,File Folder,82.27,1.0,15.0,82.27,12.34,69.93,Cash,Corporate,No
TXN00880,2024-12-11,S002,Banjara Hills Mart,Hyderabad,Electronics,Mobile Phone,10036.99,5.0,5.0,50184.95,2509.25,47675.7,Net Banking,Walk-in,No
TXN00881,2024-04-06,S001,Hyderabad Central,Hyderabad,Grocery,Pulses,155.88,2.0,5.0,311.76,15.59,296.17,Debit Card,Walk-in,No
TXN00882,,S003,Chennai Express,Chennai,Clothing,Formal Shirt,864.37,4.0,101.0,,,,Credit Card,Loyalty Member,No
TXN00883,2024-09-03,S004,Mumbai Metro Store,Mumbai,Stationery,File Folder,80.24,4.0,15.0,320.96,48.14,272.82,Debit Card,Walk-in,No
TXN00884,2024-06-26,S004,Mumbai Metro Store,Mumbai,Home Appliances,Fan,1564.75,6.0,5.0,9388.5,469.43,8919.07,Debit Card,Online,No
TXN00885,2024-03-02,S005,Pune Retail Hub,Pune,Electronics,Tablet,19699.49,5.0,5.0,98497.45,4924.87,93572.58,UPI,Corporate,No
TXN00886,2024-01-16,S005,Pune Retail Hub,Pune,Electronics,Earphones,1498.61,2.0,0.0,2997.22,0.0,2997.22,Net Banking,Corporate,No
TXN00887,2024-09-19,S002,Banjara Hills Mart,Hyderabad,Clothing,Jeans,1272.81,8.0,20.0,10182.48,2036.5,8145.98,Credit Card,Loyalty Member,No
TXN00888,2024-03-23,S002,Banjara Hills Mart,Hyderabad,Home Appliances,Microwave,6248.68,3.0,10.0,18746.04,1874.6,16871.44,Cash,Loyalty Member,No
TXN00889,2024-04-11,S004,Mumbai Metro Store,Mumbai,Grocery,Pulses,146.73,5.0,10.0,733.65,73.36,660.29,UPI,Walk-in,No
TXN00890,2024-06-06,S005,Pune Retail Hub,Pune,Electronics,Mobile Phone,9984.0,1.0,10.0,9984.0,998.4,8985.6,Credit Card,Corporate,No
TXN00891,2024-03-08,S003,Chennai Express,Chennai,Home Appliances,Fan,1594.91,2.0,20.0,3189.82,637.96,2551.86,Cash,Online,No
TXN00892,2024-12-26,S002,Banjara Hills Mart,Hyderabad,Electronics,Earphones,1558.91,8.0,10.0,12471.28,1247.13,11224.15,Net Banking,Online,No
TXN00893,2024-09-04,S004,Mumbai Metro Store,Mumbai,Electronics,Mobile Phone,10130.57,4.0,0.0,40522.28,0.0,40522.28,UPI,Loyalty Member,No
TXN00894,2024-10-26,S003,Chennai Express,Chennai,Grocery,Flour (10kg),290.2,3.0,0.0,870.6,0.0,870.6,Cash,Walk-in,No
TXN00895,2024-08-08,S005,Pune Retail Hub,Pune,Grocery,Cooking Oil,197.55,5.0,5.0,987.75,49.39,938.36,Credit Card,Corporate,No
TXN00896,2024-10-28,S001,Hyderabad Central,Hyderabad,Stationery,File Folder,80.05,1.0,20.0,80.05,16.01,64.04,Cash,Corporate,No
TXN00897,2024-07-14,S004,Mumbai Metro Store,Mumbai,Grocery,Spices Pack,100.67,6.0,20.0,604.02,120.8,483.22,Cash,Loyalty Member,No
TXN00898,2024-05-13,S003,Chennai Express,Chennai,Stationery,File Folder,75.7,2.0,0.0,151.4,0.0,151.4,Debit Card,Loyalty Member,No
TXN00899,,S005,Pune Retail Hub,Pune,Clothing,Jacket,1931.86,1.0,101.0,,,,UPI,Corporate,Yes
TXN00900,2024-08-02,S003,Chennai Express,Chennai,Stationery,File Folder,79.05,5.0,15.0,395.25,59.29,335.96,Net Banking,Walk-in,No
TXN00901,2024-02-24,S003,Chennai Express,Chennai,Home Appliances,Iron Box,915.11,6.0,0.0,5490.66,0.0,5490.66,Debit Card,Walk-in,No
TXN00902,2024-09-05,S001,Hyderabad Central,Hyderabad,Electronics,Laptop,47581.59,5.0,15.0,237907.95,35686.19,202221.76,Credit Card,Online,No
TXN00903,2024-10-22,S004,Mumbai Metro Store,Mumbai,Grocery,Rice (5kg),363.62,4.0,0.0,1454.48,0.0,1454.48,Debit Card,Loyalty Member,No
TXN00904,2024-04-06,S003,Chennai Express,Chennai,Electronics,Earphones,1513.47,3.0,0.0,4540.41,0.0,4540.41,Debit Card,Loyalty Member,No
TXN00905,2024-08-02,S005,Pune Retail Hub,Pune,Grocery,Flour (10kg),288.55,3.0,20.0,865.65,173.13,692.52,Cash,Loyalty Member,No
TXN00906,2024-08-14,S004,Mumbai Metro Store,Mumbai,Grocery,Pulses,147.57,8.0,10.0,1180.56,118.06,1062.5,Debit Card,Online,No
TXN00907,2024-08-25,S002,Banjara Hills Mart,Hyderabad,Home Appliances,Iron Box,907.18,3.0,15.0,2721.54,408.23,2313.31,Cash,Walk-in,Yes
TXN00908,2024-11-22,S005,Pune Retail Hub,Pune,Home Appliances,Mixer Grinder,2667.91,3.0,5.0,8003.73,400.19,7603.54,Net Banking,Walk-in,No
TXN00909,2024-04-13,S004,Mumbai Metro Store,Mumbai,Clothing,T-Shirt,617.15,2.0,20.0,1234.3,246.86,987.44,Cash,Online,No
TXN00910,2024-02-14,S003,Chennai Express,Chennai,Home Appliances,Iron Box,929.64,6.0,15.0,5577.84,836.68,4741.16,Credit Card,Loyalty Member,No
TXN00911,2024-11-18,S005,Pune Retail Hub,Pune,Grocery,Flour (10kg),310.96,7.0,15.0,2176.72,326.51,1850.21,Debit Card,Loyalty Member,No
TXN00912,2024-03-28,S002,Banjara Hills Mart,Hyderabad,Electronics,Smart Watch,5945.84,1.0,10.0,5945.84,594.58,5351.26,Credit Card,Walk-in,No
TXN00913,,S005,Pune Retail Hub,Pune,Electronics,Earphones,1475.52,2.0,101.0,,,,Debit Card,Loyalty Member,No
TXN00914,2024-06-18,S001,Hyderabad Central,Hyderabad,Clothing,T-Shirt,581.7,6.0,0.0,3490.2,0.0,3490.2,UPI,Online,No
TXN00915,2024-08-09,S002,Banjara Hills Mart,Hyderabad,Stationery,Pen Box,95.26,8.0,10.0,762.08,76.21,685.87,Net Banking,Walk-in,No
TXN00916,2024-04-30,S005,Pune Retail Hub,Pune,Electronics,Earphones,1517.34,2.0,5.0,3034.68,151.73,2882.95,Credit Card,Online,No
TXN00917,2024-05-11,S002,Banjara Hills Mart,Hyderabad,Grocery,Rice (5kg),338.96,5.0,20.0,1694.8,338.96,1355.84,UPI,Loyalty Member,Yes
TXN00918,2024-06-06,S003,Chennai Express,Chennai,Stationery,File Folder,78.96,7.0,10.0,552.72,55.27,497.45,Cash,Corporate,No
TXN00919,2024-01-16,S001,Hyderabad Central,Hyderabad,Electronics,Tablet,18902.28,5.0,15.0,94511.4,14176.71,80334.69,Net Banking,Walk-in,No
TXN00920,2024-02-04,S005,Pune Retail Hub,Pune,Electronics,Mobile Phone,9740.81,7.0,5.0,68185.67,3409.28,64776.39,Net Banking,Walk-in,No
TXN00921,2024-11-12,S001,Hyderabad Central,Hyderabad,Electronics,Smart Watch,5721.36,5.0,5.0,28606.8,1430.34,27176.46,Credit Card,Walk-in,No
TXN00922,2024-11-07,S003,Chennai Express,Chennai,Clothing,Saree,2500.69,2.0,10.0,5001.38,500.14,4501.24,UPI,Corporate,No
TXN00923,2024-08-16,S001,Hyderabad Central,Hyderabad,Clothing,Formal Shirt,906.3,6.0,5.0,5437.8,271.89,5165.91,UPI,Corporate,No
TXN00924,2024-06-08,S004,Mumbai Metro Store,Mumbai,Grocery,Flour (10kg),303.9,1.0,10.0,303.9,30.39,273.51,UPI,Online,No
TXN00925,2024-08-05,S002,Banjara Hills Mart,Hyderabad,Clothing,Jeans,1360.65,2.0,15.0,2721.3,408.19,2313.11,UPI,Loyalty Member,No
TXN00926,2024-02-22,S004,Mumbai Metro Store,Mumbai,Electronics,Mobile Phone,9800.1,5.0,0.0,49000.5,0.0,49000.5,UPI,Online,No
TXN00927,2024-05-31,S005,Pune Retail Hub,Pune,Stationery,Notebook Set,206.47,5.0,5.0,1032.35,51.62,980.73,Debit Card,Online,No
TXN00928,2024-12-21,S005,Pune Retail Hub,Pune,Grocery,Rice (5kg),354.06,2.0,15.0,708.12,106.22,601.9,Debit Card,Online,No
TXN00929,2024-07-07,S004,Mumbai Metro Store,Mumbai,Stationery,Notebook Set,193.89,2.0,20.0,387.78,77.56,310.22,Cash,Loyalty Member,No
TXN00930,2024-12-07,S002,Banjara Hills Mart,Hyderabad,Clothing,Jacket,1960.67,3.0,20.0,5882.01,1176.4,4705.61,Cash,Loyalty Member,No
TXN00931,2024-10-04,S004,Mumbai Metro Store,Mumbai,Clothing,T-Shirt,599.09,7.0,20.0,4193.63,838.73,3354.9,Credit Card,Corporate,No
TXN00932,2024-10-28,S004,Mumbai Metro Store,Mumbai,Home Appliances,Iron Box,893.43,6.0,5.0,5360.58,268.03,5092.55,Credit Card,Online,No
TXN00933,,S003,Chennai Express,Chennai,Stationery,Notebook Set,197.11,4.0,,,,,Credit Card,Online,No
TXN00934,2024-08-19,S005,Pune Retail Hub,Pune,Clothing,Jeans,1347.27,4.0,20.0,5389.08,1077.82,4311.26,Cash,Walk-in,No
TXN00935,2024-04-01,S002,Banjara Hills Mart,Hyderabad,Grocery,Pulses,148.44,5.0,5.0,742.2,37.11,705.09,UPI,Walk-in,No
TXN00936,2024-03-13,S003,Chennai Express,Chennai,Clothing,T-Shirt,590.21,7.0,20.0,4131.47,826.29,3305.18,Debit Card,Corporate,No
TXN00937,2024-04-07,S004,Mumbai Metro Store,Mumbai,Stationery,File Folder,79.33,3.0,10.0,237.99,23.8,214.19,Debit Card,Walk-in,No
TXN00938,2024-07-01,S003,Chennai Express,Chennai,Electronics,Earphones,1493.5,6.0,15.0,8961.0,1344.15,7616.85,Cash,Loyalty Member,No
TXN00939,2024-02-25,S001,Hyderabad Central,Hyderabad,Clothing,Saree,2395.45,8.0,0.0,19163.6,0.0,19163.6,UPI,Walk-in,No
TXN00940,2024-06-30,S001,Hyderabad Central,Hyderabad,Grocery,Rice (5kg),352.55,7.0,0.0,2467.85,0.0,2467.85,Credit Card,Walk-in,Yes
TXN00941,2024-12-12,S003,Chennai Express,Chennai,Clothing,T-Shirt,574.63,4.0,0.0,2298.52,0.0,2298.52,Cash,Corporate,No
TXN00942,2024-05-01,S001,Hyderabad Central,Hyderabad,Grocery,Cooking Oil,192.99,5.0,10.0,964.95,96.5,868.45,Debit Card,Loyalty Member,No
TXN00943,2024-06-07,S001,Hyderabad Central,Hyderabad,Electronics,Mobile Phone,10454.28,8.0,20.0,83634.24,16726.85,66907.39,Cash,Loyalty Member,No
TXN00944,2024-02-26,S005,Pune Retail Hub,Pune,Electronics,Tablet,18760.03,8.0,20.0,150080.24,30016.05,120064.19,Credit Card,Walk-in,No
TXN00945,2024-04-10,S004,Mumbai Metro Store,Mumbai,Grocery,Rice (5kg),342.51,1.0,15.0,342.51,51.38,291.13,Credit Card,Loyalty Member,No
TXN00946,2024-05-15,S001,Hyderabad Central,Hyderabad,Electronics,Tablet,19222.29,1.0,5.0,19222.29,961.11,18261.18,UPI,Loyalty Member,No
TXN00947,2024-05-15,S003,Chennai Express,Chennai,Clothing,T-Shirt,616.56,7.0,5.0,4315.92,215.8,4100.12,Cash,Online,Yes
TXN00948,2024-09-14,S003,Chennai Express,Chennai,Grocery,Spices Pack,101.58,8.0,0.0,812.64,0.0,812.64,Debit Card,Walk-in,No
TXN00949,2024-11-11,S002,Banjara Hills Mart,Hyderabad,Stationery,Pen Box,102.31,7.0,20.0,716.17,143.23,572.94,UPI,Walk-in,No
TXN00950,,S003,Chennai Express,Chennai,Electronics,Tablet,19647.17,,,,,,Credit Card,Walk-in,No
TXN00951,2024-04-14,S004,Mumbai Metro Store,Mumbai,Home Appliances,Fan,1638.07,7.0,5.0,11466.49,573.32,10893.17,Cash,Online,No
TXN00952,2024-09-30,S002,Banjara Hills Mart,Hyderabad,Electronics,Smart Watch,5766.9,6.0,20.0,34601.4,6920.28,27681.12,Net Banking,Online,No
TXN00953,2024-02-26,S004,Mumbai Metro Store,Mumbai,Electronics,Smart Watch,6164.13,7.0,10.0,43148.91,4314.89,38834.02,Credit Card,Walk-in,No
TXN00954,2024-12-25,S004,Mumbai Metro Store,Mumbai,Electronics,Mobile Phone,10310.31,5.0,10.0,51551.55,5155.15,46396.4,Credit Card,Online,No
TXN00955,2024-09-23,S001,Hyderabad Central,Hyderabad,Electronics,Tablet,18370.01,3.0,5.0,55110.03,2755.5,52354.53,UPI,Loyalty Member,No
TXN00956,2024-12-08,S001,Hyderabad Central,Hyderabad,Electronics,Tablet,18948.17,3.0,0.0,56844.51,0.0,56844.51,Debit Card,Online,No
TXN00957,2024-10-17,S003,Chennai Express,Chennai,Home Appliances,Fan,1597.34,7.0,20.0,11181.38,2236.28,8945.1,Cash,Walk-in,No
TXN00958,2024-05-17,S003,Chennai Express,Chennai,Home Appliances,Iron Box,866.44,8.0,5.0,6931.52,346.58,6584.94,Net Banking,Corporate,No
TXN00959,2024-07-24,S005,Pune Retail Hub,Pune,Electronics,Earphones,1533.28,3.0,5.0,4599.84,229.99,4369.85,Net Banking,Corporate,No
TXN00960,2024-02-24,S004,Mumbai Metro Store,Mumbai,Electronics,Mobile Phone,10237.92,4.0,20.0,40951.68,8190.34,32761.34,Credit Card,Online,No
TXN00961,2024-08-24,S003,Chennai Express,Chennai,Clothing,Saree,2546.57,8.0,15.0,20372.56,3055.88,17316.68,Credit Card,Walk-in,No
TXN00962,2024-10-28,S005,Pune Retail Hub,Pune,Grocery,Rice (5kg),333.39,1.0,20.0,333.39,66.68,266.71,Cash,Walk-in,No
TXN00963,2024-05-02,S001,Hyderabad Central,Hyderabad,Grocery,Cooking Oil,193.79,5.0,15.0,968.95,145.34,823.61,UPI,Loyalty Member,No
TXN00964,2024-10-07,S004,Mumbai Metro Store,Mumbai,Electronics,Tablet,18566.42,2.0,15.0,37132.84,5569.93,31562.91,Cash,Walk-in,Yes
TXN00965,2024-02-20,S001,Hyderabad Central,Hyderabad,Home Appliances,Fan,1650.74,1.0,0.0,1650.74,0.0,1650.74,UPI,Corporate,No
TXN00966,2024-06-05,S001,Hyderabad Central,Hyderabad,Clothing,Formal Shirt,895.77,3.0,15.0,2687.31,403.1,2284.21,Credit Card,Loyalty Member,No
TXN00967,2024-06-04,S001,Hyderabad Central,Hyderabad,Electronics,Smart Watch,5949.23,5.0,15.0,29746.15,4461.92,25284.23,Debit Card,Walk-in,No
TXN00968,2024-09-08,S004,Mumbai Metro Store,Mumbai,Grocery,Spices Pack,96.54,7.0,15.0,675.78,101.37,574.41,Credit Card,Corporate,No
TXN00969,2024-02-02,S003,Chennai Express,Chennai,Home Appliances,Microwave,6735.32,5.0,0.0,33676.6,0.0,33676.6,Net Banking,Online,No
TXN00970,2024-03-28,S004,Mumbai Metro Store,Mumbai,Grocery,Spices Pack,94.51,4.0,10.0,378.04,37.8,340.24,Net Banking,Online,No
TXN00971,2024-03-07,S004,Mumbai Metro Store,Mumbai,Home Appliances,Iron Box,917.37,1.0,10.0,917.37,91.74,825.63,Cash,Loyalty Member,No
TXN00972,2024-08-28,S001,Hyderabad Central,Hyderabad,Clothing,Formal Shirt,863.65,2.0,10.0,1727.3,172.73,1554.57,Net Banking,Online,No
TXN00973,2024-07-10,S004,Mumbai Metro Store,Mumbai,Electronics,Laptop,46099.05,1.0,0.0,46099.05,0.0,46099.05,Debit Card,Online,No
TXN00974,2024-08-05,S001,Hyderabad Central,Hyderabad,Home Appliances,Mixer Grinder,2868.01,3.0,20.0,8604.03,1720.81,6883.22,Debit Card,Online,No
TXN00975,2024-06-17,S001,Hyderabad Central,Hyderabad,Home Appliances,Iron Box,902.68,7.0,20.0,6318.76,1263.75,5055.01,Credit Card,Online,No
TXN00976,2024-02-13,S003,Chennai Express,Chennai,Clothing,Formal Shirt,878.37,1.0,5.0,878.37,43.92,834.45,Net Banking,Corporate,No
TXN00977,2024-09-04,S002,Banjara Hills Mart,Hyderabad,Home Appliances,Water Purifier,9075.44,2.0,0.0,18150.88,0.0,18150.88,Cash,Online,No
TXN00978,2024-04-14,S002,Banjara Hills Mart,Hyderabad,Grocery,Rice (5kg),340.99,6.0,20.0,2045.94,409.19,1636.75,Debit Card,Loyalty Member,No
TXN00979,2024-02-23,S005,Pune Retail Hub,Pune,Home Appliances,Fan,1602.35,3.0,0.0,4807.05,0.0,4807.05,Cash,Online,No
TXN00980,2024-04-12,S001,Hyderabad Central,Hyderabad,Grocery,Spices Pack,101.34,3.0,15.0,304.02,45.6,258.42,Credit Card,Loyalty Member,No
TXN00981,2024-10-16,S002,Banjara Hills Mart,Hyderabad,Grocery,Flour (10kg),298.66,6.0,20.0,1791.96,358.39,1433.57,Credit Card,Walk-in,No
TXN00982,2024-08-09,S004,Mumbai Metro Store,Mumbai,Home Appliances,Microwave,6551.12,8.0,15.0,52408.96,7861.34,44547.62,UPI,Online,No
TXN00983,,S001,Hyderabad Central,Hyderabad,Electronics,Smart Watch,5925.65,,,,,,Credit Card,Online,No
TXN00984,2024-05-26,S002,Banjara Hills Mart,Hyderabad,Grocery,Pulses,148.3,5.0,15.0,741.5,111.22,630.28,Debit Card,Corporate,No
TXN00985,2024-05-27,S003,Chennai Express,Chennai,Grocery,Cooking Oil,190.02,3.0,0.0,570.06,0.0,570.06,Debit Card,Online,No
TXN00986,2024-01-18,S003,Chennai Express,Chennai,Stationery,Calculator,405.96,4.0,20.0,1623.84,324.77,1299.07,Cash,Loyalty Member,No
TXN00987,2024-03-04,S005,Pune Retail Hub,Pune,Grocery,Spices Pack,99.08,5.0,10.0,495.4,49.54,445.86,Debit Card,Loyalty Member,No
TXN00988,2024-11-26,S004,Mumbai Metro Store,Mumbai,Stationery,Pen Box,95.28,3.0,20.0,285.84,57.17,228.67,Net Banking,Online,No
TXN00989,2024-03-24,S003,Chennai Express,Chennai,Electronics,Laptop,44904.68,4.0,15.0,179618.72,26942.81,152675.91,UPI,Online,No
TXN00990,2024-05-16,S004,Mumbai Metro Store,Mumbai,Electronics,Laptop,46199.21,3.0,5.0,138597.63,6929.88,131667.75,UPI,Loyalty Member,No
TXN00991,2024-09-26,S005,Pune Retail Hub,Pune,Electronics,Smart Watch,5808.18,1.0,5.0,5808.18,290.41,5517.77,UPI,Loyalty Member,No
TXN00992,2024-09-22,S004,Mumbai Metro Store,Mumbai,Clothing,T-Shirt,601.66,1.0,10.0,601.66,60.17,541.49,Credit Card,Corporate,No
TXN00993,2024-08-19,S005,Pune Retail Hub,Pune,Stationery,Notebook Set,196.38,6.0,20.0,1178.28,235.66,942.62,Net Banking,Online,No
TXN00994,2024-03-05,S001,Hyderabad Central,Hyderabad,Home Appliances,Water Purifier,8577.44,6.0,0.0,51464.64,0.0,51464.64,Credit Card,Loyalty Member,No
TXN00995,2024-07-21,S003,Chennai Express,Chennai,Clothing,Jeans,1257.94,4.0,20.0,5031.76,1006.35,4025.41,Debit Card,Walk-in,No
TXN00996,2024-12-05,S005,Pune Retail Hub,Pune,Clothing,Saree,2576.46,3.0,15.0,7729.38,1159.41,6569.97,UPI,Corporate,No
TXN00997,2024-07-15,S005,Pune Retail Hub,Pune,Grocery,Cooking Oil,182.58,4.0,5.0,730.32,36.52,693.8,Credit Card,Corporate,No
TXN00998,2024-02-17,S003,Chennai Express,Chennai,Home Appliances,Mixer Grinder,2806.37,8.0,20.0,22450.96,4490.19,17960.77,UPI,Online,No
TXN00999,,S002,Banjara Hills Mart,Hyderabad,Electronics,Mobile Phone,10040.21,,,,,,Credit Card,Walk-in,No
TXN01000,2024-08-25,S003,Chennai Express,Chennai,Grocery,Spices Pack,101.91,6.0,10.0,611.46,61.15,550.31,Cash,Online,No
TXN01001,2024-02-07,S005,Pune Retail Hub,Pune,Clothing,Formal Shirt,854.72,1.0,10.0,854.72,85.47,769.25,UPI,Walk-in,Yes
TXN01002,2024-05-16,S001,Hyderabad Central,Hyderabad,Grocery,Flour (10kg),289.53,8.0,20.0,2316.24,463.25,1852.99,Net Banking,Online,No
TXN01003,2024-08-02,S003,Chennai Express,Chennai,Clothing,Jeans,1253.7,6.0,15.0,7522.2,1128.33,6393.87,Credit Card,Loyalty Member,No
TXN01004,2024-01-21,S004,Mumbai Metro Store,Mumbai,Grocery,Rice (5kg),360.72,7.0,15.0,2525.04,378.76,2146.28,Cash,Online,No
TXN01005,2024-04-15,S001,Hyderabad Central,Hyderabad,Electronics,Tablet,19357.26,6.0,10.0,116143.56,11614.36,104529.2,Net Banking,Loyalty Member,No
TXN01006,2024-01-27,S001,Hyderabad Central,Hyderabad,Grocery,Rice (5kg),334.06,8.0,0.0,2672.48,0.0,2672.48,UPI,Walk-in,No
TXN01007,2024-02-02,S003,Chennai Express,Chennai,Grocery,Cooking Oil,180.04,8.0,15.0,1440.32,216.05,1224.27,Debit Card,Walk-in,No
TXN01008,2024-03-01,S002,Banjara Hills Mart,Hyderabad,Grocery,Cooking Oil,190.85,4.0,15.0,763.4,114.51,648.89,UPI,Loyalty Member,No
TXN01009,2024-11-10,S001,Hyderabad Central,Hyderabad,Home Appliances,Fan,1538.96,5.0,10.0,7694.8,769.48,6925.32,Credit Card,Online,No
TXN01010,2024-02-16,S001,Hyderabad Central,Hyderabad,Grocery,Cooking Oil,190.98,7.0,5.0,1336.86,66.84,1270.02,UPI,Loyalty Member,No
TXN01011,2024-03-17,S002,Banjara Hills Mart,Hyderabad,Clothing,Jeans,1342.74,7.0,10.0,9399.18,939.92,8459.26,Credit Card,Walk-in,No
TXN01012,2024-02-06,S003,Chennai Express,Chennai,Electronics,Mobile Phone,10417.74,6.0,10.0,62506.44,6250.64,56255.8,Cash,Walk-in,No
TXN01013,2024-02-07,S005,Pune Retail Hub,Pune,Grocery,Pulses,146.04,8.0,10.0,1168.32,116.83,1051.49,Credit Card,Corporate,No
TXN01014,2024-03-26,S002,Banjara Hills Mart,Hyderabad,Home Appliances,Water Purifier,9163.17,6.0,0.0,54979.02,0.0,54979.02,Debit Card,Online,No
TXN01015,2024-06-10,S001,Hyderabad Central,Hyderabad,Clothing,Jacket,2097.45,3.0,15.0,6292.35,943.85,5348.5,Cash,Online,No
TXN01016,2024-12-05,S003,Chennai Express,Chennai,Electronics,Smart Watch,5885.6,5.0,20.0,29428.0,5885.6,23542.4,Net Banking,Loyalty Member,No
TXN01017,2024-08-29,S004,Mumbai Metro Store,Mumbai,Grocery,Spices Pack,94.82,4.0,15.0,379.28,56.89,322.39,UPI,Corporate,No
TXN01018,2024-02-27,S002,Banjara Hills Mart,Hyderabad,Stationery,Pen Box,103.5,1.0,15.0,103.5,15.53,87.97,Debit Card,Walk-in,No
TXN01019,2024-06-17,S002,Banjara Hills Mart,Hyderabad,Home Appliances,Fan,1619.78,2.0,5.0,3239.56,161.98,3077.58,UPI,Online,No
TXN01020,2024-02-06,S001,Hyderabad Central,Hyderabad,Home Appliances,Mixer Grinder,2831.14,3.0,10.0,8493.42,849.34,7644.08,Debit Card,Corporate,No
TXN01021,2024-08-11,S003,Chennai Express,Chennai,Clothing,T-Shirt,593.54,8.0,5.0,4748.32,237.42,4510.9,Cash,Corporate,No
TXN01022,2024-11-17,S004,Mumbai Metro Store,Mumbai,Home Appliances,Fan,1527.94,5.0,0.0,7639.7,0.0,7639.7,Cash,Walk-in,No
TXN01023,2024-07-02,S001,Hyderabad Central,Hyderabad,Stationery,Stapler,152.5,2.0,0.0,305.0,0.0,305.0,Credit Card,Walk-in,No
TXN01024,2024-07-12,S001,Hyderabad Central,Hyderabad,Home Appliances,Mixer Grinder,2743.35,6.0,20.0,16460.1,3292.02,13168.08,Net Banking,Walk-in,No
TXN01025,2024-10-31,S001,Hyderabad Central,Hyderabad,Home Appliances,Water Purifier,8585.09,7.0,10.0,60095.63,6009.56,54086.07,Credit Card,Corporate,No
TXN01026,2024-06-10,S003,Chennai Express,Chennai,Electronics,Mobile Phone,9583.49,4.0,15.0,38333.96,5750.09,32583.87,Net Banking,Corporate,No
TXN01027,2024-05-25,S003,Chennai Express,Chennai,Clothing,Saree,2477.65,2.0,15.0,4955.3,743.29,4212.01,Debit Card,Corporate,No
TXN01028,2024-04-06,S004,Mumbai Metro Store,Mumbai,Grocery,Rice (5kg),340.44,8.0,20.0,2723.52,544.7,2178.82,Debit Card,Walk-in,No
TXN01029,2024-09-24,S002,Banjara Hills Mart,Hyderabad,Electronics,Laptop,44913.98,7.0,0.0,314397.86,0.0,314397.86,Debit Card,Online,No
TXN01030,2024-05-15,S002,Banjara Hills Mart,Hyderabad,Grocery,Rice (5kg),348.41,5.0,10.0,1742.05,174.21,1567.84,Cash,Online,No
TXN01031,2024-05-25,S002,Banjara Hills Mart,Hyderabad,Grocery,Cooking Oil,180.42,6.0,15.0,1082.52,162.38,920.14,Debit Card,Online,No
TXN01032,2024-01-21,S005,Pune Retail Hub,Pune,Stationery,Stapler,142.15,5.0,15.0,710.75,106.61,604.14,Cash,Loyalty Member,No
TXN01033,2024-02-24,S004,Mumbai Metro Store,Mumbai,Stationery,Stapler,150.81,5.0,10.0,754.05,75.41,678.64,Debit Card,Loyalty Member,No
TXN01034,2024-02-26,S004,Mumbai Metro Store,Mumbai,Stationery,Calculator,394.65,7.0,0.0,2762.55,0.0,2762.55,Cash,Walk-in,No
TXN01035,2024-12-13,S002,Banjara Hills Mart,Hyderabad,Clothing,Jeans,1360.58,1.0,10.0,1360.58,136.06,1224.52,Credit Card,Corporate,No
TXN01036,2024-10-31,S002,Banjara Hills Mart,Hyderabad,Home Appliances,Fan,1615.49,2.0,5.0,3230.98,161.55,3069.43,Cash,Walk-in,No
TXN01037,2024-05-27,S001,Hyderabad Central,Hyderabad,Electronics,Tablet,18642.22,3.0,5.0,55926.66,2796.33,53130.33,UPI,Walk-in,No
TXN01038,2024-03-04,S003,Chennai Express,Chennai,Clothing,Jeans,1336.92,5.0,5.0,6684.6,334.23,6350.37,UPI,Online,No
TXN01039,2024-08-10,S001,Hyderabad Central,Hyderabad,Stationery,Pen Box,95.34,5.0,20.0,476.7,95.34,381.36,UPI,Corporate,Yes
TXN01040,2024-11-11,S002,Banjara Hills Mart,Hyderabad,Clothing,Jacket,2014.22,4.0,5.0,8056.88,402.84,7654.04,Cash,Walk-in,No
TXN01041,2024-08-08,S003,Chennai Express,Chennai,Electronics,Tablet,18678.66,3.0,15.0,56035.98,8405.4,47630.58,Net Banking,Walk-in,No
TXN01042,2024-07-07,S004,Mumbai Metro Store,Mumbai,Home Appliances,Iron Box,922.17,7.0,5.0,6455.19,322.76,6132.43,Net Banking,Online,No
TXN01043,2024-09-16,S005,Pune Retail Hub,Pune,Grocery,Pulses,142.45,5.0,10.0,712.25,71.22,641.03,Debit Card,Loyalty Member,No
TXN01044,,S002,Banjara Hills Mart,Hyderabad,Stationery,Pen Box,98.8,7.0,101.0,,,,Net Banking,Online,No
TXN01045,2024-02-05,S001,Hyderabad Central,Hyderabad,Clothing,Formal Shirt,859.35,4.0,5.0,3437.4,171.87,3265.53,Debit Card,Corporate,No
TXN01046,2024-04-13,S005,Pune Retail Hub,Pune,Clothing,Jeans,1260.97,1.0,10.0,1260.97,126.1,1134.87,Cash,Loyalty Member,No
TXN01047,2024-05-28,S003,Chennai Express,Chennai,Electronics,Tablet,18628.85,3.0,10.0,55886.55,5588.65,50297.9,UPI,Corporate,No
TXN01048,2024-12-09,S005,Pune Retail Hub,Pune,Stationery,Calculator,412.08,1.0,15.0,412.08,61.81,350.27,UPI,Walk-in,No
TXN01049,2024-01-05,S004,Mumbai Metro Store,Mumbai,Electronics,Tablet,18931.23,3.0,0.0,56793.69,0.0,56793.69,Cash,Walk-in,No
TXN01050,2024-01-05,S002,Banjara Hills Mart,Hyderabad,Electronics,Laptop,46483.96,8.0,20.0,371871.68,74374.34,297497.34,Cash,Loyalty Member,No
TXN01051,2024-08-21,S003,Chennai Express,Chennai,Stationery,Calculator,394.71,2.0,0.0,789.42,0.0,789.42,Cash,Loyalty Member,No
TXN01052,2024-04-25,S002,Banjara Hills Mart,Hyderabad,Electronics,Tablet,18706.17,7.0,10.0,130943.19,13094.32,117848.87,Net Banking,Online,Yes
TXN01053,2024-12-29,S005,Pune Retail Hub,Pune,Home Appliances,Water Purifier,8791.3,6.0,5.0,52747.8,2637.39,50110.41,Credit Card,Corporate,No
TXN01054,2024-07-25,S005,Pune Retail Hub,Pune,Clothing,Formal Shirt,934.95,7.0,0.0,6544.65,0.0,6544.65,Debit Card,Corporate,No
TXN01055,2024-10-29,S001,Hyderabad Central,Hyderabad,Clothing,T-Shirt,591.61,6.0,10.0,3549.66,354.97,3194.69,Net Banking,Online,No
TXN01056,2024-03-22,S002,Banjara Hills Mart,Hyderabad,Grocery,Rice (5kg),344.05,6.0,5.0,2064.3,103.22,1961.08,Debit Card,Loyalty Member,No
TXN01057,2024-04-09,S002,Banjara Hills Mart,Hyderabad,Stationery,Calculator,390.81,5.0,5.0,1954.05,97.7,1856.35,Credit Card,Loyalty Member,No
TXN01058,2024-11-27,S001,Hyderabad Central,Hyderabad,Grocery,Pulses,147.79,4.0,20.0,591.16,118.23,472.93,Net Banking,Corporate,No
TXN01059,2024-11-04,S004,Mumbai Metro Store,Mumbai,Electronics,Smart Watch,5833.98,1.0,15.0,5833.98,875.1,4958.88,Net Banking,Loyalty Member,No
TXN01060,2024-07-25,S003,Chennai Express,Chennai,Grocery,Rice (5kg),334.94,5.0,5.0,1674.7,83.73,1590.97,Cash,Online,No
TXN01061,2024-08-19,S005,Pune Retail Hub,Pune,Electronics,Laptop,46237.73,8.0,10.0,369901.84,36990.18,332911.66,Credit Card,Online,No
TXN01062,2024-02-01,S001,Hyderabad Central,Hyderabad,Clothing,T-Shirt,611.83,8.0,5.0,4894.64,244.73,4649.91,Net Banking,Corporate,No
TXN01063,2024-03-08,S001,Hyderabad Central,Hyderabad,Home Appliances,Mixer Grinder,2724.88,4.0,20.0,10899.52,2179.9,8719.62,Credit Card,Online,No
TXN01064,2024-11-10,S005,Pune Retail Hub,Pune,Stationery,Calculator,396.92,3.0,5.0,1190.76,59.54,1131.22,Net Banking,Corporate,No
TXN01065,2024-04-09,S004,Mumbai Metro Store,Mumbai,Electronics,Mobile Phone,10145.29,8.0,15.0,81162.32,12174.35,68987.97,Cash,Corporate,No
TXN01066,2024-02-24,S003,Chennai Express,Chennai,Stationery,File Folder,79.82,7.0,5.0,558.74,27.94,530.8,Net Banking,Online,No
TXN01067,2024-05-24,S001,Hyderabad Central,Hyderabad,Home Appliances,Mixer Grinder,2766.43,4.0,0.0,11065.72,0.0,11065.72,Credit Card,Corporate,No
TXN01068,2024-10-06,S004,Mumbai Metro Store,Mumbai,Clothing,Jacket,1952.39,4.0,0.0,7809.56,0.0,7809.56,Credit Card,Loyalty Member,No
TXN01069,2024-04-29,S003,Chennai Express,Chennai,Grocery,Spices Pack,99.5,5.0,10.0,497.5,49.75,447.75,Net Banking,Corporate,No
TXN01070,2024-09-12,S002,Banjara Hills Mart,Hyderabad,Electronics,Mobile Phone,9863.14,4.0,0.0,39452.56,0.0,39452.56,Net Banking,Corporate,No
TXN01071,2024-12-26,S005,Pune Retail Hub,Pune,Clothing,Jacket,2091.51,6.0,15.0,12549.06,1882.36,10666.7,Debit Card,Online,No
TXN01072,,S001,Hyderabad Central,Hyderabad,Stationery,Calculator,402.74,,101.0,,,,Net Banking,Loyalty Member,No
TXN01073,2024-04-02,S001,Hyderabad Central,Hyderabad,Stationery,Pen Box,95.48,6.0,20.0,572.88,114.58,458.3,Cash,Walk-in,No
TXN01074,,S002,Banjara Hills Mart,Hyderabad,Home Appliances,Microwave,6692.63,9.0,101.0,,,,Net Banking,Loyalty Member,No
TXN01075,2024-10-13,S002,Banjara Hills Mart,Hyderabad,Stationery,Notebook Set,206.71,7.0,20.0,1446.97,289.39,1157.58,Cash,Corporate,No
TXN01076,2024-12-26,S005,Pune Retail Hub,Pune,Grocery,Flour (10kg),312.52,7.0,0.0,2187.64,0.0,2187.64,Debit Card,Online,No
TXN01077,2024-12-17,S001,Hyderabad Central,Hyderabad,Grocery,Spices Pack,95.85,7.0,0.0,670.95,0.0,670.95,Net Banking,Walk-in,No
TXN01078,2024-09-15,S005,Pune Retail Hub,Pune,Clothing,Formal Shirt,931.99,6.0,20.0,5591.94,1118.39,4473.55,Debit Card,Walk-in,No
TXN01079,2024-05-22,S003,Chennai Express,Chennai,Stationery,File Folder,80.18,3.0,5.0,240.54,12.03,228.51,Credit Card,Online,No
TXN01080,2024-09-03,S004,Mumbai Metro Store,Mumbai,Grocery,Spices Pack,95.62,5.0,10.0,478.1,47.81,430.29,Cash,Online,No
TXN01081,,S004,Mumbai Metro Store,Mumbai,Stationery,Calculator,400.29,,-5.0,,,,Net Banking,Online,No
TXN01082,2024-06-02,S003,Chennai Express,Chennai,Electronics,Tablet,18472.28,5.0,15.0,92361.4,13854.21,78507.19,Debit Card,Loyalty Member,No
TXN01083,2024-03-04,S001,Hyderabad Central,Hyderabad,Electronics,Earphones,1481.64,1.0,5.0,1481.64,74.08,1407.56,Net Banking,Loyalty Member,No
TXN01084,2024-06-22,S005,Pune Retail Hub,Pune,Clothing,Saree,2470.46,1.0,5.0,2470.46,123.52,2346.94,Net Banking,Online,No
TXN01085,2024-02-18,S003,Chennai Express,Chennai,Clothing,Jacket,2019.34,1.0,15.0,2019.34,302.9,1716.44,UPI,Corporate,No
TXN01086,2024-03-20,S005,Pune Retail Hub,Pune,Stationery,Notebook Set,203.35,7.0,0.0,1423.45,0.0,1423.45,Credit Card,Loyalty Member,No
TXN01087,2024-08-01,S002,Banjara Hills Mart,Hyderabad,Electronics,Mobile Phone,10399.01,1.0,5.0,10399.01,519.95,9879.06,UPI,Loyalty Member,No
TXN01088,2024-04-22,S004,Mumbai Metro Store,Mumbai,Stationery,Calculator,406.24,6.0,20.0,2437.44,487.49,1949.95,Credit Card,Online,No
TXN01089,2024-09-15,S004,Mumbai Metro Store,Mumbai,Home Appliances,Mixer Grinder,2799.56,4.0,0.0,11198.24,0.0,11198.24,UPI,Walk-in,No
TXN01090,2024-11-18,S004,Mumbai Metro Store,Mumbai,Stationery,Stapler,146.4,7.0,5.0,1024.8,51.24,973.56,Debit Card,Loyalty Member,No
TXN01091,2024-03-21,S001,Hyderabad Central,Hyderabad,Grocery,Rice (5kg),333.29,4.0,15.0,1333.16,199.97,1133.19,Debit Card,Online,No
TXN01092,2024-08-04,S002,Banjara Hills Mart,Hyderabad,Stationery,Notebook Set,190.66,6.0,5.0,1143.96,57.2,1086.76,Debit Card,Loyalty Member,No
TXN01093,2024-10-22,S001,Hyderabad Central,Hyderabad,Grocery,Spices Pack,99.9,4.0,5.0,399.6,19.98,379.62,Credit Card,Walk-in,No
TXN01094,2024-09-08,S002,Banjara Hills Mart,Hyderabad,Home Appliances,Water Purifier,8878.25,8.0,15.0,71026.0,10653.9,60372.1,Cash,Walk-in,No
TXN01095,2024-09-24,S001,Hyderabad Central,Hyderabad,Grocery,Flour (10kg),299.41,7.0,15.0,2095.87,314.38,1781.49,UPI,Loyalty Member,No
TXN01096,2024-04-23,S002,Banjara Hills Mart,Hyderabad,Clothing,Saree,2618.44,7.0,10.0,18329.08,1832.91,16496.17,Net Banking,Online,Yes
TXN01097,2024-09-10,S003,Chennai Express,Chennai,Home Appliances,Water Purifier,8781.2,2.0,5.0,17562.4,878.12,16684.28,Credit Card,Corporate,No
TXN01098,2024-07-24,S005,Pune Retail Hub,Pune,Stationery,Notebook Set,193.27,7.0,15.0,1352.89,202.93,1149.96,Credit Card,Online,No
TXN01099,2024-01-15,S001,Hyderabad Central,Hyderabad,Home Appliances,Water Purifier,9123.58,4.0,0.0,36494.32,0.0,36494.32,Debit Card,Online,No
TXN01100,2024-04-01,S005,Pune Retail Hub,Pune,Grocery,Flour (10kg),295.37,8.0,15.0,2362.96,354.44,2008.52,UPI,Walk-in,No
TXN01101,2024-07-23,S005,Pune Retail Hub,Pune,Grocery,Flour (10kg),306.77,1.0,10.0,306.77,30.68,276.09,Credit Card,Corporate,No
TXN01102,2024-06-21,S004,Mumbai Metro Store,Mumbai,Home Appliances,Microwave,6715.87,3.0,15.0,20147.61,3022.14,17125.47,Credit Card,Loyalty Member,No
TXN01103,2024-07-21,S005,Pune Retail Hub,Pune,Electronics,Mobile Phone,9694.05,2.0,5.0,19388.1,969.4,18418.7,Cash,Loyalty Member,No
TXN01104,2024-10-10,S002,Banjara Hills Mart,Hyderabad,Home Appliances,Iron Box,940.58,8.0,10.0,7524.64,752.46,6772.18,Credit Card,Loyalty Member,No
TXN01105,2024-07-09,S001,Hyderabad Central,Hyderabad,Grocery,Rice (5kg),360.17,2.0,15.0,720.34,108.05,612.29,Debit Card,Loyalty Member,No
TXN01106,2024-01-28,S001,Hyderabad Central,Hyderabad,Stationery,Pen Box,102.14,3.0,15.0,306.42,45.96,260.46,UPI,Corporate,Yes
TXN01107,,S001,Hyderabad Central,Hyderabad,Electronics,Laptop,45180.34,,,,,,Credit Card,Walk-in,No
TXN01108,2024-06-16,S002,Banjara Hills Mart,Hyderabad,Grocery,Pulses,141.96,4.0,15.0,567.84,85.18,482.66,UPI,Corporate,No
TXN01109,,S004,Mumbai Metro Store,Mumbai,Grocery,Cooking Oil,188.89,,101.0,,,,UPI,Loyalty Member,No
TXN01110,2024-05-05,S002,Banjara Hills Mart,Hyderabad,Clothing,Saree,2455.8,5.0,0.0,12279.0,0.0,12279.0,Credit Card,Walk-in,No
TXN01111,2024-04-30,S005,Pune Retail Hub,Pune,Electronics,Smart Watch,5821.84,8.0,20.0,46574.72,9314.94,37259.78,Cash,Corporate,No
TXN01112,2024-03-31,S002,Banjara Hills Mart,Hyderabad,Grocery,Rice (5kg),345.98,2.0,10.0,691.96,69.2,622.76,Credit Card,Walk-in,No
TXN01113,2024-01-21,S003,Chennai Express,Chennai,Stationery,File Folder,78.31,6.0,10.0,469.86,46.99,422.87,Net Banking,Corporate,No
TXN01114,2024-11-01,S003,Chennai Express,Chennai,Home Appliances,Water Purifier,9177.89,4.0,5.0,36711.56,1835.58,34875.98,UPI,Corporate,No
TXN01115,2024-08-19,S002,Banjara Hills Mart,Hyderabad,Home Appliances,Iron Box,867.09,5.0,10.0,4335.45,433.55,3901.9,Credit Card,Online,No
TXN01116,2024-12-17,S003,Chennai Express,Chennai,Home Appliances,Microwave,6251.56,7.0,5.0,43760.92,2188.05,41572.87,Cash,Loyalty Member,No
TXN01117,2024-09-08,S001,Hyderabad Central,Hyderabad,Clothing,Jacket,1901.6,1.0,5.0,1901.6,95.08,1806.52,Net Banking,Loyalty Member,No
TXN01118,2024-10-20,S003,Chennai Express,Chennai,Grocery,Flour (10kg),298.13,4.0,15.0,1192.52,178.88,1013.64,Credit Card,Online,No
TXN01119,2024-03-27,S003,Chennai Express,Chennai,Home Appliances,Fan,1597.31,8.0,20.0,12778.48,2555.7,10222.78,Net Banking,Corporate,No
TXN01120,2024-02-19,S002,Banjara Hills Mart,Hyderabad,Home Appliances,Water Purifier,8721.11,1.0,15.0,8721.11,1308.17,7412.94,Net Banking,Walk-in,No
TXN01121,2024-09-15,S003,Chennai Express,Chennai,Stationery,File Folder,81.0,4.0,15.0,324.0,48.6,275.4,Credit Card,Walk-in,No
TXN01122,2024-10-24,S002,Banjara Hills Mart,Hyderabad,Home Appliances,Fan,1671.78,2.0,20.0,3343.56,668.71,2674.85,Net Banking,Online,No
TXN01123,,S001,Hyderabad Central,Hyderabad,Stationery,Calculator,392.84,6.0,,,,,Cash,Corporate,No
TXN01124,2024-12-26,S005,Pune Retail Hub,Pune,Home Appliances,Mixer Grinder,2837.59,6.0,20.0,17025.54,3405.11,13620.43,Debit Card,Loyalty Member,No
TXN01125,2024-03-17,S004,Mumbai Metro Store,Mumbai,Home Appliances,Fan,1580.62,2.0,5.0,3161.24,158.06,3003.18,Cash,Corporate,No
TXN01126,2024-11-16,S005,Pune Retail Hub,Pune,Electronics,Tablet,18928.15,3.0,5.0,56784.45,2839.22,53945.23,Credit Card,Online,No
TXN01127,2024-03-06,S004,Mumbai Metro Store,Mumbai,Clothing,Formal Shirt,910.48,2.0,0.0,1820.96,0.0,1820.96,Net Banking,Corporate,No
TXN01128,2024-05-09,S003,Chennai Express,Chennai,Home Appliances,Microwave,6267.15,2.0,10.0,12534.3,1253.43,11280.87,UPI,Walk-in,No
TXN01129,2024-03-12,S003,Chennai Express,Chennai,Home Appliances,Fan,1536.82,5.0,0.0,7684.1,0.0,7684.1,Debit Card,Online,No
TXN01130,2024-04-15,S005,Pune Retail Hub,Pune,Grocery,Flour (10kg),297.53,1.0,10.0,297.53,29.75,267.78,Credit Card,Loyalty Member,Yes
TXN01131,2024-05-28,S004,Mumbai Metro Store,Mumbai,Home Appliances,Microwave,6213.9,3.0,20.0,18641.7,3728.34,14913.36,Cash,Walk-in,No
TXN01132,2024-03-16,S002,Banjara Hills Mart,Hyderabad,Clothing,Jeans,1252.38,7.0,20.0,8766.66,1753.33,7013.33,UPI,Loyalty Member,No
TXN01133,2024-12-10,S001,Hyderabad Central,Hyderabad,Home Appliances,Water Purifier,9277.41,7.0,5.0,64941.87,3247.09,61694.78,Debit Card,Corporate,No
TXN01134,2024-01-10,S004,Mumbai Metro Store,Mumbai,Electronics,Laptop,47769.55,4.0,10.0,191078.2,19107.82,171970.38,Net Banking,Corporate,No
TXN01135,2024-01-29,S002,Banjara Hills Mart,Hyderabad,Home Appliances,Iron Box,942.55,8.0,15.0,7540.4,1131.06,6409.34,Cash,Corporate,No
TXN01136,2024-04-09,S003,Chennai Express,Chennai,Stationery,Calculator,388.03,2.0,10.0,776.06,77.61,698.45,Cash,Walk-in,No
TXN01137,2024-12-28,S001,Hyderabad Central,Hyderabad,Stationery,Stapler,144.53,1.0,0.0,144.53,0.0,144.53,Cash,Corporate,No
TXN01138,2024-09-19,S002,Banjara Hills Mart,Hyderabad,Clothing,Jeans,1287.02,2.0,10.0,2574.04,257.4,2316.64,Debit Card,Walk-in,No
TXN01139,2024-12-17,S002,Banjara Hills Mart,Hyderabad,Grocery,Flour (10kg),312.65,7.0,20.0,2188.55,437.71,1750.84,Cash,Corporate,No
TXN01140,2024-12-02,S003,Chennai Express,Chennai,Stationery,Notebook Set,203.36,7.0,20.0,1423.52,284.7,1138.82,Debit Card,Loyalty Member,No
TXN01141,2024-01-28,S005,Pune Retail Hub,Pune,Clothing,Saree,2449.16,3.0,10.0,7347.48,734.75,6612.73,UPI,Loyalty Member,No
TXN01142,,S005,Pune Retail Hub,Pune,Electronics,Mobile Phone,10102.75,,,,,,Debit Card,Walk-in,No
TXN01143,2024-01-03,S002,Banjara Hills Mart,Hyderabad,Home Appliances,Fan,1561.02,4.0,10.0,6244.08,624.41,5619.67,Net Banking,Walk-in,No
TXN01144,2024-11-15,S002,Banjara Hills Mart,Hyderabad,Stationery,Pen Box,99.03,8.0,10.0,792.24,79.22,713.02,Debit Card,Loyalty Member,No
TXN01145,2024-08-09,S005,Pune Retail Hub,Pune,Stationery,Calculator,399.54,4.0,15.0,1598.16,239.72,1358.44,UPI,Online,No
TXN01146,2024-09-27,S005,Pune Retail Hub,Pune,Clothing,Formal Shirt,914.32,5.0,10.0,4571.6,457.16,4114.44,UPI,Loyalty Member,No
TXN01147,2024-10-22,S005,Pune Retail Hub,Pune,Clothing,Formal Shirt,912.52,1.0,0.0,912.52,0.0,912.52,Credit Card,Loyalty Member,No
TXN01148,2024-01-28,S005,Pune Retail Hub,Pune,Electronics,Mobile Phone,10334.09,1.0,0.0,10334.09,0.0,10334.09,Credit Card,Walk-in,No
TXN01149,2024-09-21,S001,Hyderabad Central,Hyderabad,Home Appliances,Iron Box,938.77,5.0,0.0,4693.85,0.0,4693.85,UPI,Corporate,No
TXN01150,2024-04-19,S003,Chennai Express,Chennai,Stationery,Notebook Set,202.37,7.0,15.0,1416.59,212.49,1204.1,Credit Card,Loyalty Member,No
TXN01151,2024-03-09,S005,Pune Retail Hub,Pune,Stationery,Stapler,145.06,7.0,0.0,1015.42,0.0,1015.42,Credit Card,Walk-in,No
TXN01152,2024-12-11,S004,Mumbai Metro Store,Mumbai,Home Appliances,Water Purifier,9144.69,4.0,15.0,36578.76,5486.81,31091.95,Credit Card,Online,Yes
TXN01153,2024-04-05,S002,Banjara Hills Mart,Hyderabad,Clothing,Formal Shirt,887.7,5.0,10.0,4438.5,443.85,3994.65,Debit Card,Walk-in,No
TXN01154,2024-02-25,S002,Banjara Hills Mart,Hyderabad,Home Appliances,Mixer Grinder,2780.25,5.0,15.0,13901.25,2085.19,11816.06,Credit Card,Loyalty Member,No
TXN01155,2024-05-06,S001,Hyderabad Central,Hyderabad,Clothing,Formal Shirt,936.58,8.0,15.0,7492.64,1123.9,6368.74,Debit Card,Online,No
TXN01156,2024-02-14,S003,Chennai Express,Chennai,Grocery,Rice (5kg),348.89,3.0,5.0,1046.67,52.33,994.34,Cash,Loyalty Member,No
TXN01157,2024-05-02,S004,Mumbai Metro Store,Mumbai,Grocery,Rice (5kg),340.93,5.0,10.0,1704.65,170.47,1534.18,Net Banking,Corporate,No
TXN01158,2024-11-18,S003,Chennai Express,Chennai,Stationery,Stapler,145.73,3.0,0.0,437.19,0.0,437.19,Credit Card,Walk-in,No
TXN01159,2024-11-22,S002,Banjara Hills Mart,Hyderabad,Home Appliances,Mixer Grinder,2840.91,6.0,15.0,17045.46,2556.82,14488.64,Debit Card,Online,No
TXN01160,,S003,Chennai Express,Chennai,Home Appliances,Mixer Grinder,2886.48,,-5.0,,,,Cash,Online,No
TXN01161,2024-10-10,S005,Pune Retail Hub,Pune,Home Appliances,Microwave,6213.78,5.0,5.0,31068.9,1553.44,29515.46,Credit Card,Walk-in,No
TXN01162,2024-01-17,S001,Hyderabad Central,Hyderabad,Home Appliances,Mixer Grinder,2911.53,8.0,15.0,23292.24,3493.84,19798.4,Cash,Walk-in,No
TXN01163,,S003,Chennai Express,Chennai,Home Appliances,Iron Box,936.73,,101.0,,,,Debit Card,Loyalty Member,Yes
TXN01164,2024-09-28,S002,Banjara Hills Mart,Hyderabad,Grocery,Spices Pack,94.87,3.0,5.0,284.61,14.23,270.38,Debit Card,Walk-in,No
TXN01165,2024-03-23,S005,Pune Retail Hub,Pune,Clothing,Jeans,1294.65,6.0,0.0,7767.9,0.0,7767.9,Net Banking,Corporate,No
TXN01166,,S001,Hyderabad Central,Hyderabad,Home Appliances,Water Purifier,9002.28,,-5.0,,,,Debit Card,Loyalty Member,No
TXN01167,2024-11-16,S001,Hyderabad Central,Hyderabad,Clothing,Jacket,2004.94,6.0,5.0,12029.64,601.48,11428.16,UPI,Walk-in,No
TXN01168,2024-01-11,S002,Banjara Hills Mart,Hyderabad,Grocery,Flour (10kg),292.02,4.0,20.0,1168.08,233.62,934.46,Cash,Online,No
TXN01169,2024-02-04,S001,Hyderabad Central,Hyderabad,Clothing,Jeans,1261.25,3.0,20.0,3783.75,756.75,3027.0,Credit Card,Loyalty Member,No
TXN01170,2024-02-20,S001,Hyderabad Central,Hyderabad,Clothing,Formal Shirt,920.17,3.0,15.0,2760.51,414.08,2346.43,Net Banking,Walk-in,No
TXN01171,2024-05-02,S003,Chennai Express,Chennai,Home Appliances,Fan,1588.59,2.0,5.0,3177.18,158.86,3018.32,Net Banking,Walk-in,No
TXN01172,2024-09-13,S002,Banjara Hills Mart,Hyderabad,Electronics,Earphones,1482.92,7.0,10.0,10380.44,1038.04,9342.4,Debit Card,Loyalty Member,No
TXN01173,2024-04-09,S003,Chennai Express,Chennai,Clothing,Jeans,1330.68,3.0,10.0,3992.04,399.2,3592.84,Credit Card,Corporate,No
TXN01174,2024-11-04,S002,Banjara Hills Mart,Hyderabad,Stationery,File Folder,76.25,8.0,5.0,610.0,30.5,579.5,UPI,Loyalty Member,No
TXN01175,2024-07-22,S005,Pune Retail Hub,Pune,Home Appliances,Iron Box,937.04,6.0,20.0,5622.24,1124.45,4497.79,Net Banking,Online,No
TXN01176,2024-09-21,S002,Banjara Hills Mart,Hyderabad,Stationery,Notebook Set,193.15,8.0,20.0,1545.2,309.04,1236.16,Cash,Walk-in,No
TXN01177,2024-08-27,S002,Banjara Hills Mart,Hyderabad,Clothing,Jeans,1310.84,5.0,5.0,6554.2,327.71,6226.49,Net Banking,Walk-in,Yes
TXN01178,2024-11-07,S003,Chennai Express,Chennai,Stationery,Notebook Set,194.76,2.0,20.0,389.52,77.9,311.62,Net Banking,Walk-in,No
TXN01179,2024-08-24,S002,Banjara Hills Mart,Hyderabad,Home Appliances,Water Purifier,8617.71,1.0,10.0,8617.71,861.77,7755.94,Debit Card,Loyalty Member,No
TXN01180,2024-09-27,S004,Mumbai Metro Store,Mumbai,Electronics,Earphones,1449.78,8.0,20.0,11598.24,2319.65,9278.59,Credit Card,Walk-in,No
TXN01181,2024-12-01,S003,Chennai Express,Chennai,Electronics,Smart Watch,6131.08,1.0,5.0,6131.08,306.55,5824.53,Net Banking,Loyalty Member,No
TXN01182,2024-11-04,S004,Mumbai Metro Store,Mumbai,Grocery,Flour (10kg),299.5,2.0,5.0,599.0,29.95,569.05,Credit Card,Corporate,No
TXN01183,2024-02-29,S005,Pune Retail Hub,Pune,Grocery,Rice (5kg),355.88,7.0,10.0,2491.16,249.12,2242.04,Cash,Corporate,No
TXN01184,2024-06-02,S004,Mumbai Metro Store,Mumbai,Grocery,Rice (5kg),351.69,7.0,15.0,2461.83,369.27,2092.56,Credit Card,Walk-in,Yes
TXN01185,2024-01-22,S003,Chennai Express,Chennai,Grocery,Flour (10kg),300.37,8.0,0.0,2402.96,0.0,2402.96,Credit Card,Corporate,No
TXN01186,2024-05-15,S005,Pune Retail Hub,Pune,Grocery,Rice (5kg),336.37,8.0,15.0,2690.96,403.64,2287.32,Credit Card,Online,No
TXN01187,2024-11-17,S001,Hyderabad Central,Hyderabad,Stationery,File Folder,81.94,1.0,20.0,81.94,16.39,65.55,Credit Card,Walk-in,No
TXN01188,2024-01-30,S003,Chennai Express,Chennai,Clothing,Jacket,2089.26,2.0,0.0,4178.52,0.0,4178.52,Credit Card,Online,No
TXN01189,2024-03-26,S004,Mumbai Metro Store,Mumbai,Stationery,Pen Box,97.98,8.0,15.0,783.84,117.58,666.26,Net Banking,Walk-in,No
TXN01190,2024-01-16,S003,Chennai Express,Chennai,Stationery,Pen Box,97.91,2.0,5.0,195.82,9.79,186.03,Cash,Corporate,No
TXN01191,2024-03-08,S003,Chennai Express,Chennai,Electronics,Mobile Phone,9881.54,7.0,0.0,69170.78,0.0,69170.78,Net Banking,Loyalty Member,No
TXN01192,2024-07-23,S001,Hyderabad Central,Hyderabad,Stationery,Pen Box,99.31,2.0,10.0,198.62,19.86,178.76,Net Banking,Loyalty Member,No
TXN01193,2024-02-24,S001,Hyderabad Central,Hyderabad,Clothing,Jeans,1254.86,8.0,0.0,10038.88,0.0,10038.88,Net Banking,Online,No
TXN01194,2024-08-12,S004,Mumbai Metro Store,Mumbai,Home Appliances,Microwave,6605.8,1.0,5.0,6605.8,330.29,6275.51,Cash,Online,No
TXN01195,,S003,Chennai Express,Chennai,Home Appliances,Mixer Grinder,2869.11,10.0,101.0,,,,Net Banking,Corporate,No
TXN01196,2024-07-13,S003,Chennai Express,Chennai,Clothing,Jeans,1344.42,3.0,0.0,4033.26,0.0,4033.26,UPI,Online,No
TXN01197,2024-11-27,S004,Mumbai Metro Store,Mumbai,Grocery,Cooking Oil,189.14,1.0,15.0,189.14,28.37,160.77,UPI,Walk-in,No
TXN01198,2024-01-13,S001,Hyderabad Central,Hyderabad,Clothing,T-Shirt,607.21,4.0,20.0,2428.84,485.77,1943.07,Cash,Corporate,No
TXN01199,2024-09-11,S002,Banjara Hills Mart,Hyderabad,Electronics,Earphones,1514.17,6.0,20.0,9085.02,1817.0,7268.02,Net Banking,Online,No
TXN01200,2024-07-27,S002,Banjara Hills Mart,Hyderabad,Stationery,File Folder,77.94,4.0,15.0,311.76,46.76,265.0,Debit Card,Online,No
TXN01201,2024-12-04,S004,Mumbai Metro Store,Mumbai,Electronics,Mobile Phone,9885.9,2.0,0.0,19771.8,0.0,19771.8,Cash,Online,No
TXN01202,2024-08-08,S003,Chennai Express,Chennai,Clothing,T-Shirt,587.18,7.0,0.0,4110.26,0.0,4110.26,Cash,Online,No
TXN01203,2024-04-27,S002,Banjara Hills Mart,Hyderabad,Home Appliances,Microwave,6566.67,7.0,20.0,45966.69,9193.34,36773.35,Credit Card,Loyalty Member,No
TXN01204,2024-06-06,S004,Mumbai Metro Store,Mumbai,Stationery,File Folder,79.74,6.0,0.0,478.44,0.0,478.44,UPI,Loyalty Member,No
TXN01205,2024-02-04,S004,Mumbai Metro Store,Mumbai,Home Appliances,Water Purifier,9179.62,5.0,15.0,45898.1,6884.72,39013.38,Debit Card,Walk-in,No
TXN01206,2024-05-25,S004,Mumbai Metro Store,Mumbai,Clothing,Saree,2539.06,2.0,15.0,5078.12,761.72,4316.4,UPI,Walk-in,No
TXN01207,2024-01-28,S001,Hyderabad Central,Hyderabad,Grocery,Pulses,142.03,5.0,5.0,710.15,35.51,674.64,Credit Card,Online,No
TXN01208,2024-07-11,S002,Banjara Hills Mart,Hyderabad,Electronics,Mobile Phone,10480.34,3.0,5.0,31441.02,1572.05,29868.97,Debit Card,Loyalty Member,No
TXN01209,2024-01-27,S002,Banjara Hills Mart,Hyderabad,Home Appliances,Fan,1541.8,5.0,20.0,7709.0,1541.8,6167.2,Cash,Corporate,No
TXN01210,2024-09-12,S002,Banjara Hills Mart,Hyderabad,Home Appliances,Iron Box,887.74,7.0,20.0,6214.18,1242.84,4971.34,Credit Card,Walk-in,No
TXN01211,2024-01-20,S003,Chennai Express,Chennai,Clothing,Jeans,1273.29,1.0,10.0,1273.29,127.33,1145.96,Cash,Loyalty Member,No
TXN01212,2024-09-10,S005,Pune Retail Hub,Pune,Stationery,Notebook Set,201.02,7.0,10.0,1407.14,140.71,1266.43,Cash,Loyalty Member,No
TXN01213,2024-02-26,S002,Banjara Hills Mart,Hyderabad,Stationery,File Folder,77.55,7.0,0.0,542.85,0.0,542.85,Cash,Walk-in,No
TXN01214,2024-01-04,S001,Hyderabad Central,Hyderabad,Home Appliances,Fan,1598.73,6.0,20.0,9592.38,1918.48,7673.9,UPI,Walk-in,No
TXN01215,2024-04-22,S001,Hyderabad Central,Hyderabad,Stationery,File Folder,75.54,5.0,20.0,377.7,75.54,302.16,UPI,Online,No
TXN01216,2024-04-02,S004,Mumbai Metro Store,Mumbai,Clothing,Saree,2478.96,5.0,10.0,12394.8,1239.48,11155.32,Debit Card,Online,No
TXN01217,2024-03-03,S004,Mumbai Metro Store,Mumbai,Stationery,Stapler,155.91,7.0,20.0,1091.37,218.27,873.1,Credit Card,Loyalty Member,Yes
TXN01218,2024-06-01,S005,Pune Retail Hub,Pune,Home Appliances,Water Purifier,8739.81,6.0,5.0,52438.86,2621.94,49816.92,Credit Card,Walk-in,No
TXN01219,2024-09-01,S002,Banjara Hills Mart,Hyderabad,Electronics,Mobile Phone,10307.59,5.0,15.0,51537.95,7730.69,43807.26,Debit Card,Walk-in,No
TXN01220,2024-05-14,S001,Hyderabad Central,Hyderabad,Stationery,Notebook Set,194.71,8.0,10.0,1557.68,155.77,1401.91,Cash,Walk-in,No
TXN01221,2024-05-29,S003,Chennai Express,Chennai,Grocery,Spices Pack,100.51,6.0,5.0,603.06,30.15,572.91,UPI,Corporate,No
TXN01222,2024-04-01,S002,Banjara Hills Mart,Hyderabad,Clothing,Saree,2380.55,5.0,10.0,11902.75,1190.28,10712.47,UPI,Walk-in,No
TXN01223,2024-11-16,S003,Chennai Express,Chennai,Electronics,Mobile Phone,9532.87,8.0,10.0,76262.96,7626.3,68636.66,Cash,Corporate,No
TXN01224,2024-08-12,S004,Mumbai Metro Store,Mumbai,Electronics,Laptop,48090.83,4.0,15.0,192363.32,28854.5,163508.82,Credit Card,Loyalty Member,No
TXN01225,2024-03-03,S004,Mumbai Metro Store,Mumbai,Electronics,Smart Watch,5996.94,5.0,15.0,29984.7,4497.7,25487.0,Net Banking,Walk-in,No
TXN01226,2024-01-28,S002,Banjara Hills Mart,Hyderabad,Home Appliances,Water Purifier,9070.56,4.0,0.0,36282.24,0.0,36282.24,Credit Card,Loyalty Member,No
TXN01227,2024-04-27,S005,Pune Retail Hub,Pune,Grocery,Rice (5kg),363.71,8.0,5.0,2909.68,145.48,2764.2,Cash,Corporate,Yes
TXN01228,2024-04-04,S005,Pune Retail Hub,Pune,Stationery,File Folder,77.29,4.0,10.0,309.16,30.92,278.24,Cash,Online,No
TXN01229,2024-04-29,S001,Hyderabad Central,Hyderabad,Home Appliances,Fan,1616.15,1.0,15.0,1616.15,242.42,1373.73,Cash,Walk-in,No
TXN01230,2024-08-06,S005,Pune Retail Hub,Pune,Grocery,Spices Pack,98.75,5.0,5.0,493.75,24.69,469.06,Credit Card,Online,No
TXN01231,2024-07-12,S001,Hyderabad Central,Hyderabad,Electronics,Smart Watch,6275.2,6.0,20.0,37651.2,7530.24,30120.96,UPI,Loyalty Member,No
TXN01232,2024-10-11,S005,Pune Retail Hub,Pune,Clothing,Jeans,1295.55,2.0,20.0,2591.1,518.22,2072.88,Debit Card,Walk-in,No
TXN01233,2024-04-25,S003,Chennai Express,Chennai,Home Appliances,Fan,1622.76,2.0,20.0,3245.52,649.1,2596.42,Debit Card,Corporate,No
TXN01234,2024-05-18,S004,Mumbai Metro Store,Mumbai,Home Appliances,Water Purifier,9129.07,4.0,20.0,36516.28,7303.26,29213.02,Debit Card,Online,No
TXN01235,2024-05-21,S004,Mumbai Metro Store,Mumbai,Home Appliances,Water Purifier,9086.07,7.0,10.0,63602.49,6360.25,57242.24,UPI,Walk-in,Yes
TXN01236,2024-12-08,S001,Hyderabad Central,Hyderabad,Electronics,Laptop,47976.2,6.0,20.0,287857.2,57571.44,230285.76,Debit Card,Online,No
TXN01237,2024-09-06,S004,Mumbai Metro Store,Mumbai,Home Appliances,Iron Box,927.85,7.0,20.0,6494.95,1298.99,5195.96,Cash,Online,No
TXN01238,2024-12-20,S003,Chennai Express,Chennai,Home Appliances,Mixer Grinder,2862.59,8.0,20.0,22900.72,4580.14,18320.58,Cash,Loyalty Member,No
TXN01239,2024-05-21,S005,Pune Retail Hub,Pune,Stationery,Calculator,404.74,7.0,10.0,2833.18,283.32,2549.86,UPI,Online,No
TXN01240,2024-06-13,S005,Pune Retail Hub,Pune,Electronics,Tablet,19473.48,8.0,15.0,155787.84,23368.18,132419.66,UPI,Walk-in,No
TXN01241,2024-07-24,S001,Hyderabad Central,Hyderabad,Stationery,Pen Box,100.73,7.0,15.0,705.11,105.77,599.34,Net Banking,Corporate,No
TXN01242,2024-08-19,S005,Pune Retail Hub,Pune,Home Appliances,Iron Box,857.56,6.0,20.0,5145.36,1029.07,4116.29,Cash,Online,No
TXN01243,2024-11-17,S003,Chennai Express,Chennai,Stationery,File Folder,77.45,6.0,20.0,464.7,92.94,371.76,UPI,Online,No
TXN01244,2024-03-03,S004,Mumbai Metro Store,Mumbai,Stationery,File Folder,76.42,1.0,0.0,76.42,0.0,76.42,Net Banking,Walk-in,No
TXN01245,2024-04-18,S001,Hyderabad Central,Hyderabad,Electronics,Smart Watch,5739.61,5.0,10.0,28698.05,2869.8,25828.25,Credit Card,Corporate,No
TXN01246,2024-11-09,S004,Mumbai Metro Store,Mumbai,Clothing,Formal Shirt,908.09,3.0,10.0,2724.27,272.43,2451.84,Credit Card,Online,No
TXN01247,2024-02-06,S003,Chennai Express,Chennai,Stationery,Notebook Set,202.53,7.0,15.0,1417.71,212.66,1205.05,Debit Card,Walk-in,No
TXN01248,2024-12-06,S002,Banjara Hills Mart,Hyderabad,Home Appliances,Water Purifier,9311.95,7.0,0.0,65183.65,0.0,65183.65,Credit Card,Walk-in,Yes
TXN01249,2024-07-10,S004,Mumbai Metro Store,Mumbai,Grocery,Pulses,150.18,2.0,0.0,300.36,0.0,300.36,Credit Card,Online,No
TXN01250,2024-08-06,S001,Hyderabad Central,Hyderabad,Grocery,Cooking Oil,194.57,7.0,10.0,1361.99,136.2,1225.79,Net Banking,Online,No
TXN01251,2024-06-20,S003,Chennai Express,Chennai,Home Appliances,Fan,1647.82,1.0,5.0,1647.82,82.39,1565.43,Net Banking,Corporate,No
TXN01252,2024-11-20,S001,Hyderabad Central,Hyderabad,Home Appliances,Mixer Grinder,2918.3,5.0,10.0,14591.5,1459.15,13132.35,Debit Card,Loyalty Member,No
TXN01253,2024-09-23,S004,Mumbai Metro Store,Mumbai,Electronics,Tablet,18879.03,3.0,0.0,56637.09,0.0,56637.09,Debit Card,Corporate,No
TXN01254,2024-10-09,S005,Pune Retail Hub,Pune,Grocery,Cooking Oil,197.39,6.0,5.0,1184.34,59.22,1125.12,Net Banking,Loyalty Member,No
TXN01255,2024-05-27,S002,Banjara Hills Mart,Hyderabad,Clothing,Formal Shirt,867.66,3.0,15.0,2602.98,390.45,2212.53,Debit Card,Online,No
TXN01256,2024-06-22,S001,Hyderabad Central,Hyderabad,Stationery,File Folder,81.7,4.0,0.0,326.8,0.0,326.8,UPI,Walk-in,No
TXN01257,2024-11-07,S005,Pune Retail Hub,Pune,Grocery,Spices Pack,94.67,4.0,20.0,378.68,75.74,302.94,UPI,Online,No
TXN01258,2024-04-09,S001,Hyderabad Central,Hyderabad,Home Appliances,Mixer Grinder,2790.0,8.0,0.0,22320.0,0.0,22320.0,Credit Card,Corporate,No
TXN01259,2024-11-11,S003,Chennai Express,Chennai,Stationery,Pen Box,100.34,6.0,0.0,602.04,0.0,602.04,UPI,Loyalty Member,No
TXN01260,2024-11-23,S001,Hyderabad Central,Hyderabad,Clothing,Formal Shirt,927.81,8.0,15.0,7422.48,1113.37,6309.11,UPI,Loyalty Member,No
TXN01261,2024-09-15,S004,Mumbai Metro Store,Mumbai,Grocery,Cooking Oil,195.72,1.0,15.0,195.72,29.36,166.36,UPI,Corporate,No
TXN01262,2024-09-21,S002,Banjara Hills Mart,Hyderabad,Stationery,Calculator,408.1,1.0,5.0,408.1,20.41,387.69,Net Banking,Online,No
TXN01263,2024-07-04,S002,Banjara Hills Mart,Hyderabad,Stationery,Stapler,147.05,2.0,0.0,294.1,0.0,294.1,Net Banking,Corporate,Yes
TXN01264,2024-03-01,S002,Banjara Hills Mart,Hyderabad,Clothing,Jeans,1324.34,6.0,5.0,7946.04,397.3,7548.74,Credit Card,Corporate,Yes
TXN01265,2024-06-09,S001,Hyderabad Central,Hyderabad,Home Appliances,Fan,1653.72,1.0,5.0,1653.72,82.69,1571.03,Credit Card,Corporate,No
TXN01266,2024-05-06,S003,Chennai Express,Chennai,Stationery,Stapler,150.46,1.0,15.0,150.46,22.57,127.89,Debit Card,Walk-in,No
TXN01267,2024-01-31,S001,Hyderabad Central,Hyderabad,Stationery,Notebook Set,205.69,1.0,15.0,205.69,30.85,174.84,Debit Card,Online,No
TXN01268,2024-11-27,S003,Chennai Express,Chennai,Stationery,File Folder,79.23,4.0,5.0,316.92,15.85,301.07,Debit Card,Online,No
TXN01269,2024-09-06,S004,Mumbai Metro Store,Mumbai,Stationery,Pen Box,98.95,2.0,5.0,197.9,9.89,188.01,Cash,Loyalty Member,Yes
TXN01270,2024-10-09,S003,Chennai Express,Chennai,Clothing,Formal Shirt,875.73,2.0,0.0,1751.46,0.0,1751.46,Credit Card,Corporate,No
TXN01271,2024-08-06,S004,Mumbai Metro Store,Mumbai,Clothing,Jacket,2035.66,3.0,5.0,6106.98,305.35,5801.63,Net Banking,Loyalty Member,No
TXN01272,2024-12-10,S005,Pune Retail Hub,Pune,Electronics,Earphones,1571.6,4.0,0.0,6286.4,0.0,6286.4,Cash,Corporate,Yes
TXN01273,2024-11-27,S005,Pune Retail Hub,Pune,Clothing,Formal Shirt,873.8,4.0,10.0,3495.2,349.52,3145.68,UPI,Walk-in,No
TXN01274,2024-07-28,S004,Mumbai Metro Store,Mumbai,Grocery,Rice (5kg),366.39,3.0,15.0,1099.17,164.88,934.29,UPI,Walk-in,No
TXN01275,2024-02-01,S005,Pune Retail Hub,Pune,Clothing,Formal Shirt,939.91,2.0,10.0,1879.82,187.98,1691.84,UPI,Corporate,No
TXN01276,2024-01-19,S003,Chennai Express,Chennai,Home Appliances,Mixer Grinder,2731.59,7.0,15.0,19121.13,2868.17,16252.96,Credit Card,Loyalty Member,No
TXN01277,2024-02-24,S002,Banjara Hills Mart,Hyderabad,Home Appliances,Microwave,6626.45,1.0,15.0,6626.45,993.97,5632.48,UPI,Online,No
TXN01278,2024-01-24,S005,Pune Retail Hub,Pune,Clothing,Jeans,1323.15,2.0,10.0,2646.3,264.63,2381.67,UPI,Loyalty Member,No
TXN01279,2024-11-17,S003,Chennai Express,Chennai,Grocery,Pulses,156.06,3.0,20.0,468.18,93.64,374.54,Cash,Online,No
TXN01280,2024-07-30,S003,Chennai Express,Chennai,Clothing,Jacket,2006.0,5.0,20.0,10030.0,2006.0,8024.0,Credit Card,Walk-in,No
TXN01281,2024-02-08,S003,Chennai Express,Chennai,Grocery,Rice (5kg),346.45,8.0,10.0,2771.6,277.16,2494.44,Net Banking,Corporate,No
TXN01282,2024-01-03,S003,Chennai Express,Chennai,Clothing,T-Shirt,601.28,8.0,0.0,4810.24,0.0,4810.24,Debit Card,Walk-in,No
TXN01283,2024-04-07,S003,Chennai Express,Chennai,Electronics,Smart Watch,6099.31,2.0,0.0,12198.62,0.0,12198.62,Credit Card,Online,No
TXN01284,2024-12-23,S001,Hyderabad Central,Hyderabad,Stationery,Pen Box,102.19,7.0,10.0,715.33,71.53,643.8,Cash,Walk-in,No
TXN01285,,S005,Pune Retail Hub,Pune,Home Appliances,Mixer Grinder,2819.46,8.0,-5.0,,,,Cash,Online,No
TXN01286,2024-07-12,S003,Chennai Express,Chennai,Clothing,Jeans,1318.75,1.0,10.0,1318.75,131.88,1186.87,Debit Card,Walk-in,No
TXN01287,2024-04-26,S005,Pune Retail Hub,Pune,Home Appliances,Iron Box,939.32,1.0,10.0,939.32,93.93,845.39,Net Banking,Loyalty Member,No
TXN01288,2024-06-10,S003,Chennai Express,Chennai,Stationery,Pen Box,97.3,6.0,10.0,583.8,58.38,525.42,Debit Card,Corporate,No
TXN01289,2024-05-18,S004,Mumbai Metro Store,Mumbai,Grocery,Spices Pack,94.14,2.0,0.0,188.28,0.0,188.28,Cash,Loyalty Member,No
TXN01290,2024-04-21,S001,Hyderabad Central,Hyderabad,Grocery,Cooking Oil,182.95,4.0,0.0,731.8,0.0,731.8,Cash,Loyalty Member,No
TXN01291,,S004,Mumbai Metro Store,Mumbai,Grocery,Rice (5kg),349.15,4.0,,,,,Credit Card,Loyalty Member,No
TXN01292,2024-04-18,S002,Banjara Hills Mart,Hyderabad,Grocery,Cooking Oil,182.44,1.0,20.0,182.44,36.49,145.95,Credit Card,Walk-in,Yes
TXN01293,2024-03-09,S004,Mumbai Metro Store,Mumbai,Stationery,Calculator,402.79,6.0,10.0,2416.74,241.67,2175.07,Net Banking,Corporate,No
TXN01294,2024-08-31,S004,Mumbai Metro Store,Mumbai,Home Appliances,Fan,1527.97,2.0,0.0,3055.94,0.0,3055.94,UPI,Walk-in,No
TXN01295,2024-05-21,S002,Banjara Hills Mart,Hyderabad,Electronics,Smart Watch,5825.93,3.0,0.0,17477.79,0.0,17477.79,Cash,Loyalty Member,No
TXN01296,2024-03-08,S003,Chennai Express,Chennai,Home Appliances,Microwave,6499.03,4.0,20.0,25996.12,5199.22,20796.9,Net Banking,Online,No
TXN01297,2024-07-25,S004,Mumbai Metro Store,Mumbai,Grocery,Flour (10kg),303.98,2.0,5.0,607.96,30.4,577.56,Cash,Walk-in,No
TXN01298,2024-10-25,S001,Hyderabad Central,Hyderabad,Clothing,Jacket,1986.42,1.0,15.0,1986.42,297.96,1688.46,Debit Card,Walk-in,No
TXN01299,2024-02-29,S001,Hyderabad Central,Hyderabad,Stationery,Stapler,155.56,5.0,15.0,777.8,116.67,661.13,Cash,Online,No
TXN01300,2024-04-07,S005,Pune Retail Hub,Pune,Grocery,Flour (10kg),302.18,8.0,0.0,2417.44,0.0,2417.44,Cash,Loyalty Member,No
TXN01301,2024-10-17,S005,Pune Retail Hub,Pune,Electronics,Mobile Phone,10210.56,5.0,10.0,51052.8,5105.28,45947.52,Credit Card,Walk-in,No
TXN01302,2024-10-12,S004,Mumbai Metro Store,Mumbai,Electronics,Earphones,1511.91,7.0,10.0,10583.37,1058.34,9525.03,Debit Card,Corporate,No
TXN01303,2024-09-16,S001,Hyderabad Central,Hyderabad,Grocery,Rice (5kg),349.11,6.0,15.0,2094.66,314.2,1780.46,Credit Card,Corporate,No
TXN01304,2024-07-10,S002,Banjara Hills Mart,Hyderabad,Home Appliances,Water Purifier,8568.12,4.0,20.0,34272.48,6854.5,27417.98,Net Banking,Corporate,No
TXN01305,2024-07-15,S001,Hyderabad Central,Hyderabad,Grocery,Rice (5kg),344.91,6.0,15.0,2069.46,310.42,1759.04,Cash,Online,No
TXN01306,,S002,Banjara Hills Mart,Hyderabad,Grocery,Pulses,144.88,,101.0,,,,Debit Card,Online,No
TXN01307,2024-02-24,S003,Chennai Express,Chennai,Electronics,Earphones,1510.08,4.0,0.0,6040.32,0.0,6040.32,Net Banking,Loyalty Member,No
TXN01308,2024-09-05,S001,Hyderabad Central,Hyderabad,Grocery,Flour (10kg),301.06,8.0,20.0,2408.48,481.7,1926.78,Net Banking,Online,Yes
TXN01309,2024-01-07,S003,Chennai Express,Chennai,Stationery,File Folder,76.75,7.0,20.0,537.25,107.45,429.8,Credit Card,Corporate,No
TXN01310,2024-11-29,S001,Hyderabad Central,Hyderabad,Electronics,Laptop,47073.94,6.0,10.0,282443.64,28244.36,254199.28,Net Banking,Loyalty Member,No
TXN01311,2024-09-30,S005,Pune Retail Hub,Pune,Clothing,Jacket,1937.34,1.0,15.0,1937.34,290.6,1646.74,Cash,Online,No
TXN01312,2024-11-04,S005,Pune Retail Hub,Pune,Stationery,File Folder,80.09,3.0,0.0,240.27,0.0,240.27,Cash,Loyalty Member,No
TXN01313,2024-05-02,S003,Chennai Express,Chennai,Stationery,Calculator,414.66,4.0,10.0,1658.64,165.86,1492.78,UPI,Loyalty Member,No
TXN01314,2024-08-03,S004,Mumbai Metro Store,Mumbai,Clothing,Saree,2577.5,4.0,15.0,10310.0,1546.5,8763.5,UPI,Loyalty Member,No
TXN01315,2024-05-01,S004,Mumbai Metro Store,Mumbai,Electronics,Earphones,1544.19,4.0,10.0,6176.76,617.68,5559.08,Credit Card,Walk-in,No
TXN01316,2024-03-15,S004,Mumbai Metro Store,Mumbai,Stationery,File Folder,78.4,8.0,0.0,627.2,0.0,627.2,UPI,Loyalty Member,No
TXN01317,2024-10-17,S004,Mumbai Metro Store,Mumbai,Home Appliances,Mixer Grinder,2708.39,1.0,10.0,2708.39,270.84,2437.55,Net Banking,Loyalty Member,No
TXN01318,2024-10-30,S003,Chennai Express,Chennai,Electronics,Mobile Phone,10151.07,2.0,10.0,20302.14,2030.21,18271.93,Debit Card,Walk-in,No
TXN01319,2024-02-11,S005,Pune Retail Hub,Pune,Clothing,Jacket,1920.66,3.0,20.0,5761.98,1152.4,4609.58,Cash,Online,No
TXN01320,2024-09-15,S002,Banjara Hills Mart,Hyderabad,Clothing,Jacket,2018.21,7.0,5.0,14127.47,706.37,13421.1,UPI,Walk-in,No
TXN01321,2024-11-12,S001,Hyderabad Central,Hyderabad,Home Appliances,Iron Box,915.33,7.0,10.0,6407.31,640.73,5766.58,Cash,Walk-in,No
TXN01322,2024-12-24,S002,Banjara Hills Mart,Hyderabad,Grocery,Cooking Oil,182.23,7.0,20.0,1275.61,255.12,1020.49,Net Banking,Walk-in,No
TXN01323,2024-06-10,S002,Banjara Hills Mart,Hyderabad,Electronics,Smart Watch,6223.3,1.0,15.0,6223.3,933.5,5289.8,UPI,Corporate,No
TXN01324,2024-08-03,S005,Pune Retail Hub,Pune,Home Appliances,Mixer Grinder,2876.89,2.0,5.0,5753.78,287.69,5466.09,UPI,Corporate,No
TXN01325,2024-03-14,S004,Mumbai Metro Store,Mumbai,Clothing,T-Shirt,612.3,2.0,5.0,1224.6,61.23,1163.37,Net Banking,Online,No
TXN01326,2024-07-19,S001,Hyderabad Central,Hyderabad,Home Appliances,Fan,1653.44,7.0,15.0,11574.08,1736.11,9837.97,Credit Card,Walk-in,No
TXN01327,2024-10-25,S001,Hyderabad Central,Hyderabad,Electronics,Smart Watch,6230.78,6.0,0.0,37384.68,0.0,37384.68,Credit Card,Walk-in,No
TXN01328,2024-03-26,S004,Mumbai Metro Store,Mumbai,Stationery,Pen Box,99.83,5.0,10.0,499.15,49.91,449.24,UPI,Walk-in,No
TXN01329,2024-10-27,S005,Pune Retail Hub,Pune,Home Appliances,Fan,1577.58,4.0,0.0,6310.32,0.0,6310.32,UPI,Loyalty Member,No
TXN01330,2024-06-18,S003,Chennai Express,Chennai,Clothing,Jeans,1323.91,7.0,5.0,9267.37,463.37,8804.0,Credit Card,Loyalty Member,No
TXN01331,2024-10-23,S005,Pune Retail Hub,Pune,Stationery,Notebook Set,203.12,4.0,10.0,812.48,81.25,731.23,Net Banking,Walk-in,No
TXN01332,2024-01-04,S003,Chennai Express,Chennai,Home Appliances,Fan,1656.07,4.0,5.0,6624.28,331.21,6293.07,Credit Card,Corporate,No
TXN01333,2024-06-02,S004,Mumbai Metro Store,Mumbai,Clothing,T-Shirt,624.98,1.0,5.0,624.98,31.25,593.73,UPI,Corporate,No
TXN01334,2024-04-27,S005,Pune Retail Hub,Pune,Electronics,Laptop,46496.2,3.0,10.0,139488.6,13948.86,125539.74,Credit Card,Online,No
TXN01335,2024-12-19,S005,Pune Retail Hub,Pune,Grocery,Pulses,151.36,2.0,10.0,302.72,30.27,272.45,UPI,Loyalty Member,No
TXN01336,2024-05-20,S004,Mumbai Metro Store,Mumbai,Home Appliances,Iron Box,854.54,1.0,15.0,854.54,128.18,726.36,Net Banking,Online,No
TXN01337,2024-06-23,S002,Banjara Hills Mart,Hyderabad,Grocery,Spices Pack,96.12,4.0,20.0,384.48,76.9,307.58,Cash,Corporate,No
TXN01338,2024-12-03,S002,Banjara Hills Mart,Hyderabad,Grocery,Rice (5kg),347.88,4.0,15.0,1391.52,208.73,1182.79,Debit Card,Online,No
TXN01339,2024-09-01,S001,Hyderabad Central,Hyderabad,Clothing,Formal Shirt,884.87,3.0,0.0,2654.61,0.0,2654.61,Net Banking,Online,No
TXN01340,2024-10-28,S004,Mumbai Metro Store,Mumbai,Home Appliances,Water Purifier,8796.31,7.0,0.0,61574.17,0.0,61574.17,UPI,Loyalty Member,No
TXN01341,2024-08-19,S003,Chennai Express,Chennai,Grocery,Flour (10kg),286.93,4.0,10.0,1147.72,114.77,1032.95,Debit Card,Online,No
TXN01342,2024-02-17,S003,Chennai Express,Chennai,Stationery,Pen Box,95.73,5.0,5.0,478.65,23.93,454.72,Net Banking,Walk-in,No
TXN01343,2024-10-15,S001,Hyderabad Central,Hyderabad,Home Appliances,Water Purifier,8930.68,2.0,10.0,17861.36,1786.14,16075.22,UPI,Corporate,No
TXN01344,2024-02-07,S002,Banjara Hills Mart,Hyderabad,Electronics,Smart Watch,6262.58,8.0,10.0,50100.64,5010.06,45090.58,Credit Card,Online,No
TXN01345,2024-01-28,S002,Banjara Hills Mart,Hyderabad,Electronics,Smart Watch,6064.82,6.0,5.0,36388.92,1819.45,34569.47,Debit Card,Walk-in,No
TXN01346,2024-05-27,S002,Banjara Hills Mart,Hyderabad,Electronics,Earphones,1457.73,2.0,20.0,2915.46,583.09,2332.37,Debit Card,Online,No
TXN01347,2024-01-22,S002,Banjara Hills Mart,Hyderabad,Home Appliances,Fan,1526.39,5.0,10.0,7631.95,763.2,6868.75,Net Banking,Walk-in,Yes
TXN01348,2024-10-22,S001,Hyderabad Central,Hyderabad,Grocery,Pulses,150.58,5.0,5.0,752.9,37.65,715.25,Net Banking,Walk-in,No
TXN01349,2024-09-19,S001,Hyderabad Central,Hyderabad,Electronics,Mobile Phone,10452.94,4.0,5.0,41811.76,2090.59,39721.17,Credit Card,Corporate,No
TXN01350,2024-07-26,S003,Chennai Express,Chennai,Home Appliances,Water Purifier,8779.67,6.0,20.0,52678.02,10535.6,42142.42,UPI,Loyalty Member,No
TXN01351,2024-10-15,S003,Chennai Express,Chennai,Grocery,Cooking Oil,185.4,1.0,15.0,185.4,27.81,157.59,Net Banking,Walk-in,No
TXN01352,2024-01-08,S003,Chennai Express,Chennai,Stationery,Pen Box,96.3,4.0,0.0,385.2,0.0,385.2,Debit Card,Online,No
TXN01353,2024-12-25,S005,Pune Retail Hub,Pune,Home Appliances,Microwave,6214.46,1.0,5.0,6214.46,310.72,5903.74,Credit Card,Loyalty Member,No
TXN01354,2024-10-07,S002,Banjara Hills Mart,Hyderabad,Grocery,Flour (10kg),297.17,5.0,10.0,1485.85,148.59,1337.26,Cash,Loyalty Member,No
TXN01355,2024-03-03,S005,Pune Retail Hub,Pune,Grocery,Flour (10kg),311.98,2.0,5.0,623.96,31.2,592.76,Net Banking,Online,No
TXN01356,2024-01-19,S001,Hyderabad Central,Hyderabad,Stationery,Stapler,153.27,4.0,15.0,613.08,91.96,521.12,UPI,Walk-in,No
TXN01357,2024-01-08,S005,Pune Retail Hub,Pune,Grocery,Flour (10kg),299.67,6.0,10.0,1798.02,179.8,1618.22,Net Banking,Online,Yes
TXN01358,2024-03-21,S002,Banjara Hills Mart,Hyderabad,Clothing,T-Shirt,617.99,7.0,0.0,4325.93,0.0,4325.93,Debit Card,Walk-in,No
TXN01359,2024-11-27,S005,Pune Retail Hub,Pune,Home Appliances,Microwave,6319.55,8.0,10.0,50556.4,5055.64,45500.76,Credit Card,Walk-in,No
TXN01360,2024-11-11,S005,Pune Retail Hub,Pune,Electronics,Mobile Phone,10198.69,3.0,0.0,30596.07,0.0,30596.07,Credit Card,Walk-in,No
TXN01361,2024-01-08,S001,Hyderabad Central,Hyderabad,Home Appliances,Mixer Grinder,2664.95,1.0,20.0,2664.95,532.99,2131.96,Net Banking,Loyalty Member,No
TXN01362,2024-05-19,S001,Hyderabad Central,Hyderabad,Home Appliances,Water Purifier,9329.99,8.0,20.0,74639.92,14927.98,59711.94,UPI,Online,No
TXN01363,2024-09-11,S004,Mumbai Metro Store,Mumbai,Grocery,Flour (10kg),287.84,4.0,10.0,1151.36,115.14,1036.22,Credit Card,Online,No
TXN01364,2024-11-07,S001,Hyderabad Central,Hyderabad,Stationery,Notebook Set,201.58,5.0,15.0,1007.9,151.19,856.71,Net Banking,Corporate,No
TXN01365,2024-09-06,S001,Hyderabad Central,Hyderabad,Clothing,Saree,2595.02,3.0,20.0,7785.06,1557.01,6228.05,UPI,Loyalty Member,No
TXN01366,2024-09-09,S003,Chennai Express,Chennai,Electronics,Tablet,19559.99,7.0,5.0,136919.93,6846.0,130073.93,Debit Card,Online,No
TXN01367,2024-04-24,S004,Mumbai Metro Store,Mumbai,Stationery,Stapler,155.51,7.0,20.0,1088.57,217.71,870.86,Net Banking,Walk-in,No
TXN01368,2024-06-07,S002,Banjara Hills Mart,Hyderabad,Home Appliances,Water Purifier,8561.21,3.0,5.0,25683.63,1284.18,24399.45,Credit Card,Walk-in,No
TXN01369,2024-05-04,S005,Pune Retail Hub,Pune,Electronics,Laptop,44641.38,7.0,0.0,312489.66,0.0,312489.66,Credit Card,Corporate,No
TXN01370,2024-03-07,S001,Hyderabad Central,Hyderabad,Grocery,Pulses,142.26,2.0,5.0,284.52,14.23,270.29,Debit Card,Corporate,No
TXN01371,2024-12-08,S004,Mumbai Metro Store,Mumbai,Clothing,T-Shirt,577.58,5.0,5.0,2887.9,144.4,2743.5,Credit Card,Online,Yes
TXN01372,2024-06-24,S001,Hyderabad Central,Hyderabad,Grocery,Pulses,143.7,4.0,20.0,574.8,114.96,459.84,Debit Card,Online,No
TXN01373,2024-04-15,S002,Banjara Hills Mart,Hyderabad,Electronics,Earphones,1451.62,3.0,20.0,4354.86,870.97,3483.89,Net Banking,Corporate,No
TXN01374,2024-07-09,S002,Banjara Hills Mart,Hyderabad,Home Appliances,Mixer Grinder,2884.28,6.0,5.0,17305.68,865.28,16440.4,Net Banking,Loyalty Member,No
TXN01375,2024-08-30,S003,Chennai Express,Chennai,Clothing,Jeans,1333.93,6.0,20.0,8003.58,1600.72,6402.86,Credit Card,Corporate,No
TXN01376,2024-02-02,S003,Chennai Express,Chennai,Electronics,Tablet,18586.86,5.0,15.0,92934.3,13940.15,78994.15,Credit Card,Loyalty Member,Yes
TXN01377,2024-12-11,S002,Banjara Hills Mart,Hyderabad,Electronics,Smart Watch,6172.55,6.0,5.0,37035.3,1851.77,35183.53,UPI,Loyalty Member,No
TXN01378,2024-07-05,S003,Chennai Express,Chennai,Stationery,Stapler,143.61,1.0,20.0,143.61,28.72,114.89,UPI,Corporate,No
TXN01379,2024-05-11,S001,Hyderabad Central,Hyderabad,Home Appliances,Microwave,6290.12,8.0,10.0,50320.96,5032.1,45288.86,Net Banking,Online,No
TXN01380,2024-10-03,S003,Chennai Express,Chennai,Grocery,Cooking Oil,187.81,1.0,10.0,187.81,18.78,169.03,Cash,Walk-in,Yes
TXN01381,2024-05-15,S003,Chennai Express,Chennai,Stationery,Calculator,415.79,4.0,5.0,1663.16,83.16,1580.0,Debit Card,Corporate,No
TXN01382,2024-04-25,S003,Chennai Express,Chennai,Clothing,Formal Shirt,871.37,3.0,10.0,2614.11,261.41,2352.7,Cash,Online,No
TXN01383,2024-02-20,S005,Pune Retail Hub,Pune,Electronics,Tablet,19049.6,6.0,10.0,114297.6,11429.76,102867.84,Net Banking,Walk-in,No
TXN01384,2024-05-22,S002,Banjara Hills Mart,Hyderabad,Home Appliances,Iron Box,856.32,1.0,10.0,856.32,85.63,770.69,Net Banking,Walk-in,No
TXN01385,2024-11-20,S001,Hyderabad Central,Hyderabad,Grocery,Cooking Oil,195.17,8.0,0.0,1561.36,0.0,1561.36,UPI,Corporate,No
TXN01386,2024-06-25,S005,Pune Retail Hub,Pune,Stationery,Notebook Set,199.83,3.0,15.0,599.49,89.92,509.57,Debit Card,Loyalty Member,No
TXN01387,2024-07-28,S004,Mumbai Metro Store,Mumbai,Clothing,T-Shirt,584.9,2.0,0.0,1169.8,0.0,1169.8,Debit Card,Corporate,Yes
TXN01388,2024-04-20,S004,Mumbai Metro Store,Mumbai,Stationery,Stapler,153.84,3.0,0.0,461.52,0.0,461.52,Credit Card,Loyalty Member,No
TXN01389,2024-11-25,S003,Chennai Express,Chennai,Clothing,Jacket,1998.96,5.0,20.0,9994.8,1998.96,7995.84,Debit Card,Corporate,No
TXN01390,2024-04-30,S002,Banjara Hills Mart,Hyderabad,Stationery,File Folder,81.91,8.0,0.0,655.28,0.0,655.28,UPI,Loyalty Member,No
TXN01391,2024-11-25,S002,Banjara Hills Mart,Hyderabad,Clothing,Jacket,1907.46,3.0,5.0,5722.38,286.12,5436.26,Credit Card,Walk-in,No
TXN01392,2024-02-14,S002,Banjara Hills Mart,Hyderabad,Stationery,Notebook Set,202.0,3.0,0.0,606.0,0.0,606.0,Credit Card,Online,No
TXN01393,2024-09-11,S001,Hyderabad Central,Hyderabad,Home Appliances,Fan,1538.43,2.0,10.0,3076.86,307.69,2769.17,Net Banking,Loyalty Member,No
TXN01394,2024-08-26,S003,Chennai Express,Chennai,Electronics,Laptop,44784.64,4.0,10.0,179138.56,17913.86,161224.7,UPI,Loyalty Member,No
TXN01395,2024-10-27,S001,Hyderabad Central,Hyderabad,Home Appliances,Fan,1628.78,8.0,15.0,13030.24,1954.54,11075.7,Credit Card,Corporate,Yes
TXN01396,2024-11-23,S001,Hyderabad Central,Hyderabad,Stationery,Calculator,393.74,1.0,0.0,393.74,0.0,393.74,Debit Card,Walk-in,No
TXN01397,2024-06-06,S004,Mumbai Metro Store,Mumbai,Grocery,Flour (10kg),294.14,7.0,10.0,2058.98,205.9,1853.08,UPI,Loyalty Member,Yes
TXN01398,2024-04-19,S002,Banjara Hills Mart,Hyderabad,Grocery,Cooking Oil,195.46,2.0,15.0,390.92,58.64,332.28,Net Banking,Online,No
TXN01399,2024-09-27,S003,Chennai Express,Chennai,Grocery,Rice (5kg),360.13,1.0,20.0,360.13,72.03,288.1,Credit Card,Walk-in,No
TXN01400,2024-07-29,S005,Pune Retail Hub,Pune,Stationery,Stapler,154.62,6.0,5.0,927.72,46.39,881.33,Debit Card,Online,No
TXN01401,2024-12-15,S001,Hyderabad Central,Hyderabad,Stationery,Stapler,145.82,5.0,20.0,729.1,145.82,583.28,Net Banking,Corporate,No
TXN01402,2024-09-20,S002,Banjara Hills Mart,Hyderabad,Stationery,Pen Box,103.07,1.0,15.0,103.07,15.46,87.61,Net Banking,Loyalty Member,No
TXN01403,2024-09-05,S005,Pune Retail Hub,Pune,Stationery,Notebook Set,204.58,7.0,20.0,1432.06,286.41,1145.65,Cash,Walk-in,No
TXN01404,2024-06-03,S003,Chennai Express,Chennai,Stationery,File Folder,75.85,3.0,0.0,227.55,0.0,227.55,Debit Card,Walk-in,Yes
TXN01405,2024-08-30,S005,Pune Retail Hub,Pune,Grocery,Spices Pack,99.09,1.0,5.0,99.09,4.95,94.14,Cash,Corporate,No
TXN01406,2024-03-03,S001,Hyderabad Central,Hyderabad,Grocery,Pulses,147.33,4.0,10.0,589.32,58.93,530.39,UPI,Corporate,No
TXN01407,2024-02-25,S005,Pune Retail Hub,Pune,Grocery,Pulses,146.72,8.0,20.0,1173.76,234.75,939.01,Net Banking,Walk-in,No
TXN01408,2024-07-06,S005,Pune Retail Hub,Pune,Home Appliances,Mixer Grinder,2930.36,7.0,15.0,20512.52,3076.88,17435.64,Credit Card,Walk-in,No
TXN01409,2024-12-05,S004,Mumbai Metro Store,Mumbai,Home Appliances,Water Purifier,8800.32,8.0,5.0,70402.56,3520.13,66882.43,Net Banking,Loyalty Member,No
TXN01410,2024-08-17,S002,Banjara Hills Mart,Hyderabad,Electronics,Mobile Phone,10180.63,4.0,10.0,40722.52,4072.25,36650.27,Debit Card,Loyalty Member,No
TXN01411,2024-11-25,S003,Chennai Express,Chennai,Stationery,Pen Box,100.91,7.0,20.0,706.37,141.27,565.1,Net Banking,Corporate,No
TXN01412,2024-02-09,S003,Chennai Express,Chennai,Clothing,Jeans,1304.57,5.0,10.0,6522.85,652.28,5870.57,Debit Card,Loyalty Member,No
TXN01413,2024-09-28,S004,Mumbai Metro Store,Mumbai,Electronics,Smart Watch,5747.37,5.0,15.0,28736.85,4310.53,24426.32,Debit Card,Loyalty Member,Yes
TXN01414,2024-10-30,S002,Banjara Hills Mart,Hyderabad,Electronics,Earphones,1529.08,6.0,10.0,9174.48,917.45,8257.03,Debit Card,Corporate,No
TXN01415,2024-05-16,S001,Hyderabad Central,Hyderabad,Stationery,Calculator,405.85,7.0,0.0,2840.95,0.0,2840.95,Credit Card,Loyalty Member,No
TXN01416,2024-10-18,S004,Mumbai Metro Store,Mumbai,Clothing,Jacket,1911.49,5.0,20.0,9557.45,1911.49,7645.96,Credit Card,Online,No
TXN01417,2024-08-27,S002,Banjara Hills Mart,Hyderabad,Grocery,Rice (5kg),351.44,6.0,20.0,2108.64,421.73,1686.91,Net Banking,Corporate,No
TXN01418,2024-10-11,S001,Hyderabad Central,Hyderabad,Stationery,Calculator,391.79,7.0,15.0,2742.53,411.38,2331.15,Credit Card,Corporate,No
TXN01419,2024-06-02,S002,Banjara Hills Mart,Hyderabad,Electronics,Smart Watch,6242.22,8.0,15.0,49937.76,7490.66,42447.1,Debit Card,Corporate,Yes
TXN01420,2024-07-29,S004,Mumbai Metro Store,Mumbai,Clothing,T-Shirt,621.3,1.0,0.0,621.3,0.0,621.3,Cash,Corporate,No
TXN01421,2024-03-21,S004,Mumbai Metro Store,Mumbai,Home Appliances,Iron Box,911.05,7.0,10.0,6377.35,637.74,5739.61,Cash,Online,No
TXN01422,2024-09-06,S003,Chennai Express,Chennai,Stationery,Calculator,403.58,3.0,15.0,1210.74,181.61,1029.13,Credit Card,Walk-in,Yes
TXN01423,2024-09-05,S002,Banjara Hills Mart,Hyderabad,Electronics,Laptop,47876.48,7.0,5.0,335135.36,16756.77,318378.59,UPI,Corporate,No
TXN01424,2024-12-06,S003,Chennai Express,Chennai,Grocery,Rice (5kg),359.8,8.0,0.0,2878.4,0.0,2878.4,UPI,Loyalty Member,No
TXN01425,2024-04-20,S001,Hyderabad Central,Hyderabad,Stationery,Notebook Set,205.66,6.0,20.0,1233.96,246.79,987.17,Net Banking,Walk-in,No
TXN01426,2024-08-11,S001,Hyderabad Central,Hyderabad,Home Appliances,Iron Box,917.81,5.0,5.0,4589.05,229.45,4359.6,Credit Card,Online,No
TXN01427,2024-01-21,S003,Chennai Express,Chennai,Electronics,Mobile Phone,10349.46,3.0,5.0,31048.38,1552.42,29495.96,Credit Card,Walk-in,No
TXN01428,2024-08-25,S002,Banjara Hills Mart,Hyderabad,Clothing,Formal Shirt,887.79,7.0,5.0,6214.53,310.73,5903.8,Net Banking,Loyalty Member,No
TXN01429,,S001,Hyderabad Central,Hyderabad,Stationery,File Folder,81.16,1.0,101.0,,,,UPI,Walk-in,No
TXN01430,2024-11-14,S001,Hyderabad Central,Hyderabad,Stationery,File Folder,77.39,4.0,5.0,309.56,15.48,294.08,UPI,Loyalty Member,No
TXN01431,2024-10-25,S004,Mumbai Metro Store,Mumbai,Home Appliances,Iron Box,894.19,3.0,5.0,2682.57,134.13,2548.44,Credit Card,Loyalty Member,No
TXN01432,2024-10-17,S004,Mumbai Metro Store,Mumbai,Electronics,Tablet,19847.96,3.0,10.0,59543.88,5954.39,53589.49,UPI,Walk-in,No
TXN01433,2024-02-02,S004,Mumbai Metro Store,Mumbai,Stationery,File Folder,80.82,8.0,0.0,646.56,0.0,646.56,UPI,Corporate,No
TXN01434,2024-03-12,S002,Banjara Hills Mart,Hyderabad,Clothing,Formal Shirt,887.05,6.0,5.0,5322.3,266.12,5056.18,Debit Card,Online,No
TXN01435,2024-11-02,S001,Hyderabad Central,Hyderabad,Home Appliances,Fan,1662.55,4.0,15.0,6650.2,997.53,5652.67,UPI,Corporate,No
TXN01436,2024-12-10,S005,Pune Retail Hub,Pune,Grocery,Flour (10kg),302.78,7.0,10.0,2119.46,211.95,1907.51,Debit Card,Walk-in,Yes
TXN01437,2024-05-11,S002,Banjara Hills Mart,Hyderabad,Clothing,Jeans,1277.21,2.0,20.0,2554.42,510.88,2043.54,Cash,Loyalty Member,No
TXN01438,2024-09-19,S004,Mumbai Metro Store,Mumbai,Home Appliances,Microwave,6790.0,3.0,10.0,20370.0,2037.0,18333.0,Credit Card,Online,No
TXN01439,2024-01-05,S001,Hyderabad Central,Hyderabad,Electronics,Mobile Phone,10240.8,6.0,20.0,61444.8,12288.96,49155.84,Net Banking,Online,No
TXN01440,2024-07-07,S004,Mumbai Metro Store,Mumbai,Home Appliances,Fan,1607.93,2.0,15.0,3215.86,482.38,2733.48,UPI,Loyalty Member,No
TXN01441,,S001,Hyderabad Central,Hyderabad,Stationery,Calculator,413.5,,-5.0,,,,Debit Card,Online,No
TXN01442,,S005,Pune Retail Hub,Pune,Grocery,Spices Pack,103.75,1.0,,,,,Debit Card,Loyalty Member,No
TXN01443,2024-02-09,S001,Hyderabad Central,Hyderabad,Grocery,Cooking Oil,197.06,3.0,5.0,591.18,29.56,561.62,UPI,Loyalty Member,No
TXN01444,2024-12-28,S002,Banjara Hills Mart,Hyderabad,Home Appliances,Fan,1634.06,3.0,10.0,4902.18,490.22,4411.96,Cash,Corporate,No
TXN01445,2024-09-19,S002,Banjara Hills Mart,Hyderabad,Electronics,Earphones,1443.82,5.0,0.0,7219.1,0.0,7219.1,Credit Card,Loyalty Member,No
TXN01446,2024-01-12,S005,Pune Retail Hub,Pune,Clothing,Jeans,1246.19,7.0,10.0,8723.33,872.33,7851.0,Cash,Loyalty Member,No
TXN01447,,S004,Mumbai Metro Store,Mumbai,Clothing,Jeans,1347.68,,-5.0,,,,Cash,Walk-in,No
TXN01448,2024-03-26,S002,Banjara Hills Mart,Hyderabad,Electronics,Mobile Phone,10329.51,2.0,15.0,20659.02,3098.85,17560.17,Cash,Walk-in,No
TXN01449,2024-06-14,S003,Chennai Express,Chennai,Stationery,Stapler,150.03,8.0,0.0,1200.24,0.0,1200.24,Net Banking,Walk-in,No
TXN01450,2024-06-10,S002,Banjara Hills Mart,Hyderabad,Grocery,Flour (10kg),308.28,7.0,5.0,2157.96,107.9,2050.06,UPI,Walk-in,No
TXN01451,2024-06-16,S001,Hyderabad Central,Hyderabad,Grocery,Spices Pack,103.94,5.0,15.0,519.7,77.96,441.74,Cash,Online,No
TXN01452,2024-08-11,S002,Banjara Hills Mart,Hyderabad,Clothing,T-Shirt,594.25,6.0,15.0,3565.5,534.83,3030.67,Credit Card,Online,No
TXN01453,2024-01-19,S002,Banjara Hills Mart,Hyderabad,Home Appliances,Water Purifier,8782.72,7.0,0.0,61479.04,0.0,61479.04,Net Banking,Online,No
TXN01454,2024-02-24,S004,Mumbai Metro Store,Mumbai,Stationery,Calculator,386.73,4.0,5.0,1546.92,77.35,1469.57,Cash,Loyalty Member,No
TXN01455,2024-11-09,S001,Hyderabad Central,Hyderabad,Clothing,Formal Shirt,858.74,4.0,0.0,3434.96,0.0,3434.96,UPI,Loyalty Member,No
TXN01456,2024-10-07,S001,Hyderabad Central,Hyderabad,Stationery,Pen Box,95.73,3.0,20.0,287.19,57.44,229.75,Credit Card,Online,No
TXN01457,2024-08-09,S003,Chennai Express,Chennai,Home Appliances,Microwave,6679.59,7.0,0.0,46757.13,0.0,46757.13,Credit Card,Corporate,No
TXN01458,2024-03-25,S001,Hyderabad Central,Hyderabad,Grocery,Flour (10kg),300.34,8.0,20.0,2402.72,480.54,1922.18,UPI,Loyalty Member,No
TXN01459,2024-02-29,S005,Pune Retail Hub,Pune,Home Appliances,Fan,1648.87,5.0,15.0,8244.35,1236.65,7007.7,Net Banking,Corporate,No
TXN01460,2024-06-25,S005,Pune Retail Hub,Pune,Grocery,Pulses,152.94,1.0,10.0,152.94,15.29,137.65,Net Banking,Loyalty Member,No
TXN01461,2024-09-04,S005,Pune Retail Hub,Pune,Stationery,File Folder,77.27,1.0,15.0,77.27,11.59,65.68,Debit Card,Online,No
TXN01462,2024-06-21,S001,Hyderabad Central,Hyderabad,Home Appliances,Fan,1580.42,5.0,20.0,7902.1,1580.42,6321.68,Cash,Walk-in,No
TXN01463,2024-12-03,S003,Chennai Express,Chennai,Clothing,Jacket,1995.28,5.0,0.0,9976.4,0.0,9976.4,Debit Card,Walk-in,No
TXN01464,2024-08-12,S005,Pune Retail Hub,Pune,Electronics,Mobile Phone,9991.16,3.0,20.0,29973.48,5994.7,23978.78,UPI,Corporate,No
TXN01465,2024-10-20,S005,Pune Retail Hub,Pune,Electronics,Laptop,48117.91,7.0,0.0,336825.37,0.0,336825.37,Cash,Loyalty Member,No
TXN01466,2024-12-19,S003,Chennai Express,Chennai,Electronics,Earphones,1550.61,4.0,5.0,6202.44,310.12,5892.32,UPI,Online,No
TXN01467,2024-01-19,S001,Hyderabad Central,Hyderabad,Stationery,File Folder,78.51,3.0,0.0,235.53,0.0,235.53,Cash,Online,No
TXN01468,2024-11-11,S002,Banjara Hills Mart,Hyderabad,Clothing,Jeans,1277.27,2.0,20.0,2554.54,510.91,2043.63,Net Banking,Corporate,No
TXN01469,2024-03-27,S003,Chennai Express,Chennai,Stationery,Calculator,383.94,6.0,10.0,2303.64,230.36,2073.28,Net Banking,Corporate,No
TXN01470,2024-02-14,S003,Chennai Express,Chennai,Electronics,Smart Watch,5832.26,2.0,5.0,11664.52,583.23,11081.29,Cash,Walk-in,No
TXN01471,2024-09-27,S003,Chennai Express,Chennai,Clothing,T-Shirt,601.79,7.0,5.0,4212.53,210.63,4001.9,Debit Card,Online,No
TXN01472,2024-02-12,S004,Mumbai Metro Store,Mumbai,Home Appliances,Iron Box,859.91,4.0,10.0,3439.64,343.96,3095.68,UPI,Walk-in,No
TXN01473,2024-09-02,S001,Hyderabad Central,Hyderabad,Clothing,T-Shirt,583.62,1.0,5.0,583.62,29.18,554.44,Cash,Loyalty Member,No
TXN01474,,S003,Chennai Express,Chennai,Stationery,Stapler,146.01,,,,,,Credit Card,Corporate,No
TXN01475,2024-07-15,S005,Pune Retail Hub,Pune,Electronics,Tablet,18644.19,1.0,0.0,18644.19,0.0,18644.19,Cash,Online,No
TXN01476,2024-12-18,S003,Chennai Express,Chennai,Grocery,Pulses,144.36,4.0,15.0,577.44,86.62,490.82,Credit Card,Walk-in,No
TXN01477,2024-11-30,S004,Mumbai Metro Store,Mumbai,Clothing,T-Shirt,601.27,2.0,0.0,1202.54,0.0,1202.54,Credit Card,Corporate,No
TXN01478,2024-01-23,S003,Chennai Express,Chennai,Home Appliances,Iron Box,908.74,1.0,5.0,908.74,45.44,863.3,Cash,Loyalty Member,No
TXN01479,2024-01-06,S005,Pune Retail Hub,Pune,Grocery,Rice (5kg),349.85,3.0,5.0,1049.55,52.48,997.07,Cash,Loyalty Member,No
TXN01480,2024-04-14,S003,Chennai Express,Chennai,Clothing,Jeans,1292.22,6.0,0.0,7753.32,0.0,7753.32,Cash,Loyalty Member,No
TXN01481,2024-07-15,S005,Pune Retail Hub,Pune,Stationery,Calculator,379.82,2.0,10.0,759.64,75.96,683.68,Debit Card,Corporate,No
TXN01482,2024-07-20,S003,Chennai Express,Chennai,Clothing,Jeans,1250.11,8.0,0.0,10000.88,0.0,10000.88,UPI,Online,No
TXN01483,2024-02-17,S004,Mumbai Metro Store,Mumbai,Grocery,Flour (10kg),297.85,2.0,5.0,595.7,29.79,565.91,Cash,Loyalty Member,No
TXN01484,2024-12-19,S001,Hyderabad Central,Hyderabad,Electronics,Tablet,18758.85,6.0,15.0,112553.1,16882.97,95670.13,UPI,Corporate,Yes
TXN01485,2024-08-09,S005,Pune Retail Hub,Pune,Grocery,Rice (5kg),355.99,3.0,0.0,1067.97,0.0,1067.97,Net Banking,Loyalty Member,No
TXN01486,2024-09-13,S003,Chennai Express,Chennai,Electronics,Smart Watch,6132.16,5.0,5.0,30660.8,1533.04,29127.76,Cash,Online,No
TXN01487,2024-07-15,S002,Banjara Hills Mart,Hyderabad,Electronics,Mobile Phone,9754.29,6.0,5.0,58525.74,2926.29,55599.45,Net Banking,Online,Yes
TXN01488,2024-01-12,S002,Banjara Hills Mart,Hyderabad,Home Appliances,Iron Box,933.08,8.0,0.0,7464.64,0.0,7464.64,Credit Card,Walk-in,No
TXN01489,2024-01-21,S005,Pune Retail Hub,Pune,Home Appliances,Water Purifier,9220.23,4.0,10.0,36880.92,3688.09,33192.83,UPI,Corporate,No
TXN01490,2024-12-21,S002,Banjara Hills Mart,Hyderabad,Home Appliances,Mixer Grinder,2763.72,4.0,10.0,11054.88,1105.49,9949.39,UPI,Walk-in,No
TXN01491,2024-09-01,S002,Banjara Hills Mart,Hyderabad,Grocery,Spices Pack,94.69,5.0,5.0,473.45,23.67,449.78,UPI,Loyalty Member,No
TXN01492,2024-12-16,S003,Chennai Express,Chennai,Electronics,Mobile Phone,10155.79,4.0,5.0,40623.16,2031.16,38592.0,UPI,Loyalty Member,No
TXN01493,2024-08-11,S002,Banjara Hills Mart,Hyderabad,Home Appliances,Microwave,6719.39,6.0,15.0,40316.34,6047.45,34268.89,Credit Card,Corporate,No
TXN01494,,S004,Mumbai Metro Store,Mumbai,Clothing,Jeans,1284.3,10.0,,,,,Cash,Online,Yes
TXN01495,2024-07-20,S001,Hyderabad Central,Hyderabad,Clothing,Jacket,1951.65,2.0,20.0,3903.3,780.66,3122.64,Net Banking,Walk-in,No
TXN01496,2024-02-27,S004,Mumbai Metro Store,Mumbai,Grocery,Cooking Oil,181.05,5.0,10.0,905.25,90.53,814.72,UPI,Corporate,No
TXN01497,2024-04-08,S004,Mumbai Metro Store,Mumbai,Clothing,T-Shirt,590.33,7.0,5.0,4132.31,206.62,3925.69,Net Banking,Walk-in,No
TXN01498,2024-04-04,S003,Chennai Express,Chennai,Home Appliances,Mixer Grinder,2884.51,5.0,15.0,14422.55,2163.38,12259.17,Net Banking,Online,No
TXN01499,2024-10-23,S005,Pune Retail Hub,Pune,Home Appliances,Mixer Grinder,2742.41,2.0,15.0,5484.82,822.72,4662.1,Net Banking,Walk-in,No
TXN01500,2024-02-21,S001,Hyderabad Central,Hyderabad,Clothing,T-Shirt,594.78,1.0,15.0,594.78,89.22,505.56,Net Banking,Loyalty Member,Yes
TXN01501,2024-08-11,S002,Banjara Hills Mart,Hyderabad,Grocery,Pulses,150.78,4.0,15.0,603.12,90.47,512.65,Net Banking,Loyalty Member,No
TXN01502,2024-08-19,S005,Pune Retail Hub,Pune,Home Appliances,Microwave,6410.0,3.0,5.0,19230.0,961.5,18268.5,Credit Card,Loyalty Member,No
TXN01503,2024-09-16,S003,Chennai Express,Chennai,Electronics,Smart Watch,6206.53,4.0,5.0,24826.12,1241.31,23584.81,Net Banking,Online,No
TXN01504,2024-01-23,S003,Chennai Express,Chennai,Clothing,T-Shirt,606.93,4.0,20.0,2427.72,485.54,1942.18,Cash,Online,No
TXN01505,2024-01-14,S002,Banjara Hills Mart,Hyderabad,Clothing,Formal Shirt,896.16,7.0,20.0,6273.12,1254.62,5018.5,Net Banking,Walk-in,No
TXN01506,2024-12-07,S001,Hyderabad Central,Hyderabad,Grocery,Spices Pack,102.08,7.0,15.0,714.56,107.18,607.38,UPI,Loyalty Member,No
TXN01507,2024-02-16,S004,Mumbai Metro Store,Mumbai,Home Appliances,Mixer Grinder,2869.41,4.0,15.0,11477.64,1721.65,9755.99,Debit Card,Loyalty Member,No
TXN01508,2024-04-06,S005,Pune Retail Hub,Pune,Clothing,Formal Shirt,858.15,5.0,15.0,4290.75,643.61,3647.14,Cash,Walk-in,Yes
TXN01509,2024-01-06,S002,Banjara Hills Mart,Hyderabad,Clothing,Formal Shirt,938.64,1.0,5.0,938.64,46.93,891.71,UPI,Walk-in,No
TXN01510,2024-11-08,S004,Mumbai Metro Store,Mumbai,Grocery,Flour (10kg),293.87,7.0,15.0,2057.09,308.56,1748.53,Cash,Loyalty Member,No
TXN01511,2024-01-22,S002,Banjara Hills Mart,Hyderabad,Grocery,Spices Pack,96.45,7.0,10.0,675.15,67.52,607.63,Net Banking,Corporate,No
TXN01512,2024-07-14,S003,Chennai Express,Chennai,Clothing,Jeans,1236.64,3.0,5.0,3709.92,185.5,3524.42,Credit Card,Loyalty Member,No
TXN01513,2024-04-11,S003,Chennai Express,Chennai,Stationery,File Folder,82.57,3.0,10.0,247.71,24.77,222.94,Net Banking,Online,No
TXN01514,2024-02-20,S002,Banjara Hills Mart,Hyderabad,Electronics,Tablet,18702.99,1.0,15.0,18702.99,2805.45,15897.54,UPI,Loyalty Member,No
TXN01515,2024-07-25,S005,Pune Retail Hub,Pune,Electronics,Earphones,1474.78,1.0,15.0,1474.78,221.22,1253.56,Cash,Loyalty Member,No
TXN01516,2024-07-28,S001,Hyderabad Central,Hyderabad,Clothing,Formal Shirt,920.5,1.0,0.0,920.5,0.0,920.5,Credit Card,Walk-in,No
TXN01517,2024-10-05,S001,Hyderabad Central,Hyderabad,Home Appliances,Iron Box,917.34,2.0,15.0,1834.68,275.2,1559.48,Net Banking,Walk-in,No
TXN01518,2024-03-30,S005,Pune Retail Hub,Pune,Electronics,Earphones,1424.34,4.0,0.0,5697.36,0.0,5697.36,Debit Card,Online,No
TXN01519,2024-06-20,S001,Hyderabad Central,Hyderabad,Clothing,T-Shirt,583.84,6.0,15.0,3503.04,525.46,2977.58,Net Banking,Loyalty Member,No
TXN01520,2024-07-03,S004,Mumbai Metro Store,Mumbai,Electronics,Tablet,18559.37,2.0,5.0,37118.74,1855.94,35262.8,Net Banking,Corporate,No
TXN01521,2024-05-08,S004,Mumbai Metro Store,Mumbai,Grocery,Cooking Oil,186.79,3.0,0.0,560.37,0.0,560.37,Net Banking,Loyalty Member,No
TXN01522,2024-11-17,S003,Chennai Express,Chennai,Electronics,Laptop,44959.08,5.0,15.0,224795.4,33719.31,191076.09,Net Banking,Online,No
TXN01523,2024-05-25,S004,Mumbai Metro Store,Mumbai,Grocery,Rice (5kg),340.27,1.0,15.0,340.27,51.04,289.23,Cash,Corporate,No
TXN01524,,S001,Hyderabad Central,Hyderabad,Stationery,File Folder,76.68,,101.0,,,,UPI,Online,No
TXN01525,2024-10-12,S003,Chennai Express,Chennai,Electronics,Earphones,1495.26,5.0,20.0,7476.3,1495.26,5981.04,Cash,Corporate,No
TXN01526,2024-01-10,S002,Banjara Hills Mart,Hyderabad,Clothing,Saree,2419.34,8.0,20.0,19354.72,3870.94,15483.78,Net Banking,Online,No
TXN01527,2024-09-12,S004,Mumbai Metro Store,Mumbai,Electronics,Laptop,46772.54,4.0,5.0,187090.16,9354.51,177735.65,Debit Card,Online,No
TXN01528,2024-04-07,S005,Pune Retail Hub,Pune,Electronics,Mobile Phone,9956.93,7.0,10.0,69698.51,6969.85,62728.66,Credit Card,Online,No
TXN01529,2024-06-26,S003,Chennai Express,Chennai,Grocery,Pulses,146.71,6.0,15.0,880.26,132.04,748.22,Cash,Online,No
TXN01530,2024-02-17,S005,Pune Retail Hub,Pune,Home Appliances,Iron Box,892.09,1.0,10.0,892.09,89.21,802.88,Net Banking,Corporate,No
TXN01531,2024-01-29,S004,Mumbai Metro Store,Mumbai,Stationery,Pen Box,101.4,1.0,10.0,101.4,10.14,91.26,Net Banking,Loyalty Member,No
TXN01532,2024-07-18,S001,Hyderabad Central,Hyderabad,Clothing,Formal Shirt,883.99,1.0,20.0,883.99,176.8,707.19,UPI,Corporate,No
TXN01533,2024-03-01,S004,Mumbai Metro Store,Mumbai,Home Appliances,Microwave,6196.0,6.0,15.0,37176.0,5576.4,31599.6,Net Banking,Online,No
TXN01534,2024-09-24,S005,Pune Retail Hub,Pune,Stationery,File Folder,79.16,6.0,15.0,474.96,71.24,403.72,Net Banking,Online,No
TXN01535,2024-11-09,S005,Pune Retail Hub,Pune,Home Appliances,Fan,1645.42,5.0,20.0,8227.1,1645.42,6581.68,Credit Card,Corporate,No
TXN01536,2024-02-10,S005,Pune Retail Hub,Pune,Electronics,Earphones,1448.16,5.0,15.0,7240.8,1086.12,6154.68,Credit Card,Corporate,No
TXN01537,2024-04-10,S001,Hyderabad Central,Hyderabad,Electronics,Tablet,18865.98,1.0,20.0,18865.98,3773.2,15092.78,Net Banking,Online,No
TXN01538,2024-05-22,S004,Mumbai Metro Store,Mumbai,Grocery,Pulses,150.42,4.0,0.0,601.68,0.0,601.68,Debit Card,Walk-in,No
TXN01539,2024-04-19,S001,Hyderabad Central,Hyderabad,Electronics,Mobile Phone,10365.13,5.0,0.0,51825.65,0.0,51825.65,UPI,Walk-in,No
TXN01540,2024-10-29,S001,Hyderabad Central,Hyderabad,Electronics,Laptop,45007.24,6.0,5.0,270043.44,13502.17,256541.27,UPI,Online,No
TXN01541,2024-04-09,S002,Banjara Hills Mart,Hyderabad,Grocery,Pulses,144.29,3.0,20.0,432.87,86.57,346.3,Debit Card,Online,No
TXN01542,2024-06-18,S003,Chennai Express,Chennai,Electronics,Laptop,46106.43,5.0,10.0,230532.15,23053.22,207478.93,Net Banking,Walk-in,No
TXN01543,2024-01-15,S001,Hyderabad Central,Hyderabad,Stationery,Calculator,396.96,8.0,15.0,3175.68,476.35,2699.33,Cash,Walk-in,No
TXN01544,2024-01-07,S002,Banjara Hills Mart,Hyderabad,Stationery,Calculator,399.16,5.0,5.0,1995.8,99.79,1896.01,Net Banking,Corporate,No
TXN01545,2024-08-24,S002,Banjara Hills Mart,Hyderabad,Electronics,Mobile Phone,9883.81,6.0,15.0,59302.86,8895.43,50407.43,Credit Card,Online,No
TXN01546,2024-09-30,S002,Banjara Hills Mart,Hyderabad,Electronics,Earphones,1492.08,3.0,10.0,4476.24,447.62,4028.62,Credit Card,Online,No
TXN01547,2024-11-01,S001,Hyderabad Central,Hyderabad,Electronics,Laptop,44497.18,5.0,20.0,222485.9,44497.18,177988.72,Cash,Corporate,No
TXN01548,2024-11-30,S003,Chennai Express,Chennai,Stationery,File Folder,82.88,1.0,0.0,82.88,0.0,82.88,Debit Card,Loyalty Member,No
TXN01549,2024-06-10,S005,Pune Retail Hub,Pune,Stationery,File Folder,77.59,2.0,10.0,155.18,15.52,139.66,Credit Card,Walk-in,No
TXN01550,2024-07-17,S004,Mumbai Metro Store,Mumbai,Home Appliances,Iron Box,854.55,5.0,0.0,4272.75,0.0,4272.75,Debit Card,Loyalty Member,Yes
TXN01551,2024-06-06,S001,Hyderabad Central,Hyderabad,Clothing,Jacket,1957.56,1.0,15.0,1957.56,293.63,1663.93,Debit Card,Loyalty Member,No
TXN01552,2024-02-21,S004,Mumbai Metro Store,Mumbai,Stationery,File Folder,78.82,6.0,20.0,472.92,94.58,378.34,Debit Card,Walk-in,Yes
TXN01553,2024-03-10,S002,Banjara Hills Mart,Hyderabad,Electronics,Smart Watch,6171.28,8.0,10.0,49370.24,4937.02,44433.22,UPI,Loyalty Member,No
TXN01554,2024-01-19,S003,Chennai Express,Chennai,Clothing,Jeans,1321.85,6.0,10.0,7931.1,793.11,7137.99,Debit Card,Loyalty Member,No
TXN01555,2024-05-05,S002,Banjara Hills Mart,Hyderabad,Electronics,Mobile Phone,9773.94,8.0,0.0,78191.52,0.0,78191.52,Net Banking,Walk-in,No
TXN01556,,S001,Hyderabad Central,Hyderabad,Grocery,Spices Pack,98.4,5.0,-5.0,,,,Debit Card,Walk-in,No
TXN01557,2024-06-02,S003,Chennai Express,Chennai,Stationery,Notebook Set,200.37,5.0,15.0,1001.85,150.28,851.57,Credit Card,Loyalty Member,No
TXN01558,2024-12-10,S001,Hyderabad Central,Hyderabad,Grocery,Pulses,149.09,3.0,5.0,447.27,22.36,424.91,UPI,Walk-in,No
TXN01559,,S001,Hyderabad Central,Hyderabad,Home Appliances,Iron Box,892.57,,,,,,Credit Card,Loyalty Member,No
TXN01560,2024-07-13,S004,Mumbai Metro Store,Mumbai,Stationery,Calculator,392.03,6.0,5.0,2352.18,117.61,2234.57,UPI,Loyalty Member,No
TXN01561,2024-01-29,S004,Mumbai Metro Store,Mumbai,Electronics,Tablet,18328.51,5.0,5.0,91642.55,4582.13,87060.42,Debit Card,Online,No
TXN01562,2024-05-07,S003,Chennai Express,Chennai,Stationery,Stapler,148.77,1.0,15.0,148.77,22.32,126.45,Cash,Walk-in,No
TXN01563,2024-11-02,S004,Mumbai Metro Store,Mumbai,Clothing,Formal Shirt,910.13,1.0,5.0,910.13,45.51,864.62,Net Banking,Corporate,No
TXN01564,2024-03-07,S004,Mumbai Metro Store,Mumbai,Grocery,Rice (5kg),343.76,1.0,0.0,343.76,0.0,343.76,Debit Card,Corporate,No
TXN01565,2024-12-13,S002,Banjara Hills Mart,Hyderabad,Electronics,Earphones,1556.99,8.0,10.0,12455.92,1245.59,11210.33,Debit Card,Corporate,No
TXN01566,2024-07-16,S004,Mumbai Metro Store,Mumbai,Electronics,Laptop,45782.35,8.0,0.0,366258.8,0.0,366258.8,Net Banking,Walk-in,No
TXN01567,2024-08-28,S004,Mumbai Metro Store,Mumbai,Clothing,Jacket,2031.74,1.0,15.0,2031.74,304.76,1726.98,Debit Card,Loyalty Member,No
TXN01568,2024-03-03,S003,Chennai Express,Chennai,Clothing,Jacket,2024.4,4.0,10.0,8097.6,809.76,7287.84,Cash,Corporate,No
TXN01569,2024-04-22,S002,Banjara Hills Mart,Hyderabad,Grocery,Rice (5kg),366.34,7.0,10.0,2564.38,256.44,2307.94,Debit Card,Walk-in,No
TXN01570,2024-03-31,S002,Banjara Hills Mart,Hyderabad,Electronics,Tablet,18904.52,2.0,5.0,37809.04,1890.45,35918.59,Cash,Walk-in,No
TXN01571,2024-12-07,S001,Hyderabad Central,Hyderabad,Stationery,Stapler,154.84,2.0,5.0,309.68,15.48,294.2,Debit Card,Walk-in,No
TXN01572,2024-11-14,S004,Mumbai Metro Store,Mumbai,Grocery,Pulses,144.47,8.0,10.0,1155.76,115.58,1040.18,UPI,Walk-in,No
TXN01573,2024-06-13,S004,Mumbai Metro Store,Mumbai,Home Appliances,Water Purifier,9232.97,2.0,15.0,18465.94,2769.89,15696.05,Net Banking,Online,No
TXN01574,2024-09-17,S005,Pune Retail Hub,Pune,Home Appliances,Iron Box,858.27,8.0,0.0,6866.16,0.0,6866.16,Net Banking,Corporate,No
TXN01575,2024-07-10,S002,Banjara Hills Mart,Hyderabad,Electronics,Tablet,18969.99,1.0,20.0,18969.99,3794.0,15175.99,Credit Card,Walk-in,No
TXN01576,2024-03-26,S004,Mumbai Metro Store,Mumbai,Home Appliances,Water Purifier,9255.85,8.0,15.0,74046.8,11107.02,62939.78,Cash,Online,No
TXN01577,2024-03-07,S005,Pune Retail Hub,Pune,Grocery,Spices Pack,101.22,6.0,0.0,607.32,0.0,607.32,Cash,Online,Yes
TXN01578,2024-03-17,S005,Pune Retail Hub,Pune,Home Appliances,Water Purifier,8765.37,8.0,15.0,70122.96,10518.44,59604.52,Credit Card,Walk-in,Yes
TXN01579,2024-07-26,S002,Banjara Hills Mart,Hyderabad,Grocery,Spices Pack,97.09,8.0,0.0,776.72,0.0,776.72,Credit Card,Loyalty Member,No
TXN01580,2024-11-19,S001,Hyderabad Central,Hyderabad,Grocery,Spices Pack,101.18,4.0,20.0,404.72,80.94,323.78,UPI,Walk-in,No
TXN01581,2024-07-07,S005,Pune Retail Hub,Pune,Clothing,Jacket,2024.32,4.0,10.0,8097.28,809.73,7287.55,Net Banking,Online,No
TXN01582,2024-10-22,S005,Pune Retail Hub,Pune,Home Appliances,Fan,1574.46,8.0,20.0,12595.68,2519.14,10076.54,Debit Card,Online,No
TXN01583,,S003,Chennai Express,Chennai,Grocery,Spices Pack,100.99,,101.0,,,,Debit Card,Corporate,No
TXN01584,2024-09-27,S005,Pune Retail Hub,Pune,Clothing,Jeans,1260.25,3.0,15.0,3780.75,567.11,3213.64,UPI,Loyalty Member,No
TXN01585,2024-01-08,S001,Hyderabad Central,Hyderabad,Clothing,T-Shirt,597.81,2.0,20.0,1195.62,239.12,956.5,UPI,Online,Yes
TXN01586,2024-07-08,S004,Mumbai Metro Store,Mumbai,Electronics,Tablet,19346.77,6.0,5.0,116080.62,5804.03,110276.59,Cash,Online,No
TXN01587,2024-08-18,S005,Pune Retail Hub,Pune,Electronics,Earphones,1538.62,8.0,5.0,12308.96,615.45,11693.51,Credit Card,Loyalty Member,No
TXN01588,2024-11-01,S004,Mumbai Metro Store,Mumbai,Clothing,Formal Shirt,938.72,6.0,0.0,5632.32,0.0,5632.32,Credit Card,Corporate,No
TXN01589,2024-01-19,S003,Chennai Express,Chennai,Clothing,Jeans,1245.53,2.0,20.0,2491.06,498.21,1992.85,Debit Card,Loyalty Member,No
TXN01590,2024-01-08,S003,Chennai Express,Chennai,Home Appliances,Water Purifier,8659.39,8.0,15.0,69275.12,10391.27,58883.85,Credit Card,Online,No
TXN01591,2024-01-06,S001,Hyderabad Central,Hyderabad,Grocery,Flour (10kg),292.67,6.0,0.0,1756.02,0.0,1756.02,Debit Card,Loyalty Member,Yes
TXN01592,2024-03-14,S002,Banjara Hills Mart,Hyderabad,Grocery,Pulses,150.11,1.0,5.0,150.11,7.51,142.6,Cash,Loyalty Member,No
TXN01593,2024-04-01,S004,Mumbai Metro Store,Mumbai,Stationery,Calculator,404.54,1.0,10.0,404.54,40.45,364.09,Cash,Online,No
TXN01594,2024-05-05,S001,Hyderabad Central,Hyderabad,Clothing,Jacket,1948.77,8.0,15.0,15590.16,2338.52,13251.64,Debit Card,Corporate,No
TXN01595,2024-04-19,S001,Hyderabad Central,Hyderabad,Clothing,Jeans,1274.17,3.0,20.0,3822.51,764.5,3058.01,Cash,Loyalty Member,No
TXN01596,2024-08-08,S004,Mumbai Metro Store,Mumbai,Stationery,Pen Box,96.34,5.0,0.0,481.7,0.0,481.7,Cash,Loyalty Member,No
TXN01597,2024-11-09,S004,Mumbai Metro Store,Mumbai,Grocery,Spices Pack,96.25,5.0,5.0,481.25,24.06,457.19,Debit Card,Walk-in,No
TXN01598,2024-02-06,S003,Chennai Express,Chennai,Home Appliances,Microwave,6249.83,2.0,10.0,12499.66,1249.97,11249.69,Debit Card,Walk-in,No
TXN01599,2024-12-03,S004,Mumbai Metro Store,Mumbai,Stationery,File Folder,78.51,6.0,20.0,471.06,94.21,376.85,Cash,Walk-in,No
TXN01600,2024-01-25,S004,Mumbai Metro Store,Mumbai,Electronics,Earphones,1498.44,1.0,15.0,1498.44,224.77,1273.67,Debit Card,Online,No
TXN01601,2024-12-17,S001,Hyderabad Central,Hyderabad,Clothing,Jacket,1927.1,5.0,0.0,9635.5,0.0,9635.5,Credit Card,Online,No
TXN01602,2024-08-25,S003,Chennai Express,Chennai,Stationery,Pen Box,100.98,1.0,10.0,100.98,10.1,90.88,Net Banking,Online,No
TXN01603,2024-03-27,S002,Banjara Hills Mart,Hyderabad,Electronics,Tablet,18219.04,5.0,10.0,91095.2,9109.52,81985.68,Cash,Walk-in,No
TXN01604,2024-01-13,S001,Hyderabad Central,Hyderabad,Electronics,Earphones,1533.41,1.0,0.0,1533.41,0.0,1533.41,Debit Card,Walk-in,No
TXN01605,2024-03-02,S004,Mumbai Metro Store,Mumbai,Electronics,Smart Watch,5816.12,4.0,10.0,23264.48,2326.45,20938.03,Cash,Corporate,No
TXN01606,2024-08-28,S004,Mumbai Metro Store,Mumbai,Grocery,Spices Pack,102.51,5.0,5.0,512.55,25.63,486.92,Net Banking,Walk-in,No
TXN01607,2024-10-02,S001,Hyderabad Central,Hyderabad,Stationery,Notebook Set,204.07,7.0,5.0,1428.49,71.42,1357.07,Debit Card,Online,No
TXN01608,2024-06-29,S004,Mumbai Metro Store,Mumbai,Home Appliances,Iron Box,912.01,5.0,15.0,4560.05,684.01,3876.04,Net Banking,Corporate,No
TXN01609,2024-08-25,S004,Mumbai Metro Store,Mumbai,Stationery,Calculator,408.46,6.0,10.0,2450.76,245.08,2205.68,Cash,Loyalty Member,No
TXN01610,2024-12-12,S002,Banjara Hills Mart,Hyderabad,Stationery,Stapler,154.0,7.0,0.0,1078.0,0.0,1078.0,UPI,Corporate,No
TXN01611,2024-10-30,S005,Pune Retail Hub,Pune,Electronics,Earphones,1439.15,5.0,20.0,7195.75,1439.15,5756.6,UPI,Online,No
TXN01612,2024-10-31,S004,Mumbai Metro Store,Mumbai,Home Appliances,Mixer Grinder,2707.72,6.0,10.0,16246.32,1624.63,14621.69,Cash,Corporate,No
TXN01613,2024-07-10,S001,Hyderabad Central,Hyderabad,Grocery,Spices Pack,100.43,3.0,0.0,301.29,0.0,301.29,Debit Card,Corporate,Yes
TXN01614,2024-07-16,S001,Hyderabad Central,Hyderabad,Electronics,Smart Watch,6235.62,3.0,0.0,18706.86,0.0,18706.86,Cash,Walk-in,No
TXN01615,2024-04-24,S003,Chennai Express,Chennai,Electronics,Mobile Phone,9957.32,1.0,20.0,9957.32,1991.46,7965.86,Credit Card,Walk-in,No
TXN01616,2024-04-03,S002,Banjara Hills Mart,Hyderabad,Stationery,Stapler,146.96,7.0,10.0,1028.72,102.87,925.85,Credit Card,Walk-in,No
TXN01617,2024-04-07,S003,Chennai Express,Chennai,Home Appliances,Mixer Grinder,2854.43,5.0,5.0,14272.15,713.61,13558.54,Debit Card,Online,Yes
TXN01618,2024-04-29,S001,Hyderabad Central,Hyderabad,Electronics,Earphones,1567.67,6.0,15.0,9406.02,1410.9,7995.12,Cash,Loyalty Member,No
TXN01619,2024-11-15,S004,Mumbai Metro Store,Mumbai,Electronics,Tablet,18972.47,6.0,5.0,113834.82,5691.74,108143.08,Cash,Corporate,No
TXN01620,,S005,Pune Retail Hub,Pune,Grocery,Spices Pack,99.81,1.0,,,,,Cash,Loyalty Member,No
TXN01621,2024-12-20,S003,Chennai Express,Chennai,Grocery,Rice (5kg),353.17,3.0,20.0,1059.51,211.9,847.61,Net Banking,Corporate,No
TXN01622,2024-12-04,S005,Pune Retail Hub,Pune,Stationery,Notebook Set,207.73,8.0,10.0,1661.84,166.18,1495.66,Credit Card,Walk-in,No
TXN01623,2024-05-20,S002,Banjara Hills Mart,Hyderabad,Grocery,Flour (10kg),289.59,2.0,20.0,579.18,115.84,463.34,Debit Card,Online,No
TXN01624,,S003,Chennai Express,Chennai,Stationery,File Folder,78.16,1.0,-5.0,,,,Net Banking,Online,No
TXN01625,2024-03-24,S004,Mumbai Metro Store,Mumbai,Clothing,Saree,2568.47,1.0,5.0,2568.47,128.42,2440.05,Debit Card,Walk-in,No
TXN01626,2024-08-30,S003,Chennai Express,Chennai,Electronics,Smart Watch,5810.69,4.0,0.0,23242.76,0.0,23242.76,Net Banking,Walk-in,No
TXN01627,2024-12-19,S005,Pune Retail Hub,Pune,Stationery,Calculator,411.41,8.0,10.0,3291.28,329.13,2962.15,Net Banking,Walk-in,No
TXN01628,2024-08-16,S001,Hyderabad Central,Hyderabad,Electronics,Mobile Phone,9748.03,1.0,15.0,9748.03,1462.2,8285.83,Cash,Online,No
TXN01629,2024-10-22,S003,Chennai Express,Chennai,Electronics,Earphones,1434.14,6.0,10.0,8604.84,860.48,7744.36,UPI,Online,No
TXN01630,2024-04-28,S004,Mumbai Metro Store,Mumbai,Grocery,Flour (10kg),293.35,5.0,15.0,1466.75,220.01,1246.74,UPI,Loyalty Member,No
TXN01631,2024-01-05,S001,Hyderabad Central,Hyderabad,Electronics,Smart Watch,5827.68,8.0,5.0,46621.44,2331.07,44290.37,UPI,Online,No
TXN01632,2024-05-05,S001,Hyderabad Central,Hyderabad,Grocery,Cooking Oil,192.65,8.0,15.0,1541.2,231.18,1310.02,UPI,Online,No
TXN01633,2024-07-05,S001,Hyderabad Central,Hyderabad,Electronics,Earphones,1450.98,3.0,5.0,4352.94,217.65,4135.29,Debit Card,Loyalty Member,No
TXN01634,2024-07-24,S003,Chennai Express,Chennai,Home Appliances,Fan,1658.83,8.0,0.0,13270.64,0.0,13270.64,Credit Card,Loyalty Member,No
TXN01635,2024-09-27,S005,Pune Retail Hub,Pune,Grocery,Pulses,142.65,2.0,15.0,285.3,42.8,242.5,Cash,Walk-in,No
TXN01636,,S001,Hyderabad Central,Hyderabad,Home Appliances,Microwave,6329.03,7.0,-5.0,,,,Debit Card,Loyalty Member,No
TXN01637,2024-10-09,S002,Banjara Hills Mart,Hyderabad,Electronics,Laptop,44211.14,8.0,5.0,353689.12,17684.46,336004.66,Debit Card,Online,No
TXN01638,2024-04-29,S002,Banjara Hills Mart,Hyderabad,Electronics,Earphones,1426.78,5.0,0.0,7133.9,0.0,7133.9,Cash,Corporate,No
TXN01639,2024-07-27,S003,Chennai Express,Chennai,Stationery,File Folder,81.33,7.0,0.0,569.31,0.0,569.31,Cash,Online,No
TXN01640,2024-02-21,S002,Banjara Hills Mart,Hyderabad,Home Appliances,Iron Box,865.93,2.0,5.0,1731.86,86.59,1645.27,Net Banking,Loyalty Member,No
TXN01641,2024-09-09,S002,Banjara Hills Mart,Hyderabad,Grocery,Rice (5kg),360.42,6.0,10.0,2162.52,216.25,1946.27,UPI,Corporate,No
TXN01642,2024-04-18,S005,Pune Retail Hub,Pune,Clothing,Saree,2544.53,6.0,0.0,15267.18,0.0,15267.18,Debit Card,Loyalty Member,No
TXN01643,2024-10-15,S003,Chennai Express,Chennai,Electronics,Earphones,1425.51,7.0,20.0,9978.57,1995.71,7982.86,Credit Card,Walk-in,No
TXN01644,,S005,Pune Retail Hub,Pune,Electronics,Earphones,1545.63,7.0,101.0,,,,Credit Card,Loyalty Member,No
TXN01645,2024-02-05,S002,Banjara Hills Mart,Hyderabad,Grocery,Flour (10kg),298.1,7.0,5.0,2086.7,104.33,1982.37,Net Banking,Walk-in,No
TXN01646,2024-03-26,S005,Pune Retail Hub,Pune,Stationery,Pen Box,100.62,7.0,20.0,704.34,140.87,563.47,Cash,Corporate,No
TXN01647,2024-01-26,S005,Pune Retail Hub,Pune,Stationery,Calculator,394.98,5.0,10.0,1974.9,197.49,1777.41,Credit Card,Loyalty Member,No
TXN01648,2024-08-01,S001,Hyderabad Central,Hyderabad,Clothing,Saree,2560.83,8.0,15.0,20486.64,3073.0,17413.64,Debit Card,Corporate,No
TXN01649,2024-01-05,S005,Pune Retail Hub,Pune,Clothing,T-Shirt,589.06,3.0,0.0,1767.18,0.0,1767.18,UPI,Walk-in,No
TXN01650,2024-06-08,S002,Banjara Hills Mart,Hyderabad,Electronics,Mobile Phone,10211.26,5.0,5.0,51056.3,2552.82,48503.48,UPI,Online,No
TXN01651,2024-07-09,S002,Banjara Hills Mart,Hyderabad,Home Appliances,Microwave,6783.85,2.0,15.0,13567.7,2035.15,11532.55,Net Banking,Loyalty Member,No
TXN01652,,S003,Chennai Express,Chennai,Electronics,Mobile Phone,10462.83,1.0,,,,,Debit Card,Loyalty Member,No
TXN01653,2024-03-07,S001,Hyderabad Central,Hyderabad,Electronics,Smart Watch,6037.5,3.0,20.0,18112.5,3622.5,14490.0,UPI,Online,No
TXN01654,2024-05-02,S002,Banjara Hills Mart,Hyderabad,Home Appliances,Microwave,6668.25,1.0,15.0,6668.25,1000.24,5668.01,UPI,Corporate,Yes
TXN01655,2024-07-15,S001,Hyderabad Central,Hyderabad,Grocery,Spices Pack,100.73,8.0,0.0,805.84,0.0,805.84,Credit Card,Walk-in,No
TXN01656,2024-04-28,S002,Banjara Hills Mart,Hyderabad,Home Appliances,Mixer Grinder,2884.44,6.0,10.0,17306.64,1730.66,15575.98,Debit Card,Loyalty Member,No
TXN01657,2024-08-31,S005,Pune Retail Hub,Pune,Clothing,Saree,2577.8,7.0,5.0,18044.6,902.23,17142.37,UPI,Corporate,No
TXN01658,2024-05-25,S004,Mumbai Metro Store,Mumbai,Home Appliances,Iron Box,927.39,7.0,5.0,6491.73,324.59,6167.14,UPI,Online,Yes
TXN01659,,S001,Hyderabad Central,Hyderabad,Electronics,Mobile Phone,9562.72,1.0,101.0,,,,Cash,Loyalty Member,No
TXN01660,2024-07-01,S002,Banjara Hills Mart,Hyderabad,Home Appliances,Fan,1576.88,4.0,5.0,6307.52,315.38,5992.14,Credit Card,Walk-in,No
TXN01661,2024-07-14,S001,Hyderabad Central,Hyderabad,Home Appliances,Fan,1614.01,3.0,5.0,4842.03,242.1,4599.93,Credit Card,Walk-in,Yes
TXN01662,2024-09-03,S002,Banjara Hills Mart,Hyderabad,Clothing,Saree,2462.22,1.0,10.0,2462.22,246.22,2216.0,Credit Card,Loyalty Member,No
TXN01663,2024-09-02,S001,Hyderabad Central,Hyderabad,Grocery,Rice (5kg),346.83,1.0,10.0,346.83,34.68,312.15,Credit Card,Loyalty Member,No
TXN01664,2024-12-03,S005,Pune Retail Hub,Pune,Stationery,Notebook Set,189.42,5.0,10.0,947.1,94.71,852.39,Cash,Walk-in,No
TXN01665,2024-05-01,S005,Pune Retail Hub,Pune,Grocery,Spices Pack,100.55,7.0,0.0,703.85,0.0,703.85,Debit Card,Corporate,No
TXN01666,2024-09-14,S003,Chennai Express,Chennai,Clothing,Saree,2447.4,7.0,5.0,17131.8,856.59,16275.21,UPI,Loyalty Member,No
TXN01667,2024-08-17,S004,Mumbai Metro Store,Mumbai,Grocery,Flour (10kg),303.74,4.0,10.0,1214.96,121.5,1093.46,Cash,Walk-in,No
TXN01668,2024-07-12,S003,Chennai Express,Chennai,Clothing,T-Shirt,616.86,1.0,20.0,616.86,123.37,493.49,Net Banking,Online,No
TXN01669,2024-01-21,S002,Banjara Hills Mart,Hyderabad,Home Appliances,Iron Box,905.53,3.0,10.0,2716.59,271.66,2444.93,Credit Card,Loyalty Member,No
TXN01670,2024-07-26,S001,Hyderabad Central,Hyderabad,Grocery,Spices Pack,99.65,6.0,20.0,597.9,119.58,478.32,Credit Card,Corporate,No
TXN01671,2024-04-12,S004,Mumbai Metro Store,Mumbai,Clothing,Jacket,2057.12,6.0,10.0,12342.72,1234.27,11108.45,Credit Card,Loyalty Member,No
TXN01672,2024-09-03,S004,Mumbai Metro Store,Mumbai,Electronics,Tablet,19151.75,6.0,5.0,114910.5,5745.52,109164.98,Debit Card,Walk-in,No
TXN01673,2024-11-23,S003,Chennai Express,Chennai,Grocery,Pulses,142.53,7.0,10.0,997.71,99.77,897.94,Credit Card,Loyalty Member,No
TXN01674,2024-12-13,S005,Pune Retail Hub,Pune,Grocery,Pulses,142.52,4.0,20.0,570.08,114.02,456.06,UPI,Corporate,No
TXN01675,2024-08-02,S003,Chennai Express,Chennai,Home Appliances,Microwave,6355.09,6.0,10.0,38130.54,3813.05,34317.49,UPI,Loyalty Member,No
TXN01676,2024-05-14,S002,Banjara Hills Mart,Hyderabad,Stationery,Calculator,384.56,1.0,0.0,384.56,0.0,384.56,Credit Card,Loyalty Member,Yes
TXN01677,2024-03-03,S002,Banjara Hills Mart,Hyderabad,Home Appliances,Mixer Grinder,2822.52,2.0,15.0,5645.04,846.76,4798.28,UPI,Loyalty Member,No
TXN01678,2024-01-02,S002,Banjara Hills Mart,Hyderabad,Grocery,Pulses,145.87,8.0,0.0,1166.96,0.0,1166.96,Net Banking,Loyalty Member,No
TXN01679,2024-07-27,S003,Chennai Express,Chennai,Stationery,File Folder,80.86,5.0,0.0,404.3,0.0,404.3,Cash,Loyalty Member,No
TXN01680,2024-09-30,S002,Banjara Hills Mart,Hyderabad,Electronics,Laptop,43996.36,6.0,0.0,263978.16,0.0,263978.16,Net Banking,Loyalty Member,No
TXN01681,2024-05-08,S001,Hyderabad Central,Hyderabad,Clothing,Saree,2432.12,6.0,10.0,14592.72,1459.27,13133.45,Credit Card,Corporate,No
TXN01682,2024-12-08,S005,Pune Retail Hub,Pune,Electronics,Laptop,47494.36,6.0,5.0,284966.16,14248.31,270717.85,UPI,Walk-in,No
TXN01683,2024-05-14,S002,Banjara Hills Mart,Hyderabad,Home Appliances,Fan,1563.47,8.0,5.0,12507.76,625.39,11882.37,Net Banking,Online,No
TXN01684,,S001,Hyderabad Central,Hyderabad,Home Appliances,Mixer Grinder,2931.75,,,,,,Cash,Loyalty Member,No
TXN01685,2024-10-23,S001,Hyderabad Central,Hyderabad,Home Appliances,Mixer Grinder,2684.54,5.0,20.0,13422.7,2684.54,10738.16,Credit Card,Online,No
TXN01686,2024-02-14,S005,Pune Retail Hub,Pune,Stationery,Pen Box,102.93,4.0,0.0,411.72,0.0,411.72,Debit Card,Online,No
TXN01687,2024-07-19,S005,Pune Retail Hub,Pune,Electronics,Smart Watch,6291.84,4.0,5.0,25167.36,1258.37,23908.99,Debit Card,Corporate,No
TXN01688,2024-08-05,S001,Hyderabad Central,Hyderabad,Clothing,Saree,2515.39,5.0,5.0,12576.95,628.85,11948.1,UPI,Walk-in,Yes
TXN01689,2024-07-18,S003,Chennai Express,Chennai,Stationery,Calculator,401.32,4.0,15.0,1605.28,240.79,1364.49,Net Banking,Loyalty Member,No
TXN01690,,S002,Banjara Hills Mart,Hyderabad,Home Appliances,Mixer Grinder,2672.92,5.0,,,,,Credit Card,Online,No
TXN01691,2024-08-27,S005,Pune Retail Hub,Pune,Stationery,Pen Box,94.66,8.0,5.0,757.28,37.86,719.42,UPI,Corporate,No
TXN01692,2024-12-25,S004,Mumbai Metro Store,Mumbai,Electronics,Earphones,1500.75,1.0,0.0,1500.75,0.0,1500.75,Cash,Corporate,No
TXN01693,2024-05-17,S005,Pune Retail Hub,Pune,Clothing,Jacket,1928.18,4.0,5.0,7712.72,385.64,7327.08,Cash,Online,No
TXN01694,2024-10-19,S003,Chennai Express,Chennai,Electronics,Laptop,47231.5,4.0,10.0,188926.0,18892.6,170033.4,Credit Card,Corporate,No
TXN01695,2024-09-18,S004,Mumbai Metro Store,Mumbai,Home Appliances,Iron Box,901.7,5.0,20.0,4508.5,901.7,3606.8,Net Banking,Online,No
TXN01696,2024-10-17,S004,Mumbai Metro Store,Mumbai,Home Appliances,Microwave,6559.21,3.0,0.0,19677.63,0.0,19677.63,Cash,Online,No
TXN01697,2024-06-13,S001,Hyderabad Central,Hyderabad,Home Appliances,Fan,1597.18,1.0,10.0,1597.18,159.72,1437.46,Cash,Loyalty Member,No
TXN01698,2024-07-21,S003,Chennai Express,Chennai,Clothing,T-Shirt,576.13,1.0,0.0,576.13,0.0,576.13,UPI,Corporate,No
TXN01699,2024-01-16,S005,Pune Retail Hub,Pune,Home Appliances,Fan,1565.02,2.0,0.0,3130.04,0.0,3130.04,UPI,Walk-in,No
TXN01700,2024-12-18,S005,Pune Retail Hub,Pune,Clothing,Jeans,1354.22,3.0,0.0,4062.66,0.0,4062.66,Debit Card,Corporate,No
TXN01701,2024-12-04,S001,Hyderabad Central,Hyderabad,Grocery,Flour (10kg),300.08,6.0,5.0,1800.48,90.02,1710.46,Debit Card,Walk-in,No
TXN01702,2024-11-05,S005,Pune Retail Hub,Pune,Clothing,T-Shirt,600.19,1.0,15.0,600.19,90.03,510.16,Credit Card,Walk-in,No
TXN01703,2024-12-06,S003,Chennai Express,Chennai,Grocery,Spices Pack,100.5,1.0,10.0,100.5,10.05,90.45,Credit Card,Loyalty Member,Yes
TXN01704,2024-11-24,S001,Hyderabad Central,Hyderabad,Electronics,Earphones,1555.68,3.0,10.0,4667.04,466.7,4200.34,Cash,Corporate,No
TXN01705,2024-11-28,S002,Banjara Hills Mart,Hyderabad,Stationery,Calculator,408.73,2.0,20.0,817.46,163.49,653.97,Net Banking,Loyalty Member,No
TXN01706,2024-07-03,S003,Chennai Express,Chennai,Stationery,Stapler,155.39,2.0,10.0,310.78,31.08,279.7,UPI,Corporate,No
TXN01707,2024-06-25,S004,Mumbai Metro Store,Mumbai,Grocery,Flour (10kg),294.99,2.0,20.0,589.98,118.0,471.98,UPI,Online,No
TXN01708,2024-03-28,S001,Hyderabad Central,Hyderabad,Stationery,File Folder,76.14,5.0,0.0,380.7,0.0,380.7,Debit Card,Online,No
TXN01709,2024-06-17,S001,Hyderabad Central,Hyderabad,Electronics,Smart Watch,5866.42,4.0,10.0,23465.68,2346.57,21119.11,Cash,Online,No
TXN01710,,S005,Pune Retail Hub,Pune,Stationery,Stapler,142.92,7.0,-5.0,,,,Debit Card,Corporate,No
TXN01711,2024-12-12,S003,Chennai Express,Chennai,Electronics,Smart Watch,5715.06,8.0,0.0,45720.48,0.0,45720.48,Cash,Walk-in,No
TXN01712,2024-05-12,S002,Banjara Hills Mart,Hyderabad,Clothing,Jacket,2057.2,4.0,20.0,8228.8,1645.76,6583.04,Debit Card,Corporate,No
TXN01713,2024-06-17,S005,Pune Retail Hub,Pune,Stationery,File Folder,75.56,6.0,0.0,453.36,0.0,453.36,Debit Card,Online,No
TXN01714,2024-04-02,S003,Chennai Express,Chennai,Clothing,Saree,2421.16,4.0,0.0,9684.64,0.0,9684.64,Credit Card,Online,No
TXN01715,2024-11-15,S005,Pune Retail Hub,Pune,Grocery,Flour (10kg),300.3,8.0,15.0,2402.4,360.36,2042.04,Credit Card,Online,No
TXN01716,2024-05-27,S004,Mumbai Metro Store,Mumbai,Home Appliances,Iron Box,936.18,5.0,15.0,4680.9,702.13,3978.77,Cash,Walk-in,No
TXN01717,2024-04-12,S003,Chennai Express,Chennai,Clothing,Formal Shirt,926.26,5.0,15.0,4631.3,694.7,3936.6,Net Banking,Loyalty Member,No
TXN01718,2024-12-20,S004,Mumbai Metro Store,Mumbai,Grocery,Rice (5kg),366.27,8.0,5.0,2930.16,146.51,2783.65,Net Banking,Online,No
TXN01719,2024-12-05,S005,Pune Retail Hub,Pune,Electronics,Tablet,18771.67,4.0,0.0,75086.68,0.0,75086.68,Net Banking,Walk-in,No
TXN01720,2024-08-11,S005,Pune Retail Hub,Pune,Electronics,Laptop,44970.68,3.0,20.0,134912.04,26982.41,107929.63,Net Banking,Loyalty Member,No
TXN01721,2024-05-15,S003,Chennai Express,Chennai,Stationery,Notebook Set,196.23,6.0,0.0,1177.38,0.0,1177.38,Net Banking,Loyalty Member,No
TXN01722,2024-10-25,S004,Mumbai Metro Store,Mumbai,Home Appliances,Fan,1589.31,3.0,10.0,4767.93,476.79,4291.14,UPI,Walk-in,No
TXN01723,2024-03-07,S001,Hyderabad Central,Hyderabad,Clothing,Formal Shirt,885.76,6.0,5.0,5314.56,265.73,5048.83,Debit Card,Online,No
TXN01724,2024-12-10,S005,Pune Retail Hub,Pune,Home Appliances,Fan,1625.77,4.0,0.0,6503.08,0.0,6503.08,Credit Card,Corporate,No
TXN01725,2024-10-14,S004,Mumbai Metro Store,Mumbai,Home Appliances,Microwave,6615.11,7.0,10.0,46305.77,4630.58,41675.19,Net Banking,Loyalty Member,Yes
TXN01726,2024-08-21,S003,Chennai Express,Chennai,Stationery,Calculator,408.61,1.0,15.0,408.61,61.29,347.32,Cash,Loyalty Member,No
TXN01727,2024-03-19,S002,Banjara Hills Mart,Hyderabad,Grocery,Spices Pack,101.27,3.0,10.0,303.81,30.38,273.43,Cash,Corporate,No
TXN01728,2024-10-08,S004,Mumbai Metro Store,Mumbai,Stationery,Notebook Set,208.86,5.0,20.0,1044.3,208.86,835.44,UPI,Loyalty Member,No
TXN01729,2024-01-25,S001,Hyderabad Central,Hyderabad,Home Appliances,Iron Box,913.31,5.0,0.0,4566.55,0.0,4566.55,Credit Card,Online,No
TXN01730,2024-04-11,S001,Hyderabad Central,Hyderabad,Home Appliances,Water Purifier,9430.52,4.0,0.0,37722.08,0.0,37722.08,Credit Card,Corporate,No
TXN01731,2024-04-27,S002,Banjara Hills Mart,Hyderabad,Electronics,Mobile Phone,10358.91,3.0,10.0,31076.73,3107.67,27969.06,Cash,Loyalty Member,No
TXN01732,2024-10-11,S003,Chennai Express,Chennai,Electronics,Tablet,19374.88,5.0,5.0,96874.4,4843.72,92030.68,UPI,Walk-in,No
TXN01733,2024-09-27,S005,Pune Retail Hub,Pune,Stationery,File Folder,77.61,3.0,0.0,232.83,0.0,232.83,Cash,Online,No
TXN01734,2024-06-23,S002,Banjara Hills Mart,Hyderabad,Home Appliances,Iron Box,922.61,3.0,5.0,2767.83,138.39,2629.44,Cash,Loyalty Member,No
TXN01735,,S005,Pune Retail Hub,Pune,Stationery,Calculator,401.82,8.0,101.0,,,,Credit Card,Corporate,No
TXN01736,2024-10-26,S002,Banjara Hills Mart,Hyderabad,Home Appliances,Water Purifier,8774.92,3.0,15.0,26324.76,3948.71,22376.05,Cash,Walk-in,No
TXN01737,2024-04-23,S003,Chennai Express,Chennai,Stationery,Notebook Set,190.79,6.0,0.0,1144.74,0.0,1144.74,Cash,Loyalty Member,No
TXN01738,2024-05-22,S005,Pune Retail Hub,Pune,Clothing,Formal Shirt,912.8,8.0,0.0,7302.4,0.0,7302.4,Debit Card,Corporate,No
TXN01739,2024-07-02,S004,Mumbai Metro Store,Mumbai,Stationery,File Folder,77.82,3.0,10.0,233.46,23.35,210.11,UPI,Corporate,No
TXN01740,2024-12-14,S004,Mumbai Metro Store,Mumbai,Home Appliances,Microwave,6575.74,7.0,20.0,46030.18,9206.04,36824.14,Credit Card,Corporate,No
TXN01741,2024-10-18,S005,Pune Retail Hub,Pune,Electronics,Tablet,19472.22,4.0,15.0,77888.88,11683.33,66205.55,Cash,Walk-in,No
TXN01742,,S005,Pune Retail Hub,Pune,Grocery,Cooking Oil,195.35,1.0,-5.0,,,,Cash,Corporate,No
TXN01743,2024-12-18,S005,Pune Retail Hub,Pune,Stationery,Stapler,143.05,1.0,0.0,143.05,0.0,143.05,Debit Card,Corporate,No
TXN01744,2024-12-04,S005,Pune Retail Hub,Pune,Grocery,Rice (5kg),349.01,5.0,0.0,1745.05,0.0,1745.05,Net Banking,Online,No
TXN01745,2024-07-28,S002,Banjara Hills Mart,Hyderabad,Home Appliances,Mixer Grinder,2736.04,1.0,5.0,2736.04,136.8,2599.24,Net Banking,Loyalty Member,No
TXN01746,2024-01-12,S003,Chennai Express,Chennai,Stationery,Notebook Set,198.71,7.0,10.0,1390.97,139.1,1251.87,Cash,Online,No
TXN01747,2024-02-11,S001,Hyderabad Central,Hyderabad,Electronics,Mobile Phone,9818.37,2.0,5.0,19636.74,981.84,18654.9,Credit Card,Loyalty Member,No
TXN01748,2024-06-04,S002,Banjara Hills Mart,Hyderabad,Stationery,File Folder,80.26,1.0,15.0,80.26,12.04,68.22,UPI,Walk-in,Yes
TXN01749,2024-09-05,S005,Pune Retail Hub,Pune,Grocery,Spices Pack,103.87,5.0,0.0,519.35,0.0,519.35,Cash,Walk-in,No
TXN01750,2024-08-06,S005,Pune Retail Hub,Pune,Electronics,Mobile Phone,10146.01,7.0,10.0,71022.07,7102.21,63919.86,Cash,Loyalty Member,No
TXN01751,2024-05-08,S002,Banjara Hills Mart,Hyderabad,Grocery,Pulses,148.43,1.0,10.0,148.43,14.84,133.59,Cash,Walk-in,Yes
TXN01752,2024-10-23,S002,Banjara Hills Mart,Hyderabad,Stationery,Calculator,401.48,6.0,15.0,2408.88,361.33,2047.55,Debit Card,Walk-in,No
TXN01753,2024-07-08,S001,Hyderabad Central,Hyderabad,Electronics,Tablet,18331.78,1.0,20.0,18331.78,3666.36,14665.42,Net Banking,Loyalty Member,No
TXN01754,2024-09-07,S004,Mumbai Metro Store,Mumbai,Stationery,Pen Box,103.7,1.0,10.0,103.7,10.37,93.33,UPI,Walk-in,No
TXN01755,2024-04-21,S001,Hyderabad Central,Hyderabad,Home Appliances,Mixer Grinder,2777.22,4.0,10.0,11108.88,1110.89,9997.99,Net Banking,Corporate,No
TXN01756,2024-03-01,S005,Pune Retail Hub,Pune,Clothing,Jacket,2031.31,3.0,20.0,6093.93,1218.79,4875.14,UPI,Online,No
TXN01757,2024-04-29,S001,Hyderabad Central,Hyderabad,Clothing,T-Shirt,602.18,4.0,5.0,2408.72,120.44,2288.28,Cash,Corporate,No
TXN01758,2024-06-27,S001,Hyderabad Central,Hyderabad,Grocery,Cooking Oil,194.08,3.0,15.0,582.24,87.34,494.9,UPI,Corporate,No
TXN01759,2024-11-08,S004,Mumbai Metro Store,Mumbai,Stationery,Notebook Set,195.06,2.0,0.0,390.12,0.0,390.12,Net Banking,Corporate,No
TXN01760,2024-09-25,S002,Banjara Hills Mart,Hyderabad,Grocery,Pulses,155.91,8.0,5.0,1247.28,62.36,1184.92,Cash,Loyalty Member,No
TXN01761,2024-08-03,S004,Mumbai Metro Store,Mumbai,Home Appliances,Iron Box,909.48,2.0,10.0,1818.96,181.9,1637.06,Credit Card,Loyalty Member,No
TXN01762,2024-01-02,S003,Chennai Express,Chennai,Grocery,Cooking Oil,185.55,4.0,0.0,742.2,0.0,742.2,UPI,Online,No
TXN01763,2024-10-18,S003,Chennai Express,Chennai,Home Appliances,Microwave,6239.01,1.0,0.0,6239.01,0.0,6239.01,Net Banking,Walk-in,No
TXN01764,2024-04-01,S004,Mumbai Metro Store,Mumbai,Clothing,Formal Shirt,927.88,5.0,10.0,4639.4,463.94,4175.46,Credit Card,Walk-in,No
TXN01765,2024-11-10,S002,Banjara Hills Mart,Hyderabad,Grocery,Cooking Oil,181.44,7.0,20.0,1270.08,254.02,1016.06,UPI,Online,No
TXN01766,2024-12-12,S004,Mumbai Metro Store,Mumbai,Grocery,Cooking Oil,180.1,2.0,15.0,360.2,54.03,306.17,Cash,Walk-in,No
TXN01767,2024-05-18,S004,Mumbai Metro Store,Mumbai,Grocery,Pulses,153.03,3.0,0.0,459.09,0.0,459.09,Credit Card,Online,No
TXN01768,2024-05-12,S001,Hyderabad Central,Hyderabad,Grocery,Spices Pack,98.2,6.0,10.0,589.2,58.92,530.28,Net Banking,Corporate,No
TXN01769,2024-07-14,S004,Mumbai Metro Store,Mumbai,Stationery,Calculator,402.27,2.0,15.0,804.54,120.68,683.86,Credit Card,Online,No
TXN01770,2024-11-22,S002,Banjara Hills Mart,Hyderabad,Grocery,Spices Pack,98.41,5.0,0.0,492.05,0.0,492.05,Credit Card,Loyalty Member,No
TXN01771,2024-09-09,S001,Hyderabad Central,Hyderabad,Home Appliances,Fan,1529.3,6.0,20.0,9175.8,1835.16,7340.64,Debit Card,Walk-in,No
TXN01772,,S005,Pune Retail Hub,Pune,Electronics,Laptop,47877.08,5.0,,,,,Cash,Online,No
TXN01773,,S003,Chennai Express,Chennai,Grocery,Rice (5kg),358.17,9.0,-5.0,,,,UPI,Online,No
TXN01774,2024-09-06,S003,Chennai Express,Chennai,Electronics,Laptop,47171.99,6.0,20.0,283031.94,56606.39,226425.55,Net Banking,Loyalty Member,No
TXN01775,2024-02-29,S001,Hyderabad Central,Hyderabad,Stationery,File Folder,78.68,1.0,0.0,78.68,0.0,78.68,Net Banking,Walk-in,No
TXN01776,2024-02-10,S005,Pune Retail Hub,Pune,Grocery,Pulses,145.94,6.0,10.0,875.64,87.56,788.08,Cash,Loyalty Member,No
TXN01777,2024-03-29,S002,Banjara Hills Mart,Hyderabad,Grocery,Flour (10kg),309.04,5.0,15.0,1545.2,231.78,1313.42,Credit Card,Online,No
TXN01778,2024-12-08,S004,Mumbai Metro Store,Mumbai,Clothing,Jacket,1961.22,5.0,15.0,9806.1,1470.91,8335.19,UPI,Online,No
TXN01779,2024-09-29,S004,Mumbai Metro Store,Mumbai,Electronics,Smart Watch,6162.24,6.0,0.0,36973.44,0.0,36973.44,Debit Card,Corporate,No
TXN01780,2024-01-24,S003,Chennai Express,Chennai,Grocery,Rice (5kg),348.76,6.0,10.0,2092.56,209.26,1883.3,Net Banking,Corporate,No
TXN01781,,S005,Pune Retail Hub,Pune,Home Appliances,Water Purifier,9302.22,7.0,101.0,,,,Cash,Corporate,No
TXN01782,2024-07-17,S003,Chennai Express,Chennai,Stationery,Notebook Set,189.8,2.0,0.0,379.6,0.0,379.6,Net Banking,Loyalty Member,No
TXN01783,2024-05-20,S001,Hyderabad Central,Hyderabad,Stationery,File Folder,75.86,6.0,0.0,455.16,0.0,455.16,Cash,Corporate,No
TXN01784,2024-11-03,S003,Chennai Express,Chennai,Grocery,Spices Pack,99.66,2.0,15.0,199.32,29.9,169.42,Credit Card,Online,No
TXN01785,2024-08-16,S002,Banjara Hills Mart,Hyderabad,Stationery,Stapler,141.91,1.0,10.0,141.91,14.19,127.72,UPI,Corporate,No
TXN01786,2024-12-03,S004,Mumbai Metro Store,Mumbai,Grocery,Rice (5kg),336.02,2.0,0.0,672.04,0.0,672.04,Net Banking,Corporate,No
TXN01787,2024-07-18,S004,Mumbai Metro Store,Mumbai,Electronics,Mobile Phone,9576.97,3.0,0.0,28730.91,0.0,28730.91,Net Banking,Online,No
TXN01788,2024-07-24,S004,Mumbai Metro Store,Mumbai,Stationery,Calculator,391.86,1.0,10.0,391.86,39.19,352.67,Credit Card,Walk-in,No
TXN01789,2024-02-18,S005,Pune Retail Hub,Pune,Clothing,Formal Shirt,865.91,5.0,20.0,4329.55,865.91,3463.64,UPI,Corporate,No
TXN01790,2024-06-23,S005,Pune Retail Hub,Pune,Grocery,Spices Pack,96.53,4.0,0.0,386.12,0.0,386.12,Net Banking,Loyalty Member,No
TXN01791,2024-08-12,S003,Chennai Express,Chennai,Grocery,Cooking Oil,181.91,8.0,10.0,1455.28,145.53,1309.75,Credit Card,Loyalty Member,No
TXN01792,2024-04-17,S004,Mumbai Metro Store,Mumbai,Electronics,Tablet,19160.28,4.0,10.0,76641.12,7664.11,68977.01,Credit Card,Walk-in,No
TXN01793,2024-08-17,S002,Banjara Hills Mart,Hyderabad,Grocery,Spices Pack,95.85,6.0,20.0,575.1,115.02,460.08,Net Banking,Online,No
TXN01794,2024-03-18,S004,Mumbai Metro Store,Mumbai,Stationery,Notebook Set,205.64,7.0,5.0,1439.48,71.97,1367.51,Net Banking,Walk-in,No
TXN01795,2024-02-06,S002,Banjara Hills Mart,Hyderabad,Home Appliances,Mixer Grinder,2764.0,5.0,20.0,13820.0,2764.0,11056.0,Cash,Corporate,No
TXN01796,2024-12-19,S002,Banjara Hills Mart,Hyderabad,Grocery,Cooking Oil,196.0,8.0,10.0,1568.0,156.8,1411.2,Credit Card,Online,No
TXN01797,2024-07-15,S001,Hyderabad Central,Hyderabad,Home Appliances,Microwave,6228.89,8.0,15.0,49831.12,7474.67,42356.45,Cash,Walk-in,No
TXN01798,2024-12-23,S002,Banjara Hills Mart,Hyderabad,Stationery,File Folder,78.63,5.0,0.0,393.15,0.0,393.15,Net Banking,Loyalty Member,Yes
TXN01799,2024-03-11,S004,Mumbai Metro Store,Mumbai,Stationery,File Folder,82.61,3.0,20.0,247.83,49.57,198.26,Cash,Online,No
TXN01800,2024-02-20,S004,Mumbai Metro Store,Mumbai,Electronics,Mobile Phone,9541.86,6.0,0.0,57251.16,0.0,57251.16,Credit Card,Loyalty Member,No
TXN01801,,S002,Banjara Hills Mart,Hyderabad,Grocery,Spices Pack,98.1,,101.0,,,,Credit Card,Loyalty Member,No
TXN01802,2024-05-15,S003,Chennai Express,Chennai,Clothing,Formal Shirt,918.44,4.0,0.0,3673.76,0.0,3673.76,UPI,Walk-in,No
TXN01803,2024-08-05,S001,Hyderabad Central,Hyderabad,Electronics,Mobile Phone,9701.15,2.0,0.0,19402.3,0.0,19402.3,Credit Card,Loyalty Member,No
TXN01804,2024-02-14,S003,Chennai Express,Chennai,Grocery,Pulses,150.7,7.0,20.0,1054.9,210.98,843.92,Credit Card,Loyalty Member,No
TXN01805,2024-01-05,S001,Hyderabad Central,Hyderabad,Clothing,T-Shirt,621.45,3.0,15.0,1864.35,279.65,1584.7,Credit Card,Walk-in,No
TXN01806,2024-11-15,S001,Hyderabad Central,Hyderabad,Grocery,Spices Pack,99.1,4.0,10.0,396.4,39.64,356.76,Credit Card,Walk-in,No
TXN01807,2024-03-20,S002,Banjara Hills Mart,Hyderabad,Electronics,Earphones,1542.37,4.0,15.0,6169.48,925.42,5244.06,Net Banking,Online,No
TXN01808,2024-07-19,S002,Banjara Hills Mart,Hyderabad,Home Appliances,Microwave,6318.16,7.0,10.0,44227.12,4422.71,39804.41,Net Banking,Loyalty Member,Yes
TXN01809,2024-08-13,S002,Banjara Hills Mart,Hyderabad,Grocery,Flour (10kg),285.81,7.0,10.0,2000.67,200.07,1800.6,Cash,Loyalty Member,No
TXN01810,2024-03-05,S002,Banjara Hills Mart,Hyderabad,Home Appliances,Iron Box,942.99,8.0,0.0,7543.92,0.0,7543.92,UPI,Corporate,No
TXN01811,2024-12-08,S005,Pune Retail Hub,Pune,Stationery,Notebook Set,202.85,4.0,0.0,811.4,0.0,811.4,UPI,Online,No
TXN01812,2024-12-14,S001,Hyderabad Central,Hyderabad,Electronics,Smart Watch,5772.17,3.0,20.0,17316.51,3463.3,13853.21,UPI,Online,No
TXN01813,2024-12-30,S001,Hyderabad Central,Hyderabad,Clothing,Jacket,1984.14,3.0,0.0,5952.42,0.0,5952.42,UPI,Loyalty Member,No
TXN01814,2024-05-18,S003,Chennai Express,Chennai,Grocery,Pulses,145.4,3.0,5.0,436.2,21.81,414.39,Credit Card,Loyalty Member,No
TXN01815,2024-09-19,S003,Chennai Express,Chennai,Electronics,Earphones,1499.62,1.0,5.0,1499.62,74.98,1424.64,Debit Card,Walk-in,No
TXN01816,2024-03-20,S003,Chennai Express,Chennai,Electronics,Laptop,47570.83,8.0,0.0,380566.64,0.0,380566.64,Cash,Walk-in,Yes
TXN01817,2024-08-27,S002,Banjara Hills Mart,Hyderabad,Grocery,Spices Pack,103.19,8.0,5.0,825.52,41.28,784.24,Cash,Loyalty Member,No
TXN01818,2024-12-30,S004,Mumbai Metro Store,Mumbai,Home Appliances,Microwave,6398.2,8.0,5.0,51185.6,2559.28,48626.32,Cash,Walk-in,No
TXN01819,2024-08-21,S001,Hyderabad Central,Hyderabad,Stationery,File Folder,80.76,1.0,0.0,80.76,0.0,80.76,UPI,Online,No
TXN01820,,S002,Banjara Hills Mart,Hyderabad,Grocery,Rice (5kg),349.35,8.0,,,,,Net Banking,Loyalty Member,No
TXN01821,2024-06-17,S005,Pune Retail Hub,Pune,Grocery,Cooking Oil,181.38,6.0,5.0,1088.28,54.41,1033.87,Cash,Corporate,No
TXN01822,2024-03-06,S001,Hyderabad Central,Hyderabad,Stationery,Calculator,383.56,8.0,10.0,3068.48,306.85,2761.63,UPI,Loyalty Member,No
TXN01823,2024-10-29,S003,Chennai Express,Chennai,Stationery,Stapler,142.09,5.0,15.0,710.45,106.57,603.88,UPI,Corporate,No
TXN01824,2024-04-20,S005,Pune Retail Hub,Pune,Electronics,Earphones,1547.04,6.0,10.0,9282.24,928.22,8354.02,Debit Card,Online,No
TXN01825,2024-11-15,S001,Hyderabad Central,Hyderabad,Stationery,File Folder,81.08,8.0,20.0,648.64,129.73,518.91,Debit Card,Online,No
TXN01826,2024-11-09,S001,Hyderabad Central,Hyderabad,Electronics,Laptop,44027.33,1.0,5.0,44027.33,2201.37,41825.96,UPI,Online,No
TXN01827,2024-04-08,S002,Banjara Hills Mart,Hyderabad,Clothing,T-Shirt,613.7,5.0,10.0,3068.5,306.85,2761.65,Cash,Corporate,No
TXN01828,2024-07-08,S005,Pune Retail Hub,Pune,Clothing,Jeans,1281.0,6.0,0.0,7686.0,0.0,7686.0,Credit Card,Loyalty Member,No
TXN01829,2024-02-19,S001,Hyderabad Central,Hyderabad,Grocery,Pulses,153.03,7.0,10.0,1071.21,107.12,964.09,Debit Card,Walk-in,No
TXN01830,2024-07-22,S002,Banjara Hills Mart,Hyderabad,Grocery,Spices Pack,94.73,1.0,0.0,94.73,0.0,94.73,Net Banking,Loyalty Member,No
TXN01831,2024-03-27,S001,Hyderabad Central,Hyderabad,Home Appliances,Water Purifier,8736.82,6.0,10.0,52420.92,5242.09,47178.83,UPI,Loyalty Member,No
TXN01832,2024-09-18,S001,Hyderabad Central,Hyderabad,Stationery,Calculator,379.86,3.0,15.0,1139.58,170.94,968.64,Cash,Loyalty Member,Yes
TXN01833,2024-05-21,S005,Pune Retail Hub,Pune,Clothing,Formal Shirt,881.92,6.0,20.0,5291.52,1058.3,4233.22,Debit Card,Walk-in,No
TXN01834,2024-02-19,S004,Mumbai Metro Store,Mumbai,Clothing,Formal Shirt,867.25,2.0,15.0,1734.5,260.18,1474.32,Credit Card,Online,No
TXN01835,2024-11-07,S002,Banjara Hills Mart,Hyderabad,Stationery,Pen Box,103.7,1.0,15.0,103.7,15.55,88.15,UPI,Online,No
TXN01836,2024-07-01,S003,Chennai Express,Chennai,Stationery,Pen Box,101.09,1.0,0.0,101.09,0.0,101.09,Net Banking,Online,Yes
TXN01837,,S005,Pune Retail Hub,Pune,Electronics,Tablet,18528.98,4.0,-5.0,,,,Cash,Loyalty Member,No
TXN01838,2024-06-26,S004,Mumbai Metro Store,Mumbai,Grocery,Pulses,155.96,3.0,20.0,467.88,93.58,374.3,Debit Card,Walk-in,No
TXN01839,2024-12-25,S005,Pune Retail Hub,Pune,Stationery,Calculator,411.39,8.0,0.0,3291.12,0.0,3291.12,UPI,Online,No
TXN01840,2024-03-06,S004,Mumbai Metro Store,Mumbai,Clothing,T-Shirt,626.18,8.0,15.0,5009.44,751.42,4258.02,Net Banking,Walk-in,No
TXN01841,2024-06-01,S002,Banjara Hills Mart,Hyderabad,Electronics,Smart Watch,6020.38,1.0,5.0,6020.38,301.02,5719.36,Debit Card,Corporate,No
TXN01842,2024-09-22,S005,Pune Retail Hub,Pune,Electronics,Mobile Phone,10035.8,1.0,20.0,10035.8,2007.16,8028.64,Credit Card,Corporate,No
TXN01843,2024-01-28,S004,Mumbai Metro Store,Mumbai,Clothing,Saree,2429.93,5.0,0.0,12149.65,0.0,12149.65,Cash,Walk-in,No
TXN01844,,S004,Mumbai Metro Store,Mumbai,Stationery,Notebook Set,207.81,7.0,-5.0,,,,Cash,Corporate,No
TXN01845,2024-04-15,S003,Chennai Express,Chennai,Electronics,Earphones,1496.72,3.0,0.0,4490.16,0.0,4490.16,Debit Card,Walk-in,No
TXN01846,2024-09-19,S004,Mumbai Metro Store,Mumbai,Grocery,Pulses,148.73,6.0,20.0,892.38,178.48,713.9,Cash,Online,No
TXN01847,2024-08-31,S002,Banjara Hills Mart,Hyderabad,Grocery,Flour (10kg),286.84,3.0,5.0,860.52,43.03,817.49,Cash,Walk-in,No
TXN01848,2024-04-02,S002,Banjara Hills Mart,Hyderabad,Grocery,Spices Pack,94.89,5.0,5.0,474.45,23.72,450.73,Net Banking,Walk-in,No
TXN01849,2024-03-26,S004,Mumbai Metro Store,Mumbai,Electronics,Mobile Phone,9841.27,7.0,20.0,68888.89,13777.78,55111.11,Debit Card,Walk-in,No
TXN01850,2024-12-30,S002,Banjara Hills Mart,Hyderabad,Grocery,Pulses,146.5,6.0,20.0,879.0,175.8,703.2,UPI,Corporate,No
TXN01851,2024-02-11,S001,Hyderabad Central,Hyderabad,Clothing,Jeans,1240.13,6.0,5.0,7440.78,372.04,7068.74,Debit Card,Loyalty Member,No
TXN01852,2024-07-27,S005,Pune Retail Hub,Pune,Home Appliances,Water Purifier,9379.26,6.0,5.0,56275.56,2813.78,53461.78,Credit Card,Online,No
TXN01853,2024-08-15,S003,Chennai Express,Chennai,Clothing,Jacket,1990.16,6.0,15.0,11940.96,1791.14,10149.82,Net Banking,Walk-in,No
TXN01854,2024-11-18,S004,Mumbai Metro Store,Mumbai,Electronics,Smart Watch,6018.2,5.0,0.0,30091.0,0.0,30091.0,Cash,Corporate,No
TXN01855,2024-03-09,S004,Mumbai Metro Store,Mumbai,Electronics,Tablet,18995.11,1.0,20.0,18995.11,3799.02,15196.09,Net Banking,Online,No
TXN01856,2024-08-07,S003,Chennai Express,Chennai,Stationery,File Folder,75.39,2.0,0.0,150.78,0.0,150.78,Credit Card,Loyalty Member,No
TXN01857,2024-01-13,S001,Hyderabad Central,Hyderabad,Home Appliances,Fan,1617.3,5.0,15.0,8086.5,1212.97,6873.53,Cash,Loyalty Member,No
TXN01858,2024-08-25,S001,Hyderabad Central,Hyderabad,Electronics,Laptop,45598.04,1.0,5.0,45598.04,2279.9,43318.14,Net Banking,Walk-in,No
TXN01859,2024-06-13,S003,Chennai Express,Chennai,Clothing,Formal Shirt,891.3,4.0,10.0,3565.2,356.52,3208.68,Net Banking,Loyalty Member,No
TXN01860,2024-12-10,S002,Banjara Hills Mart,Hyderabad,Electronics,Tablet,18147.06,3.0,0.0,54441.18,0.0,54441.18,Net Banking,Corporate,No
TXN01861,2024-05-25,S002,Banjara Hills Mart,Hyderabad,Clothing,Jeans,1262.01,4.0,15.0,5048.04,757.21,4290.83,Net Banking,Corporate,No
TXN01862,2024-04-21,S001,Hyderabad Central,Hyderabad,Electronics,Smart Watch,6243.1,2.0,0.0,12486.2,0.0,12486.2,Credit Card,Online,Yes
TXN01863,2024-08-09,S001,Hyderabad Central,Hyderabad,Stationery,Stapler,141.68,4.0,5.0,566.72,28.34,538.38,Debit Card,Online,No
TXN01864,2024-12-19,S002,Banjara Hills Mart,Hyderabad,Grocery,Flour (10kg),305.72,5.0,0.0,1528.6,0.0,1528.6,UPI,Walk-in,No
TXN01865,2024-10-20,S003,Chennai Express,Chennai,Clothing,T-Shirt,572.25,5.0,20.0,2861.25,572.25,2289.0,Cash,Online,No
TXN01866,2024-06-26,S003,Chennai Express,Chennai,Grocery,Pulses,148.5,5.0,0.0,742.5,0.0,742.5,Cash,Online,No
TXN01867,2024-08-13,S001,Hyderabad Central,Hyderabad,Clothing,Formal Shirt,911.24,3.0,5.0,2733.72,136.69,2597.03,Net Banking,Walk-in,No
TXN01868,2024-01-31,S003,Chennai Express,Chennai,Home Appliances,Water Purifier,8907.03,3.0,0.0,26721.09,0.0,26721.09,Debit Card,Corporate,No
TXN01869,2024-02-27,S005,Pune Retail Hub,Pune,Home Appliances,Water Purifier,8633.14,1.0,20.0,8633.14,1726.63,6906.51,Cash,Walk-in,No
TXN01870,,S002,Banjara Hills Mart,Hyderabad,Electronics,Tablet,18367.11,10.0,,,,,UPI,Online,No
TXN01871,2024-03-17,S004,Mumbai Metro Store,Mumbai,Electronics,Mobile Phone,10042.93,2.0,5.0,20085.86,1004.29,19081.57,Net Banking,Walk-in,No
TXN01872,2024-05-17,S005,Pune Retail Hub,Pune,Clothing,Jacket,1965.45,1.0,20.0,1965.45,393.09,1572.36,Cash,Online,No
TXN01873,2024-10-16,S004,Mumbai Metro Store,Mumbai,Stationery,Calculator,394.73,8.0,5.0,3157.84,157.89,2999.95,Debit Card,Loyalty Member,No
TXN01874,2024-04-10,S003,Chennai Express,Chennai,Home Appliances,Iron Box,933.99,4.0,15.0,3735.96,560.39,3175.57,Cash,Online,No
TXN01875,2024-07-20,S004,Mumbai Metro Store,Mumbai,Stationery,Calculator,417.75,6.0,5.0,2506.5,125.33,2381.17,Cash,Corporate,No
TXN01876,2024-07-21,S001,Hyderabad Central,Hyderabad,Grocery,Rice (5kg),352.54,2.0,20.0,705.08,141.02,564.06,Debit Card,Corporate,No
TXN01877,2024-03-25,S002,Banjara Hills Mart,Hyderabad,Electronics,Smart Watch,5799.7,5.0,5.0,28998.5,1449.92,27548.58,Credit Card,Corporate,No
TXN01878,2024-07-31,S001,Hyderabad Central,Hyderabad,Clothing,Formal Shirt,912.96,2.0,10.0,1825.92,182.59,1643.33,Debit Card,Walk-in,No
TXN01879,,S004,Mumbai Metro Store,Mumbai,Grocery,Cooking Oil,198.07,,101.0,,,,Credit Card,Walk-in,No
TXN01880,2024-01-28,S001,Hyderabad Central,Hyderabad,Stationery,Calculator,416.0,3.0,0.0,1248.0,0.0,1248.0,Credit Card,Walk-in,No
TXN01881,2024-02-25,S003,Chennai Express,Chennai,Electronics,Tablet,18391.37,3.0,15.0,55174.11,8276.12,46897.99,Credit Card,Loyalty Member,No
TXN01882,2024-06-15,S002,Banjara Hills Mart,Hyderabad,Electronics,Mobile Phone,10297.56,4.0,10.0,41190.24,4119.02,37071.22,UPI,Corporate,No
TXN01883,2024-09-10,S004,Mumbai Metro Store,Mumbai,Home Appliances,Water Purifier,9047.25,7.0,0.0,63330.75,0.0,63330.75,UPI,Loyalty Member,No
TXN01884,2024-08-27,S004,Mumbai Metro Store,Mumbai,Grocery,Flour (10kg),308.04,7.0,15.0,2156.28,323.44,1832.84,Debit Card,Loyalty Member,No
TXN01885,2024-07-04,S004,Mumbai Metro Store,Mumbai,Electronics,Smart Watch,6246.78,1.0,0.0,6246.78,0.0,6246.78,Net Banking,Loyalty Member,No
TXN01886,2024-04-30,S004,Mumbai Metro Store,Mumbai,Home Appliances,Mixer Grinder,2930.78,1.0,15.0,2930.78,439.62,2491.16,Debit Card,Walk-in,No
TXN01887,2024-07-25,S003,Chennai Express,Chennai,Clothing,Saree,2621.92,5.0,5.0,13109.6,655.48,12454.12,Net Banking,Online,No
TXN01888,2024-11-28,S004,Mumbai Metro Store,Mumbai,Grocery,Cooking Oil,183.57,8.0,10.0,1468.56,146.86,1321.7,Net Banking,Online,No
TXN01889,2024-09-16,S005,Pune Retail Hub,Pune,Home Appliances,Fan,1645.07,6.0,15.0,9870.42,1480.56,8389.86,Credit Card,Loyalty Member,No
TXN01890,2024-01-19,S003,Chennai Express,Chennai,Stationery,File Folder,80.96,5.0,0.0,404.8,0.0,404.8,UPI,Corporate,No
TXN01891,2024-09-03,S005,Pune Retail Hub,Pune,Clothing,T-Shirt,590.49,6.0,15.0,3542.94,531.44,3011.5,Cash,Online,No
TXN01892,,S004,Mumbai Metro Store,Mumbai,Home Appliances,Water Purifier,9316.69,1.0,-5.0,,,,Debit Card,Corporate,No
TXN01893,2024-04-18,S003,Chennai Express,Chennai,Electronics,Mobile Phone,9566.46,4.0,0.0,38265.84,0.0,38265.84,Net Banking,Walk-in,No
TXN01894,2024-04-27,S002,Banjara Hills Mart,Hyderabad,Home Appliances,Iron Box,920.79,7.0,0.0,6445.53,0.0,6445.53,Credit Card,Loyalty Member,No
TXN01895,2024-05-04,S004,Mumbai Metro Store,Mumbai,Clothing,Formal Shirt,931.18,2.0,5.0,1862.36,93.12,1769.24,UPI,Loyalty Member,No
TXN01896,2024-05-01,S001,Hyderabad Central,Hyderabad,Stationery,Stapler,152.68,6.0,5.0,916.08,45.8,870.28,Net Banking,Online,No
TXN01897,2024-12-21,S001,Hyderabad Central,Hyderabad,Electronics,Laptop,47786.2,3.0,5.0,143358.6,7167.93,136190.67,Debit Card,Walk-in,No
TXN01898,2024-09-08,S004,Mumbai Metro Store,Mumbai,Clothing,T-Shirt,618.8,6.0,10.0,3712.8,371.28,3341.52,Debit Card,Walk-in,No
TXN01899,2024-05-25,S005,Pune Retail Hub,Pune,Clothing,Jeans,1322.13,4.0,15.0,5288.52,793.28,4495.24,UPI,Corporate,No
TXN01900,2024-09-09,S002,Banjara Hills Mart,Hyderabad,Stationery,File Folder,75.21,5.0,5.0,376.05,18.8,357.25,Cash,Online,No
TXN01901,2024-06-10,S005,Pune Retail Hub,Pune,Home Appliances,Microwave,6586.01,3.0,5.0,19758.03,987.9,18770.13,Debit Card,Online,No
TXN01902,2024-11-13,S001,Hyderabad Central,Hyderabad,Clothing,Jacket,1969.58,3.0,15.0,5908.74,886.31,5022.43,Net Banking,Corporate,No
TXN01903,2024-07-24,S005,Pune Retail Hub,Pune,Electronics,Smart Watch,6219.54,3.0,10.0,18658.62,1865.86,16792.76,Cash,Corporate,Yes
TXN01904,2024-03-22,S004,Mumbai Metro Store,Mumbai,Grocery,Rice (5kg),352.51,1.0,15.0,352.51,52.88,299.63,UPI,Corporate,No
TXN01905,2024-03-04,S002,Banjara Hills Mart,Hyderabad,Clothing,Jeans,1275.65,5.0,5.0,6378.25,318.91,6059.34,Credit Card,Walk-in,No
TXN01906,2024-05-28,S001,Hyderabad Central,Hyderabad,Home Appliances,Water Purifier,9178.61,6.0,20.0,55071.66,11014.33,44057.33,Credit Card,Corporate,No
TXN01907,2024-06-28,S005,Pune Retail Hub,Pune,Grocery,Flour (10kg),303.41,4.0,5.0,1213.64,60.68,1152.96,Debit Card,Online,No
TXN01908,2024-05-11,S003,Chennai Express,Chennai,Grocery,Pulses,153.15,3.0,20.0,459.45,91.89,367.56,Credit Card,Online,No
TXN01909,2024-03-29,S004,Mumbai Metro Store,Mumbai,Electronics,Tablet,19458.96,7.0,0.0,136212.72,0.0,136212.72,Cash,Walk-in,No
TXN01910,2024-09-16,S003,Chennai Express,Chennai,Home Appliances,Iron Box,930.19,3.0,10.0,2790.57,279.06,2511.51,Cash,Online,Yes
TXN01911,2024-06-29,S001,Hyderabad Central,Hyderabad,Electronics,Laptop,46173.51,6.0,5.0,277041.06,13852.05,263189.01,Credit Card,Walk-in,Yes
TXN01912,2024-10-25,S005,Pune Retail Hub,Pune,Clothing,Formal Shirt,933.39,7.0,20.0,6533.73,1306.75,5226.98,Net Banking,Corporate,No
TXN01913,2024-06-19,S002,Banjara Hills Mart,Hyderabad,Home Appliances,Iron Box,884.85,8.0,15.0,7078.8,1061.82,6016.98,Credit Card,Loyalty Member,No
TXN01914,2024-03-30,S001,Hyderabad Central,Hyderabad,Stationery,Pen Box,100.76,6.0,10.0,604.56,60.46,544.1,Net Banking,Corporate,No
TXN01915,2024-11-01,S001,Hyderabad Central,Hyderabad,Clothing,Jacket,1919.76,3.0,20.0,5759.28,1151.86,4607.42,UPI,Loyalty Member,No
TXN01916,2024-04-18,S002,Banjara Hills Mart,Hyderabad,Stationery,Calculator,379.26,4.0,20.0,1517.04,303.41,1213.63,Credit Card,Corporate,No
TXN01917,2024-01-10,S002,Banjara Hills Mart,Hyderabad,Home Appliances,Fan,1547.58,1.0,5.0,1547.58,77.38,1470.2,Cash,Online,No
TXN01918,2024-08-30,S003,Chennai Express,Chennai,Electronics,Tablet,18279.52,6.0,5.0,109677.12,5483.86,104193.26,UPI,Corporate,No
TXN01919,2024-04-01,S003,Chennai Express,Chennai,Grocery,Pulses,143.82,8.0,10.0,1150.56,115.06,1035.5,UPI,Online,No
TXN01920,,S005,Pune Retail Hub,Pune,Electronics,Earphones,1564.17,,101.0,,,,Credit Card,Online,No
TXN01921,2024-08-18,S002,Banjara Hills Mart,Hyderabad,Home Appliances,Water Purifier,9121.25,1.0,15.0,9121.25,1368.19,7753.06,Credit Card,Walk-in,No
TXN01922,2024-06-08,S002,Banjara Hills Mart,Hyderabad,Home Appliances,Iron Box,897.0,2.0,0.0,1794.0,0.0,1794.0,Credit Card,Walk-in,No
TXN01923,2024-02-09,S004,Mumbai Metro Store,Mumbai,Stationery,File Folder,80.21,7.0,10.0,561.47,56.15,505.32,UPI,Loyalty Member,No
TXN01924,2024-08-25,S001,Hyderabad Central,Hyderabad,Grocery,Flour (10kg),313.65,1.0,5.0,313.65,15.68,297.97,Net Banking,Walk-in,No
TXN01925,2024-01-09,S002,Banjara Hills Mart,Hyderabad,Electronics,Tablet,19562.97,6.0,10.0,117377.82,11737.78,105640.04,Cash,Online,No
TXN01926,2024-01-08,S001,Hyderabad Central,Hyderabad,Clothing,Formal Shirt,868.66,4.0,20.0,3474.64,694.93,2779.71,Debit Card,Walk-in,No
TXN01927,2024-06-15,S004,Mumbai Metro Store,Mumbai,Clothing,Jacket,1912.37,8.0,0.0,15298.96,0.0,15298.96,Credit Card,Walk-in,No
TXN01928,2024-05-10,S003,Chennai Express,Chennai,Home Appliances,Iron Box,892.52,5.0,5.0,4462.6,223.13,4239.47,UPI,Corporate,No
TXN01929,2024-08-23,S005,Pune Retail Hub,Pune,Clothing,Formal Shirt,888.91,8.0,20.0,7111.28,1422.26,5689.02,Credit Card,Loyalty Member,No
TXN01930,,S003,Chennai Express,Chennai,Clothing,Saree,2397.2,7.0,-5.0,,,,Net Banking,Corporate,No
TXN01931,2024-11-26,S002,Banjara Hills Mart,Hyderabad,Clothing,Saree,2405.38,1.0,15.0,2405.38,360.81,2044.57,UPI,Corporate,No
TXN01932,2024-07-28,S003,Chennai Express,Chennai,Clothing,Formal Shirt,855.08,1.0,10.0,855.08,85.51,769.57,Credit Card,Walk-in,No
TXN01933,,S005,Pune Retail Hub,Pune,Stationery,Notebook Set,204.99,1.0,,,,,Net Banking,Corporate,No
TXN01934,2024-05-01,S002,Banjara Hills Mart,Hyderabad,Electronics,Smart Watch,5956.3,2.0,5.0,11912.6,595.63,11316.97,UPI,Walk-in,No
TXN01935,2024-09-03,S005,Pune Retail Hub,Pune,Electronics,Smart Watch,6183.49,2.0,10.0,12366.98,1236.7,11130.28,Cash,Walk-in,No
TXN01936,,S003,Chennai Express,Chennai,Clothing,Formal Shirt,872.76,3.0,101.0,,,,Net Banking,Corporate,No
TXN01937,2024-11-25,S005,Pune Retail Hub,Pune,Grocery,Cooking Oil,193.12,3.0,5.0,579.36,28.97,550.39,Debit Card,Corporate,No
TXN01938,2024-11-16,S003,Chennai Express,Chennai,Grocery,Cooking Oil,180.09,2.0,5.0,360.18,18.01,342.17,Debit Card,Corporate,Yes
TXN01939,2024-08-18,S002,Banjara Hills Mart,Hyderabad,Clothing,Jacket,1903.32,3.0,5.0,5709.96,285.5,5424.46,Debit Card,Online,No
TXN01940,2024-10-31,S001,Hyderabad Central,Hyderabad,Electronics,Laptop,44824.85,1.0,15.0,44824.85,6723.73,38101.12,Credit Card,Walk-in,No
TXN01941,2024-08-10,S004,Mumbai Metro Store,Mumbai,Clothing,Jacket,1971.98,3.0,5.0,5915.94,295.8,5620.14,Cash,Walk-in,No
TXN01942,2024-05-22,S002,Banjara Hills Mart,Hyderabad,Home Appliances,Iron Box,903.18,4.0,10.0,3612.72,361.27,3251.45,Net Banking,Corporate,No
TXN01943,2024-12-08,S004,Mumbai Metro Store,Mumbai,Electronics,Smart Watch,5780.03,7.0,10.0,40460.21,4046.02,36414.19,Net Banking,Corporate,No
TXN01944,2024-03-10,S005,Pune Retail Hub,Pune,Stationery,Pen Box,94.7,8.0,0.0,757.6,0.0,757.6,Debit Card,Online,No
TXN01945,2024-07-11,S003,Chennai Express,Chennai,Grocery,Flour (10kg),285.34,2.0,10.0,570.68,57.07,513.61,Net Banking,Online,No
TXN01946,2024-03-10,S001,Hyderabad Central,Hyderabad,Clothing,Jacket,1988.79,2.0,5.0,3977.58,198.88,3778.7,Net Banking,Loyalty Member,No
TXN01947,2024-03-04,S002,Banjara Hills Mart,Hyderabad,Stationery,Stapler,155.39,8.0,15.0,1243.12,186.47,1056.65,Cash,Walk-in,No
TXN01948,2024-12-03,S001,Hyderabad Central,Hyderabad,Electronics,Mobile Phone,9894.25,3.0,5.0,29682.75,1484.14,28198.61,UPI,Walk-in,No
TXN01949,2024-07-30,S005,Pune Retail Hub,Pune,Home Appliances,Mixer Grinder,2827.62,5.0,5.0,14138.1,706.9,13431.2,Debit Card,Loyalty Member,No
TXN01950,2024-06-06,S002,Banjara Hills Mart,Hyderabad,Stationery,Calculator,407.65,2.0,5.0,815.3,40.77,774.53,Cash,Corporate,No
TXN01951,2024-07-28,S002,Banjara Hills Mart,Hyderabad,Clothing,Jeans,1308.02,5.0,20.0,6540.1,1308.02,5232.08,UPI,Online,No
TXN01952,2024-05-31,S001,Hyderabad Central,Hyderabad,Stationery,Pen Box,96.23,7.0,15.0,673.61,101.04,572.57,Debit Card,Corporate,No
TXN01953,,S003,Chennai Express,Chennai,Grocery,Pulses,149.8,,101.0,,,,Debit Card,Loyalty Member,No
TXN01954,2024-09-03,S003,Chennai Express,Chennai,Stationery,Pen Box,102.87,2.0,20.0,205.74,41.15,164.59,Credit Card,Online,No
TXN01955,2024-04-03,S002,Banjara Hills Mart,Hyderabad,Clothing,T-Shirt,574.65,5.0,15.0,2873.25,430.99,2442.26,Credit Card,Loyalty Member,No
TXN01956,2024-12-21,S005,Pune Retail Hub,Pune,Electronics,Laptop,45104.54,2.0,5.0,90209.08,4510.45,85698.63,Credit Card,Loyalty Member,No
TXN01957,2024-02-12,S004,Mumbai Metro Store,Mumbai,Electronics,Earphones,1485.21,6.0,20.0,8911.26,1782.25,7129.01,Net Banking,Walk-in,No
TXN01958,2024-09-09,S002,Banjara Hills Mart,Hyderabad,Clothing,Jeans,1287.61,4.0,15.0,5150.44,772.57,4377.87,Net Banking,Loyalty Member,No
TXN01959,2024-07-11,S001,Hyderabad Central,Hyderabad,Electronics,Mobile Phone,10261.64,7.0,20.0,71831.48,14366.3,57465.18,UPI,Online,No
TXN01960,2024-04-20,S005,Pune Retail Hub,Pune,Grocery,Flour (10kg),302.04,2.0,0.0,604.08,0.0,604.08,Cash,Walk-in,No
TXN01961,2024-11-15,S003,Chennai Express,Chennai,Home Appliances,Microwave,6509.79,4.0,10.0,26039.16,2603.92,23435.24,Cash,Corporate,No
TXN01962,2024-06-25,S004,Mumbai Metro Store,Mumbai,Stationery,Calculator,393.39,1.0,15.0,393.39,59.01,334.38,UPI,Loyalty Member,No
TXN01963,2024-01-08,S004,Mumbai Metro Store,Mumbai,Stationery,File Folder,75.55,6.0,10.0,453.3,45.33,407.97,UPI,Loyalty Member,Yes
TXN01964,,S003,Chennai Express,Chennai,Electronics,Earphones,1482.64,,,,,,Debit Card,Loyalty Member,No
TXN01965,2024-08-25,S005,Pune Retail Hub,Pune,Stationery,Notebook Set,206.13,7.0,5.0,1442.91,72.15,1370.76,Debit Card,Online,No
TXN01966,2024-09-04,S005,Pune Retail Hub,Pune,Stationery,Calculator,408.47,5.0,5.0,2042.35,102.12,1940.23,Cash,Online,No
TXN01967,,S004,Mumbai Metro Store,Mumbai,Clothing,Formal Shirt,884.71,,,,,,UPI,Walk-in,No
TXN01968,2024-02-23,S005,Pune Retail Hub,Pune,Grocery,Flour (10kg),292.81,3.0,15.0,878.43,131.76,746.67,UPI,Loyalty Member,No
TXN01969,2024-02-25,S004,Mumbai Metro Store,Mumbai,Electronics,Earphones,1465.72,8.0,0.0,11725.76,0.0,11725.76,Net Banking,Walk-in,No
TXN01970,2024-04-26,S001,Hyderabad Central,Hyderabad,Electronics,Smart Watch,6083.79,8.0,0.0,48670.32,0.0,48670.32,Net Banking,Online,No
TXN01971,2024-04-07,S001,Hyderabad Central,Hyderabad,Electronics,Mobile Phone,10299.32,2.0,0.0,20598.64,0.0,20598.64,Cash,Loyalty Member,No
TXN01972,2024-08-14,S004,Mumbai Metro Store,Mumbai,Grocery,Pulses,142.57,7.0,0.0,997.99,0.0,997.99,Net Banking,Walk-in,No
TXN01973,2024-12-21,S001,Hyderabad Central,Hyderabad,Stationery,Notebook Set,203.74,8.0,10.0,1629.92,162.99,1466.93,Credit Card,Corporate,No
TXN01974,2024-01-01,S001,Hyderabad Central,Hyderabad,Stationery,Pen Box,97.76,5.0,10.0,488.8,48.88,439.92,Cash,Loyalty Member,No
TXN01975,2024-01-31,S004,Mumbai Metro Store,Mumbai,Home Appliances,Microwave,6270.69,1.0,15.0,6270.69,940.6,5330.09,Net Banking,Walk-in,Yes
TXN01976,2024-04-26,S003,Chennai Express,Chennai,Stationery,File Folder,80.23,1.0,10.0,80.23,8.02,72.21,Debit Card,Online,No
TXN01977,2024-03-07,S004,Mumbai Metro Store,Mumbai,Grocery,Cooking Oil,185.86,1.0,10.0,185.86,18.59,167.27,Cash,Online,Yes
TXN01978,2024-04-04,S003,Chennai Express,Chennai,Stationery,Stapler,145.32,2.0,15.0,290.64,43.6,247.04,Debit Card,Online,No
TXN01979,2024-02-21,S002,Banjara Hills Mart,Hyderabad,Stationery,Notebook Set,202.51,3.0,10.0,607.53,60.75,546.78,Debit Card,Online,No
TXN01980,2024-07-03,S003,Chennai Express,Chennai,Clothing,Saree,2608.82,2.0,20.0,5217.64,1043.53,4174.11,UPI,Walk-in,No
TXN01981,2024-09-16,S002,Banjara Hills Mart,Hyderabad,Stationery,Notebook Set,202.72,7.0,5.0,1419.04,70.95,1348.09,Debit Card,Loyalty Member,No
TXN01982,,S002,Banjara Hills Mart,Hyderabad,Grocery,Spices Pack,99.2,7.0,-5.0,,,,Debit Card,Walk-in,No
TXN01983,2024-04-16,S003,Chennai Express,Chennai,Electronics,Tablet,18190.41,7.0,5.0,127332.87,6366.64,120966.23,Cash,Walk-in,No
TXN01984,2024-07-12,S002,Banjara Hills Mart,Hyderabad,Electronics,Tablet,19348.52,3.0,20.0,58045.56,11609.11,46436.45,Cash,Corporate,Yes
TXN01985,2024-02-05,S001,Hyderabad Central,Hyderabad,Clothing,Jacket,1994.95,6.0,0.0,11969.7,0.0,11969.7,Net Banking,Walk-in,No
TXN01986,2024-06-14,S005,Pune Retail Hub,Pune,Stationery,Stapler,143.4,4.0,0.0,573.6,0.0,573.6,Net Banking,Corporate,No
TXN01987,2024-06-28,S003,Chennai Express,Chennai,Home Appliances,Iron Box,858.53,3.0,10.0,2575.59,257.56,2318.03,Net Banking,Corporate,No
TXN01988,2024-08-27,S003,Chennai Express,Chennai,Home Appliances,Microwave,6808.17,2.0,5.0,13616.34,680.82,12935.52,Cash,Corporate,No
TXN01989,2024-08-06,S003,Chennai Express,Chennai,Grocery,Pulses,146.63,6.0,0.0,879.78,0.0,879.78,Cash,Walk-in,No
TXN01990,2024-09-26,S001,Hyderabad Central,Hyderabad,Stationery,Calculator,391.53,3.0,10.0,1174.59,117.46,1057.13,Cash,Online,No
TXN01991,2024-07-23,S001,Hyderabad Central,Hyderabad,Stationery,Notebook Set,195.58,3.0,0.0,586.74,0.0,586.74,Credit Card,Online,No
TXN01992,2024-03-06,S001,Hyderabad Central,Hyderabad,Clothing,Formal Shirt,873.7,5.0,20.0,4368.5,873.7,3494.8,UPI,Loyalty Member,No
TXN01993,2024-10-15,S002,Banjara Hills Mart,Hyderabad,Grocery,Rice (5kg),338.3,6.0,10.0,2029.8,202.98,1826.82,UPI,Online,Yes
TXN01994,2024-12-01,S005,Pune Retail Hub,Pune,Electronics,Tablet,19917.51,2.0,10.0,39835.02,3983.5,35851.52,Debit Card,Corporate,No
TXN01995,2024-11-30,S001,Hyderabad Central,Hyderabad,Grocery,Pulses,153.59,8.0,15.0,1228.72,184.31,1044.41,Debit Card,Walk-in,No
TXN01996,2024-01-01,S002,Banjara Hills Mart,Hyderabad,Electronics,Smart Watch,5766.64,3.0,10.0,17299.92,1729.99,15569.93,Cash,Loyalty Member,No
TXN01997,2024-10-04,S002,Banjara Hills Mart,Hyderabad,Home Appliances,Water Purifier,8808.84,3.0,10.0,26426.52,2642.65,23783.87,Cash,Corporate,No
TXN01998,2024-11-02,S005,Pune Retail Hub,Pune,Grocery,Pulses,143.06,5.0,5.0,715.3,35.77,679.53,Cash,Corporate,No
TXN01999,2024-03-18,S001,Hyderabad Central,Hyderabad,Stationery,File Folder,81.02,2.0,20.0,162.04,32.41,129.63,Credit Card,Online,No
TXN02000,,S002,Banjara Hills Mart,Hyderabad,Grocery,Cooking Oil,182.74,,,,,,UPI,Walk-in,No
TXN02001,2024-07-20,S003,Chennai Express,Chennai,Clothing,Formal Shirt,870.27,2.0,15.0,1740.54,261.08,1479.46,UPI,Loyalty Member,No
TXN02002,2024-09-04,S002,Banjara Hills Mart,Hyderabad,Grocery,Rice (5kg),362.76,5.0,10.0,1813.8,181.38,1632.42,UPI,Walk-in,No
TXN02003,2024-11-04,S001,Hyderabad Central,Hyderabad,Stationery,File Folder,79.11,3.0,5.0,237.33,11.87,225.46,UPI,Loyalty Member,No
TXN02004,2024-08-30,S001,Hyderabad Central,Hyderabad,Grocery,Spices Pack,99.82,5.0,15.0,499.1,74.86,424.24,UPI,Corporate,No
TXN02005,2024-03-12,S001,Hyderabad Central,Hyderabad,Grocery,Flour (10kg),310.85,6.0,0.0,1865.1,0.0,1865.1,Cash,Loyalty Member,No
TXN02006,2024-08-02,S005,Pune Retail Hub,Pune,Grocery,Pulses,147.44,7.0,0.0,1032.08,0.0,1032.08,Net Banking,Walk-in,No
TXN02007,2024-05-12,S001,Hyderabad Central,Hyderabad,Stationery,Stapler,151.15,1.0,10.0,151.15,15.12,136.03,Net Banking,Walk-in,No
TXN02008,2024-08-03,S003,Chennai Express,Chennai,Home Appliances,Water Purifier,8736.34,4.0,0.0,34945.36,0.0,34945.36,Debit Card,Loyalty Member,No
TXN02009,2024-04-04,S003,Chennai Express,Chennai,Electronics,Laptop,46257.3,8.0,5.0,370058.4,18502.92,351555.48,UPI,Corporate,Yes
TXN02010,2024-12-11,S003,Chennai Express,Chennai,Stationery,Notebook Set,207.03,5.0,15.0,1035.15,155.27,879.88,Debit Card,Corporate,No
TXN02011,2024-01-06,S005,Pune Retail Hub,Pune,Electronics,Mobile Phone,10293.33,2.0,10.0,20586.66,2058.67,18527.99,UPI,Corporate,No
TXN02012,2024-01-10,S001,Hyderabad Central,Hyderabad,Electronics,Earphones,1488.64,7.0,15.0,10420.48,1563.07,8857.41,Debit Card,Online,No
TXN02013,2024-04-22,S003,Chennai Express,Chennai,Clothing,Saree,2407.38,3.0,20.0,7222.14,1444.43,5777.71,UPI,Corporate,No
TXN02014,2024-09-22,S004,Mumbai Metro Store,Mumbai,Grocery,Cooking Oil,185.44,7.0,0.0,1298.08,0.0,1298.08,Debit Card,Online,No
TXN02015,2024-11-11,S005,Pune Retail Hub,Pune,Clothing,Jeans,1327.5,8.0,10.0,10620.0,1062.0,9558.0,UPI,Loyalty Member,No
TXN02016,2024-12-14,S004,Mumbai Metro Store,Mumbai,Clothing,T-Shirt,582.87,3.0,20.0,1748.61,349.72,1398.89,Cash,Loyalty Member,No
TXN02017,2024-04-01,S004,Mumbai Metro Store,Mumbai,Stationery,File Folder,78.1,1.0,15.0,78.1,11.71,66.39,Cash,Online,No
TXN02018,2024-08-16,S002,Banjara Hills Mart,Hyderabad,Home Appliances,Fan,1615.45,1.0,15.0,1615.45,242.32,1373.13,Credit Card,Loyalty Member,No
TXN02019,2024-04-14,S005,Pune Retail Hub,Pune,Electronics,Tablet,19920.2,3.0,10.0,59760.6,5976.06,53784.54,UPI,Walk-in,No
TXN02020,2024-10-07,S003,Chennai Express,Chennai,Electronics,Tablet,19068.77,1.0,20.0,19068.77,3813.75,15255.02,Debit Card,Loyalty Member,No
TXN02021,2024-10-10,S005,Pune Retail Hub,Pune,Electronics,Smart Watch,6075.15,3.0,20.0,18225.45,3645.09,14580.36,Cash,Corporate,No
TXN02022,2024-08-14,S005,Pune Retail Hub,Pune,Grocery,Pulses,155.76,3.0,10.0,467.28,46.73,420.55,UPI,Corporate,No
TXN02023,2024-10-19,S002,Banjara Hills Mart,Hyderabad,Stationery,Notebook Set,195.23,2.0,0.0,390.46,0.0,390.46,UPI,Loyalty Member,No
TXN02024,2024-12-06,S005,Pune Retail Hub,Pune,Grocery,Cooking Oil,194.72,2.0,15.0,389.44,58.42,331.02,Net Banking,Online,No
TXN02025,2024-05-06,S002,Banjara Hills Mart,Hyderabad,Clothing,Saree,2388.19,4.0,15.0,9552.76,1432.91,8119.85,Credit Card,Corporate,No
TXN02026,2024-04-21,S004,Mumbai Metro Store,Mumbai,Electronics,Laptop,44925.99,1.0,5.0,44925.99,2246.3,42679.69,Credit Card,Loyalty Member,No
TXN02027,2024-10-13,S004,Mumbai Metro Store,Mumbai,Home Appliances,Microwave,6534.03,1.0,15.0,6534.03,980.1,5553.93,Cash,Online,No
TXN02028,2024-11-30,S002,Banjara Hills Mart,Hyderabad,Grocery,Pulses,147.77,6.0,10.0,886.62,88.66,797.96,Credit Card,Corporate,No
TXN02029,,S005,Pune Retail Hub,Pune,Stationery,Stapler,145.46,6.0,-5.0,,,,Credit Card,Walk-in,No
TXN02030,2024-02-12,S005,Pune Retail Hub,Pune,Stationery,File Folder,80.16,4.0,20.0,320.64,64.13,256.51,Cash,Online,No
TXN02031,2024-02-20,S001,Hyderabad Central,Hyderabad,Grocery,Pulses,150.28,1.0,10.0,150.28,15.03,135.25,Cash,Loyalty Member,No
TXN02032,2024-03-18,S003,Chennai Express,Chennai,Home Appliances,Mixer Grinder,2714.07,5.0,15.0,13570.35,2035.55,11534.8,Cash,Corporate,No
TXN02033,2024-10-20,S002,Banjara Hills Mart,Hyderabad,Stationery,File Folder,82.29,3.0,5.0,246.87,12.34,234.53,Cash,Walk-in,No
TXN02034,2024-05-15,S002,Banjara Hills Mart,Hyderabad,Grocery,Rice (5kg),348.68,8.0,20.0,2789.44,557.89,2231.55,Debit Card,Loyalty Member,No
TXN02035,2024-02-02,S004,Mumbai Metro Store,Mumbai,Home Appliances,Iron Box,898.52,6.0,5.0,5391.12,269.56,5121.56,Debit Card,Walk-in,No
TXN02036,2024-06-05,S005,Pune Retail Hub,Pune,Clothing,Jeans,1316.28,4.0,5.0,5265.12,263.26,5001.86,UPI,Loyalty Member,No
TXN02037,2024-05-19,S001,Hyderabad Central,Hyderabad,Stationery,File Folder,76.08,4.0,10.0,304.32,30.43,273.89,Cash,Online,No
TXN02038,2024-09-09,S004,Mumbai Metro Store,Mumbai,Clothing,Jeans,1343.56,7.0,0.0,9404.92,0.0,9404.92,UPI,Walk-in,No
TXN02039,2024-12-11,S002,Banjara Hills Mart,Hyderabad,Stationery,Notebook Set,204.79,3.0,5.0,614.37,30.72,583.65,Debit Card,Walk-in,No
TXN02040,2024-11-25,S005,Pune Retail Hub,Pune,Clothing,Jacket,1994.64,3.0,15.0,5983.92,897.59,5086.33,Credit Card,Corporate,No
TXN02041,2024-09-28,S002,Banjara Hills Mart,Hyderabad,Grocery,Flour (10kg),307.43,1.0,0.0,307.43,0.0,307.43,Cash,Loyalty Member,No
TXN02042,2024-11-04,S005,Pune Retail Hub,Pune,Clothing,Jacket,2073.79,8.0,20.0,16590.32,3318.06,13272.26,Credit Card,Walk-in,No
TXN02043,,S004,Mumbai Metro Store,Mumbai,Grocery,Spices Pack,99.49,2.0,101.0,,,,UPI,Walk-in,No
TXN02044,2024-11-20,S004,Mumbai Metro Store,Mumbai,Electronics,Tablet,18566.22,2.0,15.0,37132.44,5569.87,31562.57,Cash,Online,Yes
TXN02045,2024-06-06,S003,Chennai Express,Chennai,Stationery,Notebook Set,199.24,6.0,5.0,1195.44,59.77,1135.67,Credit Card,Corporate,No
TXN02046,2024-08-29,S005,Pune Retail Hub,Pune,Home Appliances,Microwave,6530.34,7.0,15.0,45712.38,6856.86,38855.52,Net Banking,Online,No
TXN02047,2024-04-21,S004,Mumbai Metro Store,Mumbai,Home Appliances,Water Purifier,8773.92,7.0,0.0,61417.44,0.0,61417.44,Credit Card,Online,No
TXN02048,2024-02-20,S001,Hyderabad Central,Hyderabad,Stationery,File Folder,75.9,4.0,5.0,303.6,15.18,288.42,Cash,Walk-in,No
TXN02049,2024-07-22,S004,Mumbai Metro Store,Mumbai,Home Appliances,Mixer Grinder,2846.86,6.0,5.0,17081.16,854.06,16227.1,Debit Card,Corporate,No
TXN02050,2024-11-18,S002,Banjara Hills Mart,Hyderabad,Home Appliances,Microwave,6243.98,7.0,20.0,43707.86,8741.57,34966.29,UPI,Loyalty Member,No
TXN02051,2024-05-17,S003,Chennai Express,Chennai,Electronics,Tablet,19825.11,5.0,5.0,99125.55,4956.28,94169.27,Debit Card,Corporate,No
TXN02052,2024-07-11,S004,Mumbai Metro Store,Mumbai,Grocery,Rice (5kg),356.13,6.0,20.0,2136.78,427.36,1709.42,Net Banking,Corporate,No
TXN02053,2024-05-24,S004,Mumbai Metro Store,Mumbai,Electronics,Smart Watch,5784.9,7.0,0.0,40494.3,0.0,40494.3,Debit Card,Walk-in,No
TXN02054,2024-09-16,S003,Chennai Express,Chennai,Electronics,Mobile Phone,10419.18,4.0,5.0,41676.72,2083.84,39592.88,Cash,Corporate,No
TXN02055,2024-04-06,S001,Hyderabad Central,Hyderabad,Stationery,Pen Box,97.93,6.0,20.0,587.58,117.52,470.06,Net Banking,Corporate,Yes
TXN02056,2024-07-30,S002,Banjara Hills Mart,Hyderabad,Electronics,Laptop,44268.64,1.0,15.0,44268.64,6640.3,37628.34,Net Banking,Corporate,No
TXN02057,2024-12-16,S005,Pune Retail Hub,Pune,Home Appliances,Microwave,6771.57,2.0,10.0,13543.14,1354.31,12188.83,Net Banking,Walk-in,No
TXN02058,2024-06-29,S003,Chennai Express,Chennai,Stationery,Notebook Set,201.17,8.0,5.0,1609.36,80.47,1528.89,Net Banking,Corporate,Yes
TXN02059,,S005,Pune Retail Hub,Pune,Grocery,Flour (10kg),290.28,4.0,-5.0,,,,Cash,Walk-in,No
TXN02060,2024-01-20,S002,Banjara Hills Mart,Hyderabad,Electronics,Earphones,1520.83,6.0,5.0,9124.98,456.25,8668.73,Net Banking,Loyalty Member,No
TXN02061,2024-03-07,S003,Chennai Express,Chennai,Electronics,Earphones,1526.37,1.0,5.0,1526.37,76.32,1450.05,UPI,Walk-in,No
TXN02062,2024-07-04,S003,Chennai Express,Chennai,Stationery,Stapler,144.32,2.0,0.0,288.64,0.0,288.64,Debit Card,Corporate,No
TXN02063,2024-05-31,S004,Mumbai Metro Store,Mumbai,Clothing,Jacket,2085.17,6.0,15.0,12511.02,1876.65,10634.37,UPI,Online,No
TXN02064,2024-01-24,S004,Mumbai Metro Store,Mumbai,Clothing,Jeans,1358.38,1.0,15.0,1358.38,203.76,1154.62,Net Banking,Loyalty Member,No
TXN02065,2024-12-09,S003,Chennai Express,Chennai,Grocery,Pulses,144.83,2.0,0.0,289.66,0.0,289.66,Credit Card,Online,No
TXN02066,2024-10-09,S001,Hyderabad Central,Hyderabad,Stationery,File Folder,76.64,8.0,5.0,613.12,30.66,582.46,Credit Card,Walk-in,No
TXN02067,2024-06-30,S004,Mumbai Metro Store,Mumbai,Clothing,Saree,2440.14,8.0,5.0,19521.12,976.06,18545.06,Net Banking,Walk-in,No
TXN02068,2024-08-30,S004,Mumbai Metro Store,Mumbai,Clothing,Jacket,2070.16,1.0,10.0,2070.16,207.02,1863.14,UPI,Loyalty Member,No
TXN02069,2024-10-06,S004,Mumbai Metro Store,Mumbai,Stationery,Calculator,385.03,3.0,15.0,1155.09,173.26,981.83,Credit Card,Loyalty Member,Yes
TXN02070,2024-12-14,S004,Mumbai Metro Store,Mumbai,Stationery,Pen Box,94.96,1.0,5.0,94.96,4.75,90.21,Credit Card,Loyalty Member,No
TXN02071,2024-12-16,S004,Mumbai Metro Store,Mumbai,Grocery,Cooking Oil,191.14,3.0,20.0,573.42,114.68,458.74,Debit Card,Loyalty Member,No
TXN02072,2024-09-06,S004,Mumbai Metro Store,Mumbai,Stationery,Pen Box,95.71,2.0,10.0,191.42,19.14,172.28,Net Banking,Corporate,No
TXN02073,2024-06-24,S004,Mumbai Metro Store,Mumbai,Clothing,Formal Shirt,900.58,7.0,0.0,6304.06,0.0,6304.06,Debit Card,Walk-in,No
TXN02074,2024-05-22,S004,Mumbai Metro Store,Mumbai,Stationery,Stapler,153.12,5.0,5.0,765.6,38.28,727.32,UPI,Walk-in,No
TXN02075,2024-09-02,S003,Chennai Express,Chennai,Home Appliances,Mixer Grinder,2888.32,3.0,10.0,8664.96,866.5,7798.46,UPI,Loyalty Member,No
TXN02076,2024-04-05,S002,Banjara Hills Mart,Hyderabad,Stationery,Calculator,379.64,5.0,10.0,1898.2,189.82,1708.38,Net Banking,Walk-in,No
TXN02077,2024-04-13,S002,Banjara Hills Mart,Hyderabad,Grocery,Cooking Oil,188.58,4.0,15.0,754.32,113.15,641.17,Credit Card,Corporate,No
TXN02078,2024-10-23,S005,Pune Retail Hub,Pune,Clothing,Formal Shirt,880.87,4.0,20.0,3523.48,704.7,2818.78,Cash,Corporate,Yes
TXN02079,2024-07-08,S004,Mumbai Metro Store,Mumbai,Stationery,Pen Box,97.11,6.0,15.0,582.66,87.4,495.26,Cash,Walk-in,No
TXN02080,2024-10-25,S001,Hyderabad Central,Hyderabad,Electronics,Tablet,19509.26,6.0,20.0,117055.56,23411.11,93644.45,Credit Card,Loyalty Member,No
TXN02081,2024-01-17,S003,Chennai Express,Chennai,Home Appliances,Mixer Grinder,2889.66,4.0,15.0,11558.64,1733.8,9824.84,UPI,Walk-in,No
TXN02082,2024-04-17,S005,Pune Retail Hub,Pune,Grocery,Pulses,147.57,7.0,20.0,1032.99,206.6,826.39,Credit Card,Online,No
TXN02083,2024-10-18,S003,Chennai Express,Chennai,Stationery,Calculator,397.09,3.0,10.0,1191.27,119.13,1072.14,UPI,Online,No
TXN02084,2024-03-28,S005,Pune Retail Hub,Pune,Electronics,Laptop,46618.9,6.0,0.0,279713.4,0.0,279713.4,Cash,Loyalty Member,No
TXN02085,2024-06-29,S004,Mumbai Metro Store,Mumbai,Home Appliances,Fan,1559.13,4.0,10.0,6236.52,623.65,5612.87,Debit Card,Loyalty Member,No
TXN02086,2024-03-19,S001,Hyderabad Central,Hyderabad,Home Appliances,Water Purifier,9365.0,4.0,0.0,37460.0,0.0,37460.0,Cash,Online,Yes
TXN02087,2024-05-27,S001,Hyderabad Central,Hyderabad,Home Appliances,Fan,1639.85,5.0,5.0,8199.25,409.96,7789.29,Cash,Online,Yes
TXN02088,2024-09-24,S003,Chennai Express,Chennai,Electronics,Smart Watch,5974.39,1.0,5.0,5974.39,298.72,5675.67,Credit Card,Loyalty Member,No
TXN02089,2024-07-13,S003,Chennai Express,Chennai,Clothing,T-Shirt,587.61,2.0,15.0,1175.22,176.28,998.94,Cash,Loyalty Member,No
TXN02090,2024-07-03,S002,Banjara Hills Mart,Hyderabad,Clothing,T-Shirt,573.09,6.0,15.0,3438.54,515.78,2922.76,Cash,Online,No
TXN02091,2024-05-20,S005,Pune Retail Hub,Pune,Clothing,Jacket,2002.11,1.0,0.0,2002.11,0.0,2002.11,Credit Card,Online,No
TXN02092,2024-06-11,S002,Banjara Hills Mart,Hyderabad,Stationery,File Folder,79.37,8.0,20.0,634.96,126.99,507.97,Cash,Loyalty Member,No
TXN02093,2024-03-15,S002,Banjara Hills Mart,Hyderabad,Stationery,File Folder,75.47,6.0,5.0,452.82,22.64,430.18,Cash,Online,No
TXN02094,2024-10-14,S001,Hyderabad Central,Hyderabad,Stationery,Calculator,400.17,6.0,20.0,2401.02,480.2,1920.82,Net Banking,Loyalty Member,No
TXN02095,2024-06-13,S004,Mumbai Metro Store,Mumbai,Stationery,Calculator,414.22,4.0,0.0,1656.88,0.0,1656.88,Debit Card,Corporate,No
TXN02096,2024-08-16,S005,Pune Retail Hub,Pune,Home Appliances,Mixer Grinder,2927.4,4.0,5.0,11709.6,585.48,11124.12,UPI,Corporate,No
TXN02097,,S001,Hyderabad Central,Hyderabad,Clothing,Formal Shirt,858.87,,,,,,Credit Card,Walk-in,No
TXN02098,2024-12-07,S002,Banjara Hills Mart,Hyderabad,Stationery,Calculator,395.61,4.0,15.0,1582.44,237.37,1345.07,Debit Card,Online,No
TXN02099,2024-08-19,S003,Chennai Express,Chennai,Stationery,File Folder,78.22,2.0,20.0,156.44,31.29,125.15,Net Banking,Online,No
TXN02100,2024-11-28,S002,Banjara Hills Mart,Hyderabad,Grocery,Cooking Oil,182.82,6.0,15.0,1096.92,164.54,932.38,Net Banking,Corporate,No
TXN02101,2024-05-31,S002,Banjara Hills Mart,Hyderabad,Clothing,T-Shirt,584.34,6.0,0.0,3506.04,0.0,3506.04,Credit Card,Corporate,Yes
TXN02102,2024-09-01,S005,Pune Retail Hub,Pune,Home Appliances,Microwave,6175.91,8.0,20.0,49407.28,9881.46,39525.82,UPI,Walk-in,Yes
TXN02103,2024-04-26,S003,Chennai Express,Chennai,Clothing,Saree,2424.13,2.0,10.0,4848.26,484.83,4363.43,Cash,Loyalty Member,No
TXN02104,2024-10-02,S003,Chennai Express,Chennai,Home Appliances,Microwave,6474.95,4.0,0.0,25899.8,0.0,25899.8,Credit Card,Online,No
TXN02105,2024-10-29,S001,Hyderabad Central,Hyderabad,Electronics,Laptop,46892.43,6.0,0.0,281354.58,0.0,281354.58,Debit Card,Loyalty Member,No
TXN02106,,S004,Mumbai Metro Store,Mumbai,Clothing,Jacket,2006.93,2.0,-5.0,,,,Net Banking,Corporate,No
TXN02107,2024-10-13,S001,Hyderabad Central,Hyderabad,Home Appliances,Water Purifier,9357.17,3.0,20.0,28071.51,5614.3,22457.21,Net Banking,Online,No
TXN02108,2024-04-04,S004,Mumbai Metro Store,Mumbai,Home Appliances,Iron Box,858.42,5.0,15.0,4292.1,643.82,3648.28,UPI,Loyalty Member,No
TXN02109,2024-03-31,S002,Banjara Hills Mart,Hyderabad,Stationery,Pen Box,98.87,5.0,10.0,494.35,49.44,444.91,Credit Card,Corporate,No
TXN02110,2024-06-28,S001,Hyderabad Central,Hyderabad,Clothing,Formal Shirt,910.51,1.0,20.0,910.51,182.1,728.41,Cash,Walk-in,No
TXN02111,2024-02-25,S004,Mumbai Metro Store,Mumbai,Electronics,Smart Watch,5712.14,5.0,15.0,28560.7,4284.1,24276.6,Credit Card,Corporate,No
TXN02112,2024-04-28,S001,Hyderabad Central,Hyderabad,Electronics,Laptop,44837.25,4.0,15.0,179349.0,26902.35,152446.65,UPI,Walk-in,No
TXN02113,2024-02-24,S005,Pune Retail Hub,Pune,Electronics,Mobile Phone,9534.47,1.0,10.0,9534.47,953.45,8581.02,Debit Card,Walk-in,No
TXN02114,2024-11-11,S005,Pune Retail Hub,Pune,Clothing,T-Shirt,608.63,4.0,10.0,2434.52,243.45,2191.07,Debit Card,Loyalty Member,No
TXN02115,2024-06-24,S005,Pune Retail Hub,Pune,Stationery,File Folder,80.23,5.0,0.0,401.15,0.0,401.15,Debit Card,Corporate,Yes
TXN02116,2024-05-27,S001,Hyderabad Central,Hyderabad,Clothing,Jeans,1344.34,7.0,0.0,9410.38,0.0,9410.38,UPI,Online,No
TXN02117,2024-06-21,S003,Chennai Express,Chennai,Clothing,Saree,2540.3,1.0,5.0,2540.3,127.02,2413.28,Cash,Walk-in,No
TXN02118,2024-06-01,S002,Banjara Hills Mart,Hyderabad,Clothing,Jacket,2080.31,7.0,15.0,14562.17,2184.33,12377.84,Cash,Walk-in,No
TXN02119,2024-09-20,S001,Hyderabad Central,Hyderabad,Stationery,Stapler,150.37,1.0,20.0,150.37,30.07,120.3,Net Banking,Loyalty Member,No
TXN02120,2024-07-10,S003,Chennai Express,Chennai,Grocery,Rice (5kg),365.83,2.0,10.0,731.66,73.17,658.49,Net Banking,Corporate,No
TXN02121,2024-02-02,S002,Banjara Hills Mart,Hyderabad,Clothing,Jeans,1350.07,6.0,5.0,8100.42,405.02,7695.4,Debit Card,Loyalty Member,No
TXN02122,2024-08-26,S003,Chennai Express,Chennai,Grocery,Spices Pack,101.11,5.0,10.0,505.55,50.55,455.0,Net Banking,Walk-in,Yes
TXN02123,2024-02-13,S002,Banjara Hills Mart,Hyderabad,Stationery,File Folder,77.02,6.0,20.0,462.12,92.42,369.7,Net Banking,Loyalty Member,No
TXN02124,2024-11-10,S003,Chennai Express,Chennai,Grocery,Flour (10kg),301.49,7.0,20.0,2110.43,422.09,1688.34,Credit Card,Online,No
TXN02125,2024-01-11,S003,Chennai Express,Chennai,Stationery,Stapler,143.66,6.0,15.0,861.96,129.29,732.67,Net Banking,Corporate,No
TXN02126,2024-05-07,S004,Mumbai Metro Store,Mumbai,Clothing,Jeans,1282.01,1.0,20.0,1282.01,256.4,1025.61,Credit Card,Online,No
TXN02127,2024-10-06,S005,Pune Retail Hub,Pune,Home Appliances,Iron Box,854.38,4.0,15.0,3417.52,512.63,2904.89,Cash,Online,Yes
TXN02128,2024-06-05,S001,Hyderabad Central,Hyderabad,Grocery,Flour (10kg),300.7,7.0,20.0,2104.9,420.98,1683.92,Net Banking,Loyalty Member,No
TXN02129,,S002,Banjara Hills Mart,Hyderabad,Clothing,Formal Shirt,858.63,9.0,-5.0,,,,Cash,Online,No
TXN02130,2024-10-22,S003,Chennai Express,Chennai,Stationery,Pen Box,100.96,5.0,15.0,504.8,75.72,429.08,UPI,Walk-in,No
TXN02131,2024-02-16,S004,Mumbai Metro Store,Mumbai,Stationery,Calculator,382.0,1.0,5.0,382.0,19.1,362.9,Cash,Online,No
TXN02132,2024-08-24,S002,Banjara Hills Mart,Hyderabad,Electronics,Laptop,44790.15,3.0,0.0,134370.45,0.0,134370.45,Credit Card,Loyalty Member,No
TXN02133,2024-07-01,S005,Pune Retail Hub,Pune,Clothing,Formal Shirt,884.89,8.0,15.0,7079.12,1061.87,6017.25,Credit Card,Online,No
TXN02134,2024-06-06,S005,Pune Retail Hub,Pune,Home Appliances,Fan,1636.19,5.0,0.0,8180.95,0.0,8180.95,Net Banking,Walk-in,No
TXN02135,2024-01-12,S003,Chennai Express,Chennai,Home Appliances,Fan,1546.49,3.0,0.0,4639.47,0.0,4639.47,Net Banking,Corporate,No
TXN02136,2024-09-13,S003,Chennai Express,Chennai,Clothing,Jeans,1323.06,2.0,15.0,2646.12,396.92,2249.2,UPI,Online,No
TXN02137,2024-11-26,S003,Chennai Express,Chennai,Home Appliances,Fan,1576.75,7.0,10.0,11037.25,1103.72,9933.53,UPI,Loyalty Member,Yes
TXN02138,2024-03-07,S002,Banjara Hills Mart,Hyderabad,Stationery,Notebook Set,200.26,5.0,5.0,1001.3,50.06,951.24,Credit Card,Loyalty Member,Yes
TXN02139,2024-08-14,S003,Chennai Express,Chennai,Electronics,Laptop,46002.41,4.0,15.0,184009.64,27601.45,156408.19,UPI,Online,No
TXN02140,2024-03-22,S004,Mumbai Metro Store,Mumbai,Clothing,Jeans,1347.84,4.0,20.0,5391.36,1078.27,4313.09,UPI,Walk-in,No
TXN02141,2024-07-06,S003,Chennai Express,Chennai,Stationery,File Folder,79.07,4.0,5.0,316.28,15.81,300.47,Cash,Walk-in,No
TXN02142,2024-03-15,S004,Mumbai Metro Store,Mumbai,Clothing,Jacket,2043.75,1.0,10.0,2043.75,204.38,1839.37,UPI,Corporate,No
TXN02143,2024-10-20,S004,Mumbai Metro Store,Mumbai,Clothing,Jeans,1319.55,4.0,15.0,5278.2,791.73,4486.47,Debit Card,Corporate,No
TXN02144,2024-05-18,S003,Chennai Express,Chennai,Grocery,Pulses,154.86,3.0,5.0,464.58,23.23,441.35,UPI,Walk-in,No
TXN02145,2024-05-15,S001,Hyderabad Central,Hyderabad,Electronics,Tablet,19395.69,8.0,0.0,155165.52,0.0,155165.52,Debit Card,Walk-in,No
TXN02146,2024-12-25,S002,Banjara Hills Mart,Hyderabad,Stationery,Pen Box,95.07,2.0,15.0,190.14,28.52,161.62,Net Banking,Loyalty Member,No
TXN02147,2024-10-28,S002,Banjara Hills Mart,Hyderabad,Home Appliances,Mixer Grinder,2731.97,7.0,0.0,19123.79,0.0,19123.79,Net Banking,Loyalty Member,No
TXN02148,2024-02-24,S005,Pune Retail Hub,Pune,Home Appliances,Iron Box,898.27,3.0,10.0,2694.81,269.48,2425.33,Net Banking,Corporate,No
TXN02149,2024-11-14,S003,Chennai Express,Chennai,Clothing,Formal Shirt,856.3,7.0,20.0,5994.1,1198.82,4795.28,Net Banking,Corporate,No
TXN02150,2024-03-09,S005,Pune Retail Hub,Pune,Stationery,Notebook Set,197.85,6.0,5.0,1187.1,59.35,1127.75,Credit Card,Walk-in,No
TXN02151,2024-01-09,S001,Hyderabad Central,Hyderabad,Home Appliances,Fan,1591.17,4.0,5.0,6364.68,318.23,6046.45,Cash,Corporate,No
TXN02152,2024-05-12,S001,Hyderabad Central,Hyderabad,Home Appliances,Mixer Grinder,2930.19,2.0,10.0,5860.38,586.04,5274.34,Credit Card,Online,No
TXN02153,,S003,Chennai Express,Chennai,Stationery,Calculator,406.94,,,,,,Debit Card,Loyalty Member,No
TXN02154,2024-04-14,S005,Pune Retail Hub,Pune,Grocery,Pulses,147.82,7.0,15.0,1034.74,155.21,879.53,Credit Card,Online,No
TXN02155,2024-11-09,S005,Pune Retail Hub,Pune,Stationery,Pen Box,98.45,1.0,5.0,98.45,4.92,93.53,Cash,Walk-in,No
TXN02156,2024-09-30,S005,Pune Retail Hub,Pune,Stationery,Calculator,395.63,6.0,0.0,2373.78,0.0,2373.78,Debit Card,Corporate,Yes
TXN02157,,S002,Banjara Hills Mart,Hyderabad,Electronics,Laptop,47709.22,,101.0,,,,UPI,Walk-in,No
TXN02158,2024-03-28,S003,Chennai Express,Chennai,Electronics,Laptop,45961.29,1.0,5.0,45961.29,2298.06,43663.23,UPI,Loyalty Member,No
TXN02159,2024-02-09,S004,Mumbai Metro Store,Mumbai,Home Appliances,Iron Box,917.67,4.0,10.0,3670.68,367.07,3303.61,Debit Card,Online,No
TXN02160,2024-02-02,S001,Hyderabad Central,Hyderabad,Grocery,Flour (10kg),286.61,2.0,5.0,573.22,28.66,544.56,Net Banking,Loyalty Member,No
TXN02161,2024-02-21,S004,Mumbai Metro Store,Mumbai,Home Appliances,Mixer Grinder,2901.0,5.0,20.0,14505.0,2901.0,11604.0,Credit Card,Walk-in,No
TXN02162,2024-10-19,S004,Mumbai Metro Store,Mumbai,Electronics,Tablet,19844.22,4.0,10.0,79376.88,7937.69,71439.19,UPI,Corporate,No
TXN02163,2024-12-29,S003,Chennai Express,Chennai,Home Appliances,Microwave,6640.39,1.0,0.0,6640.39,0.0,6640.39,Credit Card,Online,No
TXN02164,2024-10-14,S002,Banjara Hills Mart,Hyderabad,Home Appliances,Microwave,6662.79,4.0,20.0,26651.16,5330.23,21320.93,Credit Card,Corporate,No
TXN02165,2024-01-28,S001,Hyderabad Central,Hyderabad,Electronics,Mobile Phone,10079.36,1.0,20.0,10079.36,2015.87,8063.49,Net Banking,Loyalty Member,No
TXN02166,2024-08-22,S005,Pune Retail Hub,Pune,Grocery,Spices Pack,100.61,6.0,15.0,603.66,90.55,513.11,UPI,Walk-in,Yes
TXN02167,2024-09-01,S002,Banjara Hills Mart,Hyderabad,Home Appliances,Iron Box,915.84,1.0,20.0,915.84,183.17,732.67,Cash,Loyalty Member,No
TXN02168,2024-09-05,S001,Hyderabad Central,Hyderabad,Stationery,Notebook Set,189.83,6.0,20.0,1138.98,227.8,911.18,Net Banking,Walk-in,No
TXN02169,2024-04-28,S005,Pune Retail Hub,Pune,Home Appliances,Iron Box,920.87,1.0,0.0,920.87,0.0,920.87,Debit Card,Loyalty Member,No
TXN02170,2024-03-15,S003,Chennai Express,Chennai,Electronics,Mobile Phone,10263.94,2.0,0.0,20527.88,0.0,20527.88,Cash,Corporate,No
TXN02171,2024-08-18,S005,Pune Retail Hub,Pune,Electronics,Laptop,44616.23,3.0,5.0,133848.69,6692.43,127156.26,Cash,Corporate,No
TXN02172,2024-07-21,S002,Banjara Hills Mart,Hyderabad,Electronics,Earphones,1494.65,1.0,5.0,1494.65,74.73,1419.92,Cash,Online,No
TXN02173,2024-08-02,S003,Chennai Express,Chennai,Electronics,Tablet,18474.1,8.0,5.0,147792.8,7389.64,140403.16,Credit Card,Corporate,No
TXN02174,2024-01-15,S004,Mumbai Metro Store,Mumbai,Grocery,Rice (5kg),362.19,3.0,0.0,1086.57,0.0,1086.57,Credit Card,Corporate,No
TXN02175,2024-03-29,S004,Mumbai Metro Store,Mumbai,Clothing,Formal Shirt,911.22,6.0,5.0,5467.32,273.37,5193.95,Cash,Walk-in,No
TXN02176,2024-06-27,S004,Mumbai Metro Store,Mumbai,Electronics,Smart Watch,6113.53,5.0,0.0,30567.65,0.0,30567.65,Net Banking,Corporate,No
TXN02177,2024-07-13,S005,Pune Retail Hub,Pune,Home Appliances,Mixer Grinder,2899.64,2.0,15.0,5799.28,869.89,4929.39,Net Banking,Loyalty Member,No
TXN02178,2024-04-13,S004,Mumbai Metro Store,Mumbai,Home Appliances,Iron Box,861.52,1.0,5.0,861.52,43.08,818.44,Debit Card,Corporate,No
TXN02179,2024-07-06,S003,Chennai Express,Chennai,Home Appliances,Fan,1529.31,3.0,10.0,4587.93,458.79,4129.14,Credit Card,Walk-in,No
TXN02180,2024-01-09,S002,Banjara Hills Mart,Hyderabad,Clothing,Saree,2620.59,4.0,15.0,10482.36,1572.35,8910.01,UPI,Walk-in,No
TXN02181,2024-02-04,S003,Chennai Express,Chennai,Home Appliances,Water Purifier,8675.14,1.0,20.0,8675.14,1735.03,6940.11,Debit Card,Walk-in,No
TXN02182,2024-12-26,S003,Chennai Express,Chennai,Grocery,Cooking Oil,192.34,7.0,20.0,1346.38,269.28,1077.1,Debit Card,Loyalty Member,No
TXN02183,2024-07-16,S003,Chennai Express,Chennai,Electronics,Earphones,1434.64,2.0,5.0,2869.28,143.46,2725.82,UPI,Walk-in,No
TXN02184,2024-10-21,S001,Hyderabad Central,Hyderabad,Electronics,Mobile Phone,9587.67,8.0,10.0,76701.36,7670.14,69031.22,Net Banking,Loyalty Member,No
TXN02185,2024-07-12,S002,Banjara Hills Mart,Hyderabad,Clothing,Jacket,2035.51,7.0,15.0,14248.57,2137.29,12111.28,Credit Card,Loyalty Member,No
TXN02186,2024-10-06,S004,Mumbai Metro Store,Mumbai,Electronics,Mobile Phone,10415.84,7.0,10.0,72910.88,7291.09,65619.79,Credit Card,Walk-in,No
TXN02187,2024-03-01,S002,Banjara Hills Mart,Hyderabad,Clothing,Jeans,1358.73,5.0,10.0,6793.65,679.37,6114.28,Credit Card,Walk-in,No
TXN02188,2024-05-03,S004,Mumbai Metro Store,Mumbai,Clothing,Formal Shirt,906.06,8.0,0.0,7248.48,0.0,7248.48,Cash,Walk-in,No
TXN02189,,S005,Pune Retail Hub,Pune,Stationery,Notebook Set,202.79,2.0,101.0,,,,Net Banking,Loyalty Member,No
TXN02190,2024-03-06,S004,Mumbai Metro Store,Mumbai,Stationery,Notebook Set,204.98,8.0,0.0,1639.84,0.0,1639.84,Cash,Corporate,No
TXN02191,2024-12-08,S001,Hyderabad Central,Hyderabad,Grocery,Cooking Oil,194.52,3.0,5.0,583.56,29.18,554.38,Net Banking,Loyalty Member,No
TXN02192,2024-03-30,S001,Hyderabad Central,Hyderabad,Grocery,Pulses,153.75,3.0,10.0,461.25,46.12,415.13,Debit Card,Walk-in,No
TXN02193,2024-09-07,S001,Hyderabad Central,Hyderabad,Clothing,Formal Shirt,919.75,4.0,10.0,3679.0,367.9,3311.1,UPI,Walk-in,No
TXN02194,2024-06-15,S003,Chennai Express,Chennai,Electronics,Mobile Phone,10079.03,3.0,15.0,30237.09,4535.56,25701.53,Net Banking,Loyalty Member,No
TXN02195,2024-02-17,S004,Mumbai Metro Store,Mumbai,Home Appliances,Fan,1551.95,1.0,0.0,1551.95,0.0,1551.95,Debit Card,Online,No
TXN02196,2024-11-08,S003,Chennai Express,Chennai,Home Appliances,Microwave,6612.73,7.0,20.0,46289.11,9257.82,37031.29,Credit Card,Walk-in,No
TXN02197,2024-06-29,S003,Chennai Express,Chennai,Stationery,Pen Box,100.68,8.0,5.0,805.44,40.27,765.17,Credit Card,Online,No
TXN02198,2024-05-11,S005,Pune Retail Hub,Pune,Electronics,Mobile Phone,9863.83,5.0,20.0,49319.15,9863.83,39455.32,Debit Card,Loyalty Member,Yes
TXN02199,2024-10-20,S002,Banjara Hills Mart,Hyderabad,Electronics,Mobile Phone,9682.73,5.0,20.0,48413.65,9682.73,38730.92,Credit Card,Corporate,Yes
TXN02200,2024-10-04,S004,Mumbai Metro Store,Mumbai,Home Appliances,Microwave,6707.96,8.0,5.0,53663.68,2683.18,50980.5,Net Banking,Loyalty Member,Yes
TXN02201,2024-10-16,S004,Mumbai Metro Store,Mumbai,Grocery,Rice (5kg),363.03,1.0,5.0,363.03,18.15,344.88,Cash,Loyalty Member,No
TXN02202,2024-12-10,S003,Chennai Express,Chennai,Home Appliances,Mixer Grinder,2919.32,2.0,5.0,5838.64,291.93,5546.71,Debit Card,Online,No
TXN02203,2024-06-16,S003,Chennai Express,Chennai,Clothing,Formal Shirt,892.2,8.0,15.0,7137.6,1070.64,6066.96,Debit Card,Loyalty Member,No
TXN02204,2024-08-17,S002,Banjara Hills Mart,Hyderabad,Home Appliances,Fan,1654.02,5.0,15.0,8270.1,1240.52,7029.58,Cash,Corporate,No
TXN02205,2024-07-22,S004,Mumbai Metro Store,Mumbai,Stationery,Stapler,144.96,6.0,10.0,869.76,86.98,782.78,Net Banking,Online,No
TXN02206,2024-04-18,S003,Chennai Express,Chennai,Home Appliances,Water Purifier,8800.14,5.0,20.0,44000.7,8800.14,35200.56,Net Banking,Online,No
TXN02207,2024-08-11,S003,Chennai Express,Chennai,Electronics,Tablet,18808.33,4.0,10.0,75233.32,7523.33,67709.99,UPI,Corporate,No
TXN02208,2024-06-30,S001,Hyderabad Central,Hyderabad,Electronics,Mobile Phone,10130.42,7.0,20.0,70912.94,14182.59,56730.35,Net Banking,Corporate,No
TXN02209,2024-03-06,S001,Hyderabad Central,Hyderabad,Clothing,Jacket,1904.59,5.0,0.0,9522.95,0.0,9522.95,Debit Card,Loyalty Member,No
TXN02210,2024-09-04,S002,Banjara Hills Mart,Hyderabad,Electronics,Smart Watch,6068.85,1.0,10.0,6068.85,606.88,5461.97,Debit Card,Corporate,Yes
TXN02211,2024-03-06,S004,Mumbai Metro Store,Mumbai,Clothing,Jeans,1265.59,3.0,20.0,3796.77,759.35,3037.42,Cash,Loyalty Member,No
TXN02212,2024-10-27,S004,Mumbai Metro Store,Mumbai,Clothing,Jeans,1334.61,7.0,10.0,9342.27,934.23,8408.04,Net Banking,Loyalty Member,No
TXN02213,2024-06-06,S003,Chennai Express,Chennai,Grocery,Spices Pack,103.5,6.0,5.0,621.0,31.05,589.95,Credit Card,Loyalty Member,No
TXN02214,2024-02-05,S002,Banjara Hills Mart,Hyderabad,Stationery,Calculator,382.14,2.0,0.0,764.28,0.0,764.28,Cash,Corporate,No
TXN02215,2024-08-28,S004,Mumbai Metro Store,Mumbai,Stationery,File Folder,76.48,6.0,5.0,458.88,22.94,435.94,Cash,Online,No
TXN02216,2024-06-24,S001,Hyderabad Central,Hyderabad,Grocery,Pulses,142.23,8.0,5.0,1137.84,56.89,1080.95,Net Banking,Walk-in,No
TXN02217,2024-12-06,S003,Chennai Express,Chennai,Clothing,Jeans,1252.23,3.0,15.0,3756.69,563.5,3193.19,Credit Card,Online,No
TXN02218,2024-06-04,S004,Mumbai Metro Store,Mumbai,Electronics,Mobile Phone,10180.15,4.0,5.0,40720.6,2036.03,38684.57,Net Banking,Online,Yes
TXN02219,2024-02-28,S004,Mumbai Metro Store,Mumbai,Home Appliances,Microwave,6288.43,1.0,5.0,6288.43,314.42,5974.01,Net Banking,Walk-in,No
TXN02220,2024-10-19,S001,Hyderabad Central,Hyderabad,Grocery,Pulses,147.77,1.0,10.0,147.77,14.78,132.99,UPI,Corporate,No
TXN02221,2024-06-10,S003,Chennai Express,Chennai,Electronics,Smart Watch,6080.65,7.0,0.0,42564.55,0.0,42564.55,Net Banking,Loyalty Member,No
TXN02222,2024-12-17,S004,Mumbai Metro Store,Mumbai,Electronics,Mobile Phone,10067.82,8.0,0.0,80542.56,0.0,80542.56,Net Banking,Walk-in,No
TXN02223,,S003,Chennai Express,Chennai,Stationery,Calculator,390.24,1.0,101.0,,,,Cash,Walk-in,No
TXN02224,2024-03-29,S004,Mumbai Metro Store,Mumbai,Clothing,Jacket,2031.0,7.0,20.0,14217.0,2843.4,11373.6,Net Banking,Corporate,No
TXN02225,2024-10-11,S001,Hyderabad Central,Hyderabad,Stationery,File Folder,78.75,1.0,15.0,78.75,11.81,66.94,Cash,Loyalty Member,No
TXN02226,2024-02-21,S004,Mumbai Metro Store,Mumbai,Grocery,Flour (10kg),300.51,1.0,0.0,300.51,0.0,300.51,Net Banking,Corporate,No
TXN02227,2024-12-19,S002,Banjara Hills Mart,Hyderabad,Home Appliances,Fan,1608.92,3.0,20.0,4826.76,965.35,3861.41,Net Banking,Loyalty Member,No
TXN02228,2024-06-21,S002,Banjara Hills Mart,Hyderabad,Grocery,Pulses,153.12,6.0,0.0,918.72,0.0,918.72,Cash,Loyalty Member,No
TXN02229,2024-11-22,S005,Pune Retail Hub,Pune,Clothing,Formal Shirt,927.03,7.0,10.0,6489.21,648.92,5840.29,Debit Card,Online,No
TXN02230,2024-04-05,S004,Mumbai Metro Store,Mumbai,Stationery,Calculator,406.0,8.0,10.0,3248.0,324.8,2923.2,UPI,Corporate,No
TXN02231,2024-01-07,S002,Banjara Hills Mart,Hyderabad,Grocery,Rice (5kg),357.13,3.0,5.0,1071.39,53.57,1017.82,Net Banking,Loyalty Member,No
TXN02232,2024-05-23,S005,Pune Retail Hub,Pune,Stationery,Notebook Set,195.04,1.0,20.0,195.04,39.01,156.03,Cash,Loyalty Member,No
TXN02233,2024-05-31,S005,Pune Retail Hub,Pune,Home Appliances,Iron Box,896.98,4.0,5.0,3587.92,179.4,3408.52,UPI,Corporate,No
TXN02234,2024-03-08,S002,Banjara Hills Mart,Hyderabad,Electronics,Smart Watch,6001.43,5.0,15.0,30007.15,4501.07,25506.08,Debit Card,Walk-in,No
TXN02235,2024-04-10,S001,Hyderabad Central,Hyderabad,Electronics,Smart Watch,6047.75,3.0,10.0,18143.25,1814.33,16328.92,Cash,Corporate,No
TXN02236,,S005,Pune Retail Hub,Pune,Stationery,Calculator,400.85,6.0,-5.0,,,,Net Banking,Walk-in,No
TXN02237,2024-10-13,S001,Hyderabad Central,Hyderabad,Stationery,File Folder,79.75,6.0,20.0,478.5,95.7,382.8,UPI,Loyalty Member,No
TXN02238,2024-08-03,S003,Chennai Express,Chennai,Clothing,Jeans,1327.65,7.0,10.0,9293.55,929.36,8364.19,UPI,Loyalty Member,No
TXN02239,2024-05-03,S004,Mumbai Metro Store,Mumbai,Stationery,Notebook Set,203.99,1.0,0.0,203.99,0.0,203.99,Credit Card,Walk-in,Yes
TXN02240,2024-11-19,S002,Banjara Hills Mart,Hyderabad,Grocery,Rice (5kg),351.33,4.0,5.0,1405.32,70.27,1335.05,Cash,Corporate,Yes
TXN02241,2024-01-13,S001,Hyderabad Central,Hyderabad,Clothing,Saree,2427.19,2.0,20.0,4854.38,970.88,3883.5,Debit Card,Online,No
TXN02242,2024-05-28,S005,Pune Retail Hub,Pune,Grocery,Spices Pack,100.6,5.0,15.0,503.0,75.45,427.55,Net Banking,Walk-in,No
TXN02243,2024-04-24,S005,Pune Retail Hub,Pune,Clothing,Formal Shirt,887.07,4.0,10.0,3548.28,354.83,3193.45,Debit Card,Loyalty Member,No
TXN02244,2024-09-18,S003,Chennai Express,Chennai,Stationery,Notebook Set,194.42,8.0,5.0,1555.36,77.77,1477.59,Credit Card,Corporate,No
TXN02245,2024-02-29,S003,Chennai Express,Chennai,Electronics,Tablet,18449.61,8.0,10.0,147596.88,14759.69,132837.19,Cash,Walk-in,No
TXN02246,2024-02-01,S002,Banjara Hills Mart,Hyderabad,Grocery,Pulses,144.01,6.0,0.0,864.06,0.0,864.06,Credit Card,Loyalty Member,Yes
TXN02247,2024-11-30,S004,Mumbai Metro Store,Mumbai,Home Appliances,Mixer Grinder,2928.57,2.0,0.0,5857.14,0.0,5857.14,Debit Card,Walk-in,No
TXN02248,2024-11-28,S002,Banjara Hills Mart,Hyderabad,Grocery,Pulses,151.53,3.0,0.0,454.59,0.0,454.59,UPI,Online,No
TXN02249,,S005,Pune Retail Hub,Pune,Grocery,Cooking Oil,189.81,,-5.0,,,,Credit Card,Walk-in,No
TXN02250,2024-02-10,S002,Banjara Hills Mart,Hyderabad,Grocery,Cooking Oil,198.35,3.0,0.0,595.05,0.0,595.05,UPI,Walk-in,No
TXN02251,2024-06-11,S004,Mumbai Metro Store,Mumbai,Grocery,Spices Pack,103.74,2.0,0.0,207.48,0.0,207.48,Debit Card,Loyalty Member,Yes
TXN02252,2024-07-29,S003,Chennai Express,Chennai,Home Appliances,Mixer Grinder,2826.05,5.0,10.0,14130.25,1413.03,12717.22,Debit Card,Walk-in,No
TXN02253,2024-12-03,S002,Banjara Hills Mart,Hyderabad,Grocery,Flour (10kg),307.84,4.0,20.0,1231.36,246.27,985.09,Cash,Online,No
TXN02254,2024-03-15,S001,Hyderabad Central,Hyderabad,Clothing,Formal Shirt,921.23,5.0,5.0,4606.15,230.31,4375.84,Debit Card,Walk-in,No
TXN02255,2024-07-21,S004,Mumbai Metro Store,Mumbai,Home Appliances,Mixer Grinder,2894.42,4.0,20.0,11577.68,2315.54,9262.14,Debit Card,Online,No
TXN02256,2024-01-22,S001,Hyderabad Central,Hyderabad,Clothing,Saree,2377.57,8.0,10.0,19020.56,1902.06,17118.5,Cash,Walk-in,No
TXN02257,2024-08-30,S003,Chennai Express,Chennai,Home Appliances,Iron Box,879.74,4.0,20.0,3518.96,703.79,2815.17,Credit Card,Online,No
TXN02258,2024-08-19,S003,Chennai Express,Chennai,Grocery,Spices Pack,99.72,2.0,20.0,199.44,39.89,159.55,UPI,Online,No
TXN02259,2024-03-29,S003,Chennai Express,Chennai,Grocery,Spices Pack,98.01,8.0,10.0,784.08,78.41,705.67,Net Banking,Walk-in,No
TXN02260,2024-12-29,S005,Pune Retail Hub,Pune,Electronics,Tablet,18730.17,5.0,20.0,93650.85,18730.17,74920.68,UPI,Loyalty Member,No
TXN02261,,S002,Banjara Hills Mart,Hyderabad,Home Appliances,Water Purifier,9227.48,3.0,101.0,,,,UPI,Corporate,No
TXN02262,2024-02-09,S003,Chennai Express,Chennai,Clothing,Formal Shirt,908.26,1.0,0.0,908.26,0.0,908.26,Cash,Corporate,No
TXN02263,2024-04-13,S002,Banjara Hills Mart,Hyderabad,Electronics,Mobile Phone,9500.23,7.0,5.0,66501.61,3325.08,63176.53,Net Banking,Corporate,No
TXN02264,2024-09-08,S001,Hyderabad Central,Hyderabad,Stationery,Pen Box,98.81,3.0,5.0,296.43,14.82,281.61,Cash,Walk-in,No
TXN02265,2024-05-14,S002,Banjara Hills Mart,Hyderabad,Grocery,Pulses,143.36,3.0,10.0,430.08,43.01,387.07,Cash,Corporate,No
TXN02266,2024-10-06,S003,Chennai Express,Chennai,Stationery,Calculator,414.74,7.0,0.0,2903.18,0.0,2903.18,Cash,Online,No
TXN02267,2024-08-13,S001,Hyderabad Central,Hyderabad,Clothing,Jacket,1974.09,4.0,15.0,7896.36,1184.45,6711.91,UPI,Corporate,Yes
TXN02268,2024-09-01,S003,Chennai Express,Chennai,Grocery,Spices Pack,103.61,2.0,15.0,207.22,31.08,176.14,Net Banking,Corporate,No
TXN02269,2024-11-20,S003,Chennai Express,Chennai,Home Appliances,Microwave,6255.23,6.0,15.0,37531.38,5629.71,31901.67,Net Banking,Loyalty Member,No
TXN02270,2024-08-25,S005,Pune Retail Hub,Pune,Clothing,Saree,2518.83,8.0,5.0,20150.64,1007.53,19143.11,Net Banking,Walk-in,No
TXN02271,2024-05-10,S003,Chennai Express,Chennai,Stationery,Stapler,143.95,3.0,15.0,431.85,64.78,367.07,Debit Card,Loyalty Member,No
TXN02272,2024-01-26,S001,Hyderabad Central,Hyderabad,Grocery,Rice (5kg),350.63,5.0,10.0,1753.15,175.31,1577.84,UPI,Walk-in,No
TXN02273,2024-12-07,S003,Chennai Express,Chennai,Stationery,Calculator,388.55,1.0,10.0,388.55,38.85,349.7,Net Banking,Walk-in,No
TXN02274,2024-08-09,S004,Mumbai Metro Store,Mumbai,Clothing,Formal Shirt,919.17,4.0,5.0,3676.68,183.83,3492.85,UPI,Loyalty Member,No
TXN02275,2024-03-29,S001,Hyderabad Central,Hyderabad,Stationery,Stapler,141.63,1.0,15.0,141.63,21.24,120.39,Cash,Loyalty Member,No
TXN02276,2024-05-17,S002,Banjara Hills Mart,Hyderabad,Grocery,Spices Pack,102.43,3.0,5.0,307.29,15.36,291.93,Cash,Walk-in,No
TXN02277,,S005,Pune Retail Hub,Pune,Grocery,Rice (5kg),345.42,8.0,101.0,,,,Cash,Walk-in,No
TXN02278,2024-03-27,S005,Pune Retail Hub,Pune,Grocery,Flour (10kg),298.43,7.0,15.0,2089.01,313.35,1775.66,Net Banking,Loyalty Member,No
TXN02279,2024-09-18,S005,Pune Retail Hub,Pune,Clothing,Jeans,1275.77,5.0,0.0,6378.85,0.0,6378.85,UPI,Walk-in,No
TXN02280,,S004,Mumbai Metro Store,Mumbai,Electronics,Tablet,19579.22,4.0,101.0,,,,Net Banking,Walk-in,No
TXN02281,,S005,Pune Retail Hub,Pune,Electronics,Mobile Phone,9858.62,,,,,,Credit Card,Online,No
TXN02282,2024-02-07,S001,Hyderabad Central,Hyderabad,Stationery,Calculator,403.97,5.0,5.0,2019.85,100.99,1918.86,Credit Card,Corporate,No
TXN02283,2024-03-20,S005,Pune Retail Hub,Pune,Clothing,T-Shirt,602.32,4.0,20.0,2409.28,481.86,1927.42,Cash,Loyalty Member,No
TXN02284,2024-02-26,S003,Chennai Express,Chennai,Electronics,Earphones,1539.9,2.0,5.0,3079.8,153.99,2925.81,Debit Card,Online,No
TXN02285,2024-04-21,S005,Pune Retail Hub,Pune,Clothing,T-Shirt,607.09,6.0,20.0,3642.54,728.51,2914.03,Net Banking,Corporate,Yes
TXN02286,2024-08-20,S005,Pune Retail Hub,Pune,Stationery,Calculator,392.76,1.0,0.0,392.76,0.0,392.76,Net Banking,Corporate,No
TXN02287,2024-11-02,S005,Pune Retail Hub,Pune,Clothing,Jeans,1298.81,1.0,10.0,1298.81,129.88,1168.93,Cash,Walk-in,No
TXN02288,2024-06-06,S003,Chennai Express,Chennai,Clothing,Formal Shirt,894.38,8.0,20.0,7155.04,1431.01,5724.03,Credit Card,Loyalty Member,No
TXN02289,2024-12-16,S004,Mumbai Metro Store,Mumbai,Home Appliances,Fan,1639.75,5.0,15.0,8198.75,1229.81,6968.94,UPI,Walk-in,No
TXN02290,2024-02-24,S001,Hyderabad Central,Hyderabad,Home Appliances,Iron Box,883.49,8.0,10.0,7067.92,706.79,6361.13,UPI,Loyalty Member,No
TXN02291,2024-09-22,S002,Banjara Hills Mart,Hyderabad,Grocery,Rice (5kg),362.22,6.0,15.0,2173.32,326.0,1847.32,Cash,Online,No
TXN02292,2024-12-19,S004,Mumbai Metro Store,Mumbai,Stationery,Pen Box,96.98,3.0,10.0,290.94,29.09,261.85,Net Banking,Loyalty Member,No
TXN02293,2024-11-09,S005,Pune Retail Hub,Pune,Grocery,Rice (5kg),365.91,8.0,20.0,2927.28,585.46,2341.82,Debit Card,Corporate,No
TXN02294,2024-06-23,S001,Hyderabad Central,Hyderabad,Electronics,Laptop,47421.87,5.0,10.0,237109.35,23710.94,213398.41,Debit Card,Loyalty Member,No
TXN02295,2024-08-11,S004,Mumbai Metro Store,Mumbai,Electronics,Earphones,1554.57,3.0,5.0,4663.71,233.19,4430.52,Debit Card,Walk-in,No
TXN02296,2024-08-16,S001,Hyderabad Central,Hyderabad,Electronics,Mobile Phone,10335.6,1.0,10.0,10335.6,1033.56,9302.04,Net Banking,Loyalty Member,No
TXN02297,2024-10-02,S003,Chennai Express,Chennai,Clothing,Jacket,1933.26,1.0,20.0,1933.26,386.65,1546.61,Credit Card,Corporate,No
TXN02298,2024-05-12,S004,Mumbai Metro Store,Mumbai,Clothing,T-Shirt,594.61,8.0,5.0,4756.88,237.84,4519.04,Credit Card,Loyalty Member,No
TXN02299,2024-04-19,S004,Mumbai Metro Store,Mumbai,Home Appliances,Microwave,6304.91,6.0,5.0,37829.46,1891.47,35937.99,Net Banking,Corporate,No
TXN02300,2024-01-26,S003,Chennai Express,Chennai,Clothing,Jacket,1969.62,7.0,5.0,13787.34,689.37,13097.97,UPI,Loyalty Member,No
TXN02301,2024-07-07,S005,Pune Retail Hub,Pune,Home Appliances,Mixer Grinder,2713.72,7.0,20.0,18996.04,3799.21,15196.83,Net Banking,Loyalty Member,No
TXN02302,2024-06-02,S004,Mumbai Metro Store,Mumbai,Grocery,Spices Pack,96.47,2.0,0.0,192.94,0.0,192.94,Cash,Corporate,No
TXN02303,2024-11-22,S004,Mumbai Metro Store,Mumbai,Grocery,Rice (5kg),338.04,8.0,10.0,2704.32,270.43,2433.89,Net Banking,Online,No
TXN02304,2024-08-30,S003,Chennai Express,Chennai,Grocery,Rice (5kg),345.04,2.0,20.0,690.08,138.02,552.06,UPI,Walk-in,No
TXN02305,2024-12-19,S005,Pune Retail Hub,Pune,Stationery,Stapler,153.59,3.0,15.0,460.77,69.12,391.65,Net Banking,Online,No
TXN02306,2024-12-30,S004,Mumbai Metro Store,Mumbai,Home Appliances,Mixer Grinder,2926.12,2.0,0.0,5852.24,0.0,5852.24,Net Banking,Corporate,No
TXN02307,2024-04-01,S001,Hyderabad Central,Hyderabad,Home Appliances,Fan,1566.99,7.0,20.0,10968.93,2193.79,8775.14,UPI,Corporate,No
TXN02308,2024-05-10,S004,Mumbai Metro Store,Mumbai,Stationery,Pen Box,95.29,8.0,10.0,762.32,76.23,686.09,Net Banking,Walk-in,No
TXN02309,2024-02-13,S003,Chennai Express,Chennai,Clothing,Jeans,1298.27,6.0,10.0,7789.62,778.96,7010.66,Net Banking,Online,No
TXN02310,2024-10-20,S005,Pune Retail Hub,Pune,Electronics,Smart Watch,5913.96,2.0,0.0,11827.92,0.0,11827.92,Debit Card,Corporate,No
TXN02311,2024-07-23,S005,Pune Retail Hub,Pune,Stationery,Calculator,405.11,8.0,10.0,3240.88,324.09,2916.79,Debit Card,Corporate,No
TXN02312,2024-07-23,S002,Banjara Hills Mart,Hyderabad,Grocery,Cooking Oil,198.17,7.0,5.0,1387.19,69.36,1317.83,Credit Card,Corporate,No
TXN02313,2024-11-20,S003,Chennai Express,Chennai,Stationery,Notebook Set,190.0,7.0,0.0,1330.0,0.0,1330.0,Cash,Online,No
TXN02314,2024-11-24,S001,Hyderabad Central,Hyderabad,Home Appliances,Iron Box,857.87,8.0,15.0,6862.96,1029.44,5833.52,Credit Card,Corporate,No
TXN02315,2024-05-02,S002,Banjara Hills Mart,Hyderabad,Grocery,Rice (5kg),343.52,5.0,0.0,1717.6,0.0,1717.6,Credit Card,Loyalty Member,No
TXN02316,2024-02-27,S005,Pune Retail Hub,Pune,Electronics,Laptop,45514.86,2.0,10.0,91029.72,9102.97,81926.75,Cash,Walk-in,No
TXN02317,2024-08-05,S003,Chennai Express,Chennai,Electronics,Earphones,1552.63,2.0,10.0,3105.26,310.53,2794.73,Net Banking,Loyalty Member,No
TXN02318,2024-12-06,S005,Pune Retail Hub,Pune,Electronics,Smart Watch,5835.32,4.0,20.0,23341.28,4668.26,18673.02,Credit Card,Corporate,No
TXN02319,2024-05-19,S005,Pune Retail Hub,Pune,Stationery,Notebook Set,203.8,5.0,0.0,1019.0,0.0,1019.0,Net Banking,Walk-in,No
TXN02320,2024-09-08,S002,Banjara Hills Mart,Hyderabad,Home Appliances,Iron Box,897.91,2.0,20.0,1795.82,359.16,1436.66,Credit Card,Loyalty Member,No
TXN02321,2024-03-26,S005,Pune Retail Hub,Pune,Stationery,Notebook Set,199.36,2.0,0.0,398.72,0.0,398.72,Cash,Online,No
TXN02322,2024-02-25,S001,Hyderabad Central,Hyderabad,Grocery,Cooking Oil,187.94,2.0,20.0,375.88,75.18,300.7,Debit Card,Online,No
TXN02323,2024-01-03,S005,Pune Retail Hub,Pune,Grocery,Flour (10kg),291.59,7.0,20.0,2041.13,408.23,1632.9,UPI,Corporate,No
TXN02324,,S001,Hyderabad Central,Hyderabad,Stationery,Stapler,145.52,8.0,101.0,,,,Debit Card,Loyalty Member,No
TXN02325,2024-08-05,S004,Mumbai Metro Store,Mumbai,Clothing,Jacket,2090.73,4.0,5.0,8362.92,418.15,7944.77,Cash,Online,No
TXN02326,2024-02-03,S003,Chennai Express,Chennai,Home Appliances,Iron Box,869.58,5.0,15.0,4347.9,652.18,3695.72,Credit Card,Walk-in,No
TXN02327,2024-02-13,S005,Pune Retail Hub,Pune,Electronics,Earphones,1495.77,6.0,0.0,8974.62,0.0,8974.62,Debit Card,Loyalty Member,No
TXN02328,2024-08-18,S001,Hyderabad Central,Hyderabad,Clothing,Jacket,1984.14,5.0,10.0,9920.7,992.07,8928.63,Net Banking,Loyalty Member,No
TXN02329,2024-09-16,S005,Pune Retail Hub,Pune,Clothing,Jeans,1260.65,1.0,20.0,1260.65,252.13,1008.52,Net Banking,Walk-in,Yes
TXN02330,2024-10-26,S001,Hyderabad Central,Hyderabad,Stationery,Stapler,155.99,8.0,10.0,1247.92,124.79,1123.13,Debit Card,Corporate,No
TXN02331,2024-05-29,S002,Banjara Hills Mart,Hyderabad,Stationery,Calculator,383.45,6.0,10.0,2300.7,230.07,2070.63,Cash,Online,No
TXN02332,2024-05-09,S005,Pune Retail Hub,Pune,Stationery,Notebook Set,206.52,3.0,15.0,619.56,92.93,526.63,Debit Card,Walk-in,No
TXN02333,2024-09-08,S005,Pune Retail Hub,Pune,Clothing,Jeans,1330.22,7.0,0.0,9311.54,0.0,9311.54,UPI,Online,Yes
TXN02334,2024-03-29,S003,Chennai Express,Chennai,Stationery,File Folder,82.63,8.0,0.0,661.04,0.0,661.04,Credit Card,Online,No
TXN02335,2024-11-21,S004,Mumbai Metro Store,Mumbai,Electronics,Smart Watch,6075.51,1.0,0.0,6075.51,0.0,6075.51,Cash,Walk-in,No
TXN02336,2024-03-06,S001,Hyderabad Central,Hyderabad,Stationery,Calculator,397.42,7.0,0.0,2781.94,0.0,2781.94,Net Banking,Online,No
TXN02337,2024-01-22,S001,Hyderabad Central,Hyderabad,Stationery,Notebook Set,205.44,3.0,0.0,616.32,0.0,616.32,Net Banking,Corporate,No
TXN02338,2024-12-23,S004,Mumbai Metro Store,Mumbai,Stationery,Pen Box,94.63,6.0,0.0,567.78,0.0,567.78,Debit Card,Walk-in,No
TXN02339,2024-02-02,S004,Mumbai Metro Store,Mumbai,Stationery,Stapler,143.07,7.0,10.0,1001.49,100.15,901.34,Debit Card,Loyalty Member,No
TXN02340,2024-04-02,S001,Hyderabad Central,Hyderabad,Home Appliances,Water Purifier,8810.48,4.0,15.0,35241.92,5286.29,29955.63,Debit Card,Corporate,No
TXN02341,2024-08-24,S002,Banjara Hills Mart,Hyderabad,Stationery,File Folder,82.85,7.0,10.0,579.95,57.99,521.96,Credit Card,Walk-in,No
TXN02342,2024-07-10,S005,Pune Retail Hub,Pune,Home Appliances,Fan,1619.18,1.0,15.0,1619.18,242.88,1376.3,UPI,Loyalty Member,No
TXN02343,2024-10-09,S005,Pune Retail Hub,Pune,Stationery,Notebook Set,192.26,4.0,10.0,769.04,76.9,692.14,UPI,Loyalty Member,No
TXN02344,2024-04-28,S003,Chennai Express,Chennai,Stationery,Pen Box,95.85,6.0,5.0,575.1,28.75,546.35,Cash,Corporate,No
TXN02345,2024-02-18,S005,Pune Retail Hub,Pune,Home Appliances,Water Purifier,9065.07,6.0,5.0,54390.42,2719.52,51670.9,Credit Card,Walk-in,Yes
TXN02346,2024-03-21,S001,Hyderabad Central,Hyderabad,Grocery,Flour (10kg),306.78,5.0,5.0,1533.9,76.69,1457.21,Net Banking,Loyalty Member,No
TXN02347,2024-01-26,S004,Mumbai Metro Store,Mumbai,Grocery,Cooking Oil,186.7,5.0,15.0,933.5,140.03,793.47,Debit Card,Loyalty Member,No
TXN02348,,S004,Mumbai Metro Store,Mumbai,Stationery,Calculator,394.61,1.0,,,,,Net Banking,Loyalty Member,No
TXN02349,2024-10-14,S001,Hyderabad Central,Hyderabad,Electronics,Smart Watch,6096.2,1.0,15.0,6096.2,914.43,5181.77,UPI,Corporate,No
TXN02350,2024-12-05,S002,Banjara Hills Mart,Hyderabad,Clothing,Jeans,1333.5,5.0,20.0,6667.5,1333.5,5334.0,Credit Card,Loyalty Member,No
TXN02351,2024-06-08,S004,Mumbai Metro Store,Mumbai,Grocery,Flour (10kg),292.47,1.0,10.0,292.47,29.25,263.22,UPI,Walk-in,No
TXN02352,2024-06-04,S001,Hyderabad Central,Hyderabad,Home Appliances,Mixer Grinder,2755.93,8.0,0.0,22047.44,0.0,22047.44,Cash,Loyalty Member,No
TXN02353,2024-09-20,S002,Banjara Hills Mart,Hyderabad,Electronics,Earphones,1504.54,1.0,10.0,1504.54,150.45,1354.09,Net Banking,Walk-in,No
TXN02354,2024-01-12,S001,Hyderabad Central,Hyderabad,Clothing,Formal Shirt,901.36,1.0,10.0,901.36,90.14,811.22,Credit Card,Walk-in,No
TXN02355,2024-03-19,S003,Chennai Express,Chennai,Electronics,Smart Watch,6085.99,1.0,5.0,6085.99,304.3,5781.69,Cash,Online,No
TXN02356,2024-05-14,S005,Pune Retail Hub,Pune,Home Appliances,Mixer Grinder,2904.43,1.0,10.0,2904.43,290.44,2613.99,Net Banking,Corporate,No
TXN02357,2024-03-11,S004,Mumbai Metro Store,Mumbai,Grocery,Flour (10kg),301.23,3.0,20.0,903.69,180.74,722.95,UPI,Online,No
TXN02358,2024-01-10,S003,Chennai Express,Chennai,Grocery,Flour (10kg),304.02,2.0,0.0,608.04,0.0,608.04,Debit Card,Online,No
TXN02359,2024-07-15,S001,Hyderabad Central,Hyderabad,Electronics,Smart Watch,5958.71,5.0,0.0,29793.55,0.0,29793.55,Credit Card,Walk-in,No
TXN02360,2024-07-28,S001,Hyderabad Central,Hyderabad,Stationery,Pen Box,100.06,3.0,0.0,300.18,0.0,300.18,Debit Card,Online,No
TXN02361,2024-05-27,S003,Chennai Express,Chennai,Stationery,Notebook Set,198.87,6.0,5.0,1193.22,59.66,1133.56,UPI,Loyalty Member,No
TXN02362,2024-01-11,S005,Pune Retail Hub,Pune,Home Appliances,Mixer Grinder,2844.05,2.0,20.0,5688.1,1137.62,4550.48,Cash,Walk-in,No
TXN02363,,S001,Hyderabad Central,Hyderabad,Electronics,Smart Watch,5906.62,,101.0,,,,Cash,Walk-in,No
TXN02364,2024-10-17,S003,Chennai Express,Chennai,Electronics,Earphones,1424.67,8.0,20.0,11397.36,2279.47,9117.89,Credit Card,Walk-in,No
TXN02365,,S004,Mumbai Metro Store,Mumbai,Stationery,Pen Box,103.62,2.0,-5.0,,,,Debit Card,Corporate,No
TXN02366,2024-05-19,S004,Mumbai Metro Store,Mumbai,Electronics,Smart Watch,5837.62,8.0,20.0,46700.96,9340.19,37360.77,Cash,Loyalty Member,No
TXN02367,2024-04-24,S003,Chennai Express,Chennai,Home Appliances,Mixer Grinder,2687.04,3.0,5.0,8061.12,403.06,7658.06,Debit Card,Corporate,No
TXN02368,2024-08-28,S002,Banjara Hills Mart,Hyderabad,Grocery,Spices Pack,101.49,1.0,0.0,101.49,0.0,101.49,Net Banking,Corporate,No
TXN02369,2024-05-17,S002,Banjara Hills Mart,Hyderabad,Clothing,Jeans,1353.54,2.0,5.0,2707.08,135.35,2571.73,Net Banking,Corporate,No
TXN02370,2024-08-26,S001,Hyderabad Central,Hyderabad,Grocery,Flour (10kg),297.11,8.0,10.0,2376.88,237.69,2139.19,UPI,Walk-in,No
TXN02371,2024-06-06,S002,Banjara Hills Mart,Hyderabad,Grocery,Rice (5kg),360.32,6.0,5.0,2161.92,108.1,2053.82,Credit Card,Loyalty Member,No
TXN02372,2024-10-11,S002,Banjara Hills Mart,Hyderabad,Grocery,Spices Pack,101.92,3.0,0.0,305.76,0.0,305.76,Net Banking,Walk-in,No
TXN02373,2024-06-08,S004,Mumbai Metro Store,Mumbai,Grocery,Pulses,155.05,4.0,10.0,620.2,62.02,558.18,Net Banking,Loyalty Member,No
TXN02374,2024-08-10,S005,Pune Retail Hub,Pune,Clothing,Jacket,1997.61,1.0,15.0,1997.61,299.64,1697.97,Credit Card,Corporate,No
TXN02375,2024-07-04,S004,Mumbai Metro Store,Mumbai,Clothing,T-Shirt,599.5,1.0,20.0,599.5,119.9,479.6,UPI,Corporate,No
TXN02376,2024-05-08,S003,Chennai Express,Chennai,Grocery,Spices Pack,103.94,5.0,5.0,519.7,25.98,493.72,UPI,Corporate,No
TXN02377,2024-04-21,S004,Mumbai Metro Store,Mumbai,Stationery,Stapler,144.21,3.0,10.0,432.63,43.26,389.37,Cash,Online,No
TXN02378,2024-12-02,S001,Hyderabad Central,Hyderabad,Stationery,File Folder,78.94,5.0,10.0,394.7,39.47,355.23,Credit Card,Walk-in,No
TXN02379,2024-08-25,S005,Pune Retail Hub,Pune,Clothing,Jacket,1939.75,5.0,20.0,9698.75,1939.75,7759.0,Debit Card,Online,No
TXN02380,2024-07-25,S005,Pune Retail Hub,Pune,Grocery,Flour (10kg),287.33,7.0,0.0,2011.31,0.0,2011.31,Debit Card,Online,No
TXN02381,2024-03-07,S001,Hyderabad Central,Hyderabad,Home Appliances,Mixer Grinder,2915.77,2.0,10.0,5831.54,583.15,5248.39,UPI,Walk-in,No
TXN02382,2024-03-02,S001,Hyderabad Central,Hyderabad,Grocery,Cooking Oil,183.14,1.0,20.0,183.14,36.63,146.51,UPI,Loyalty Member,No
TXN02383,2024-06-17,S002,Banjara Hills Mart,Hyderabad,Electronics,Laptop,47286.06,8.0,10.0,378288.48,37828.85,340459.63,UPI,Loyalty Member,No
TXN02384,2024-11-22,S005,Pune Retail Hub,Pune,Home Appliances,Mixer Grinder,2744.43,2.0,20.0,5488.86,1097.77,4391.09,Debit Card,Online,No
TXN02385,2024-05-22,S002,Banjara Hills Mart,Hyderabad,Clothing,Jeans,1279.34,2.0,20.0,2558.68,511.74,2046.94,UPI,Loyalty Member,No
TXN02386,2024-09-18,S003,Chennai Express,Chennai,Electronics,Tablet,19222.66,4.0,15.0,76890.64,11533.6,65357.04,UPI,Online,No
TXN02387,2024-12-05,S002,Banjara Hills Mart,Hyderabad,Stationery,Pen Box,100.29,1.0,20.0,100.29,20.06,80.23,Debit Card,Loyalty Member,No
TXN02388,2024-02-05,S001,Hyderabad Central,Hyderabad,Electronics,Smart Watch,5995.48,2.0,15.0,11990.96,1798.64,10192.32,Net Banking,Corporate,No
TXN02389,2024-08-17,S003,Chennai Express,Chennai,Electronics,Laptop,47785.87,7.0,20.0,334501.09,66900.22,267600.87,Cash,Corporate,No
TXN02390,2024-11-14,S002,Banjara Hills Mart,Hyderabad,Grocery,Cooking Oil,182.49,2.0,5.0,364.98,18.25,346.73,Debit Card,Online,No
TXN02391,2024-04-23,S003,Chennai Express,Chennai,Clothing,Saree,2601.84,5.0,20.0,13009.2,2601.84,10407.36,Net Banking,Online,No
TXN02392,2024-11-16,S002,Banjara Hills Mart,Hyderabad,Electronics,Smart Watch,6003.96,3.0,10.0,18011.88,1801.19,16210.69,Cash,Corporate,No
TXN02393,2024-01-15,S005,Pune Retail Hub,Pune,Clothing,Formal Shirt,893.53,6.0,10.0,5361.18,536.12,4825.06,Cash,Loyalty Member,No
TXN02394,2024-02-21,S003,Chennai Express,Chennai,Electronics,Earphones,1523.68,3.0,20.0,4571.04,914.21,3656.83,Debit Card,Online,No
TXN02395,2024-10-31,S005,Pune Retail Hub,Pune,Home Appliances,Fan,1636.14,1.0,10.0,1636.14,163.61,1472.53,UPI,Walk-in,No
TXN02396,2024-04-03,S005,Pune Retail Hub,Pune,Grocery,Cooking Oil,181.33,6.0,0.0,1087.98,0.0,1087.98,Debit Card,Online,No
TXN02397,2024-12-28,S005,Pune Retail Hub,Pune,Stationery,Calculator,401.15,5.0,20.0,2005.75,401.15,1604.6,Credit Card,Corporate,No
TXN02398,2024-03-26,S005,Pune Retail Hub,Pune,Home Appliances,Iron Box,900.2,4.0,20.0,3600.8,720.16,2880.64,Net Banking,Walk-in,No
TXN02399,2024-10-12,S001,Hyderabad Central,Hyderabad,Stationery,Stapler,150.89,5.0,20.0,754.45,150.89,603.56,Cash,Corporate,No
TXN02400,2024-08-01,S003,Chennai Express,Chennai,Stationery,Pen Box,94.53,3.0,0.0,283.59,0.0,283.59,Cash,Online,No
TXN02401,2024-01-23,S004,Mumbai Metro Store,Mumbai,Clothing,Jeans,1330.61,6.0,5.0,7983.66,399.18,7584.48,Net Banking,Online,No
TXN02402,2024-04-10,S003,Chennai Express,Chennai,Stationery,Calculator,389.76,2.0,5.0,779.52,38.98,740.54,Net Banking,Loyalty Member,No
TXN02403,2024-09-01,S005,Pune Retail Hub,Pune,Grocery,Pulses,148.35,5.0,15.0,741.75,111.26,630.49,UPI,Loyalty Member,No
TXN02404,,S001,Hyderabad Central,Hyderabad,Grocery,Pulses,152.29,4.0,-5.0,,,,Net Banking,Loyalty Member,No
TXN02405,2024-08-28,S004,Mumbai Metro Store,Mumbai,Clothing,Jacket,2053.14,8.0,15.0,16425.12,2463.77,13961.35,UPI,Walk-in,Yes
TXN02406,2024-06-05,S001,Hyderabad Central,Hyderabad,Home Appliances,Fan,1565.18,3.0,5.0,4695.54,234.78,4460.76,Net Banking,Walk-in,No
TXN02407,2024-06-21,S003,Chennai Express,Chennai,Home Appliances,Water Purifier,9113.03,5.0,20.0,45565.15,9113.03,36452.12,Net Banking,Corporate,No
TXN02408,,S005,Pune Retail Hub,Pune,Clothing,Jacket,1933.46,,101.0,,,,Cash,Walk-in,No
TXN02409,2024-06-18,S002,Banjara Hills Mart,Hyderabad,Home Appliances,Iron Box,933.82,6.0,10.0,5602.92,560.29,5042.63,Credit Card,Corporate,No
TXN02410,2024-11-23,S004,Mumbai Metro Store,Mumbai,Home Appliances,Fan,1616.05,4.0,20.0,6464.2,1292.84,5171.36,Net Banking,Online,No
TXN02411,2024-10-12,S001,Hyderabad Central,Hyderabad,Clothing,Saree,2522.14,6.0,5.0,15132.84,756.64,14376.2,Net Banking,Corporate,No
TXN02412,2024-12-29,S005,Pune Retail Hub,Pune,Home Appliances,Mixer Grinder,2801.85,7.0,5.0,19612.95,980.65,18632.3,Cash,Walk-in,No
TXN02413,2024-09-23,S001,Hyderabad Central,Hyderabad,Home Appliances,Fan,1630.47,8.0,10.0,13043.76,1304.38,11739.38,Credit Card,Corporate,No
TXN02414,2024-10-01,S004,Mumbai Metro Store,Mumbai,Electronics,Earphones,1547.16,8.0,10.0,12377.28,1237.73,11139.55,Debit Card,Loyalty Member,No
TXN02415,2024-04-15,S001,Hyderabad Central,Hyderabad,Clothing,T-Shirt,577.62,6.0,5.0,3465.72,173.29,3292.43,Cash,Loyalty Member,No
TXN02416,2024-01-10,S005,Pune Retail Hub,Pune,Electronics,Earphones,1501.25,7.0,20.0,10508.75,2101.75,8407.0,Credit Card,Corporate,No
TXN02417,2024-12-29,S005,Pune Retail Hub,Pune,Stationery,Calculator,404.62,3.0,5.0,1213.86,60.69,1153.17,UPI,Corporate,Yes
TXN02418,2024-11-06,S003,Chennai Express,Chennai,Electronics,Smart Watch,6065.7,4.0,10.0,24262.8,2426.28,21836.52,Credit Card,Online,No
TXN02419,2024-07-30,S004,Mumbai Metro Store,Mumbai,Home Appliances,Mixer Grinder,2923.51,3.0,10.0,8770.53,877.05,7893.48,Credit Card,Loyalty Member,No
TXN02420,2024-09-16,S001,Hyderabad Central,Hyderabad,Stationery,Pen Box,103.14,3.0,0.0,309.42,0.0,309.42,Credit Card,Online,No
TXN02421,2024-03-16,S002,Banjara Hills Mart,Hyderabad,Grocery,Rice (5kg),340.09,5.0,5.0,1700.45,85.02,1615.43,Cash,Loyalty Member,No
TXN02422,2024-05-12,S005,Pune Retail Hub,Pune,Electronics,Laptop,47901.11,7.0,10.0,335307.77,33530.78,301776.99,Net Banking,Online,No
TXN02423,2024-02-22,S002,Banjara Hills Mart,Hyderabad,Electronics,Mobile Phone,9560.45,7.0,15.0,66923.15,10038.47,56884.68,Net Banking,Walk-in,No
TXN02424,2024-04-06,S002,Banjara Hills Mart,Hyderabad,Grocery,Rice (5kg),362.56,8.0,10.0,2900.48,290.05,2610.43,Credit Card,Loyalty Member,No
TXN02425,2024-09-14,S001,Hyderabad Central,Hyderabad,Stationery,File Folder,81.85,2.0,10.0,163.7,16.37,147.33,Debit Card,Corporate,No
TXN02426,2024-01-08,S004,Mumbai Metro Store,Mumbai,Clothing,T-Shirt,605.31,4.0,15.0,2421.24,363.19,2058.05,Debit Card,Loyalty Member,No
TXN02427,,S005,Pune Retail Hub,Pune,Stationery,Pen Box,95.58,,-5.0,,,,Net Banking,Online,No
TXN02428,2024-11-01,S005,Pune Retail Hub,Pune,Stationery,Pen Box,94.61,7.0,0.0,662.27,0.0,662.27,Net Banking,Corporate,No
TXN02429,2024-06-26,S005,Pune Retail Hub,Pune,Stationery,Notebook Set,200.95,7.0,10.0,1406.65,140.66,1265.99,Net Banking,Loyalty Member,No
TXN02430,2024-07-06,S005,Pune Retail Hub,Pune,Home Appliances,Fan,1595.47,2.0,15.0,3190.94,478.64,2712.3,Net Banking,Loyalty Member,No
TXN02431,2024-02-27,S003,Chennai Express,Chennai,Home Appliances,Water Purifier,9309.32,4.0,20.0,37237.28,7447.46,29789.82,UPI,Loyalty Member,No
TXN02432,2024-07-28,S002,Banjara Hills Mart,Hyderabad,Grocery,Flour (10kg),301.08,2.0,20.0,602.16,120.43,481.73,UPI,Walk-in,No
TXN02433,2024-07-26,S005,Pune Retail Hub,Pune,Clothing,Jacket,2058.79,1.0,10.0,2058.79,205.88,1852.91,UPI,Online,No
TXN02434,2024-08-06,S005,Pune Retail Hub,Pune,Grocery,Spices Pack,95.25,7.0,5.0,666.75,33.34,633.41,Cash,Online,No
TXN02435,2024-12-10,S001,Hyderabad Central,Hyderabad,Grocery,Flour (10kg),298.74,1.0,15.0,298.74,44.81,253.93,Credit Card,Online,No
TXN02436,2024-08-22,S001,Hyderabad Central,Hyderabad,Stationery,File Folder,76.56,2.0,5.0,153.12,7.66,145.46,Cash,Online,No
TXN02437,,S001,Hyderabad Central,Hyderabad,Electronics,Tablet,19538.5,8.0,101.0,,,,Credit Card,Corporate,No
TXN02438,2024-11-04,S005,Pune Retail Hub,Pune,Clothing,Jeans,1296.18,7.0,5.0,9073.26,453.66,8619.6,Credit Card,Corporate,No
TXN02439,2024-04-09,S003,Chennai Express,Chennai,Grocery,Rice (5kg),339.38,5.0,5.0,1696.9,84.84,1612.06,Net Banking,Loyalty Member,No
TXN02440,2024-03-23,S003,Chennai Express,Chennai,Stationery,Stapler,153.75,3.0,20.0,461.25,92.25,369.0,Credit Card,Loyalty Member,No
TXN02441,2024-10-02,S003,Chennai Express,Chennai,Grocery,Flour (10kg),293.02,1.0,10.0,293.02,29.3,263.72,Net Banking,Walk-in,No
TXN02442,,S002,Banjara Hills Mart,Hyderabad,Grocery,Flour (10kg),308.93,6.0,,,,,Debit Card,Corporate,No
TXN02443,2024-07-22,S005,Pune Retail Hub,Pune,Home Appliances,Iron Box,902.21,3.0,10.0,2706.63,270.66,2435.97,Debit Card,Corporate,No
TXN02444,2024-02-09,S004,Mumbai Metro Store,Mumbai,Grocery,Pulses,145.52,5.0,5.0,727.6,36.38,691.22,Net Banking,Loyalty Member,No
TXN02445,2024-01-01,S005,Pune Retail Hub,Pune,Clothing,Jeans,1339.48,8.0,20.0,10715.84,2143.17,8572.67,Credit Card,Walk-in,No
TXN02446,2024-03-13,S004,Mumbai Metro Store,Mumbai,Grocery,Spices Pack,103.52,2.0,5.0,207.04,10.35,196.69,Debit Card,Corporate,No
TXN02447,2024-06-08,S004,Mumbai Metro Store,Mumbai,Stationery,Pen Box,103.67,2.0,0.0,207.34,0.0,207.34,Debit Card,Corporate,No
TXN02448,2024-07-11,S001,Hyderabad Central,Hyderabad,Stationery,Pen Box,99.88,4.0,5.0,399.52,19.98,379.54,UPI,Loyalty Member,Yes
TXN02449,2024-08-01,S002,Banjara Hills Mart,Hyderabad,Home Appliances,Microwave,6223.23,2.0,5.0,12446.46,622.32,11824.14,Credit Card,Loyalty Member,No
TXN02450,2024-10-15,S001,Hyderabad Central,Hyderabad,Stationery,Stapler,144.82,1.0,20.0,144.82,28.96,115.86,Net Banking,Online,No
TXN02451,2024-09-02,S004,Mumbai Metro Store,Mumbai,Clothing,Formal Shirt,862.9,4.0,10.0,3451.6,345.16,3106.44,Net Banking,Loyalty Member,No
TXN02452,2024-02-13,S005,Pune Retail Hub,Pune,Home Appliances,Water Purifier,8810.22,2.0,0.0,17620.44,0.0,17620.44,Debit Card,Walk-in,No
TXN02453,2024-05-10,S003,Chennai Express,Chennai,Home Appliances,Microwave,6750.04,4.0,10.0,27000.16,2700.02,24300.14,Cash,Online,No
TXN02454,2024-05-02,S002,Banjara Hills Mart,Hyderabad,Electronics,Mobile Phone,9752.98,5.0,20.0,48764.9,9752.98,39011.92,Credit Card,Walk-in,No
TXN02455,2024-03-20,S005,Pune Retail Hub,Pune,Grocery,Pulses,154.24,4.0,10.0,616.96,61.7,555.26,Cash,Walk-in,No
TXN02456,2024-01-24,S002,Banjara Hills Mart,Hyderabad,Home Appliances,Fan,1545.27,7.0,5.0,10816.89,540.84,10276.05,UPI,Corporate,No
TXN02457,2024-06-24,S005,Pune Retail Hub,Pune,Clothing,T-Shirt,597.68,1.0,5.0,597.68,29.88,567.8,Net Banking,Walk-in,No
TXN02458,2024-09-03,S004,Mumbai Metro Store,Mumbai,Stationery,Calculator,408.33,1.0,0.0,408.33,0.0,408.33,Cash,Online,No
TXN02459,2024-11-19,S005,Pune Retail Hub,Pune,Home Appliances,Fan,1662.71,6.0,20.0,9976.26,1995.25,7981.01,Debit Card,Online,No
TXN02460,2024-07-07,S002,Banjara Hills Mart,Hyderabad,Home Appliances,Iron Box,936.59,1.0,10.0,936.59,93.66,842.93,Cash,Loyalty Member,No
TXN02461,2024-08-12,S003,Chennai Express,Chennai,Grocery,Pulses,148.92,2.0,0.0,297.84,0.0,297.84,Credit Card,Corporate,No
TXN02462,2024-08-22,S001,Hyderabad Central,Hyderabad,Grocery,Flour (10kg),306.86,6.0,10.0,1841.16,184.12,1657.04,UPI,Corporate,No
TXN02463,2024-07-16,S001,Hyderabad Central,Hyderabad,Electronics,Smart Watch,6136.51,6.0,0.0,36819.06,0.0,36819.06,Credit Card,Corporate,No
TXN02464,2024-01-08,S002,Banjara Hills Mart,Hyderabad,Grocery,Spices Pack,94.94,3.0,5.0,284.82,14.24,270.58,Debit Card,Walk-in,No
TXN02465,2024-04-06,S001,Hyderabad Central,Hyderabad,Stationery,File Folder,79.25,8.0,20.0,634.0,126.8,507.2,Debit Card,Loyalty Member,No
TXN02466,2024-05-18,S002,Banjara Hills Mart,Hyderabad,Home Appliances,Fan,1545.68,3.0,5.0,4637.04,231.85,4405.19,Net Banking,Walk-in,No
TXN02467,2024-03-18,S001,Hyderabad Central,Hyderabad,Grocery,Rice (5kg),357.1,7.0,15.0,2499.7,374.95,2124.75,Credit Card,Walk-in,No
TXN02468,2024-09-12,S002,Banjara Hills Mart,Hyderabad,Electronics,Smart Watch,5892.91,2.0,5.0,11785.82,589.29,11196.53,UPI,Loyalty Member,No
TXN02469,2024-01-06,S005,Pune Retail Hub,Pune,Stationery,Pen Box,94.18,1.0,0.0,94.18,0.0,94.18,Cash,Walk-in,No
TXN02470,2024-09-17,S001,Hyderabad Central,Hyderabad,Home Appliances,Water Purifier,8817.06,7.0,10.0,61719.42,6171.94,55547.48,Credit Card,Walk-in,No
TXN02471,2024-09-18,S004,Mumbai Metro Store,Mumbai,Electronics,Smart Watch,5989.09,4.0,20.0,23956.36,4791.27,19165.09,UPI,Loyalty Member,No
TXN02472,2024-07-22,S002,Banjara Hills Mart,Hyderabad,Stationery,File Folder,78.25,1.0,15.0,78.25,11.74,66.51,UPI,Loyalty Member,Yes
TXN02473,2024-07-30,S005,Pune Retail Hub,Pune,Grocery,Flour (10kg),292.08,6.0,10.0,1752.48,175.25,1577.23,Cash,Corporate,No
TXN02474,2024-06-23,S005,Pune Retail Hub,Pune,Grocery,Rice (5kg),343.31,6.0,0.0,2059.86,0.0,2059.86,UPI,Loyalty Member,No
TXN02475,2024-05-02,S004,Mumbai Metro Store,Mumbai,Electronics,Smart Watch,5748.34,4.0,0.0,22993.36,0.0,22993.36,Net Banking,Online,No
TXN02476,2024-05-30,S001,Hyderabad Central,Hyderabad,Electronics,Smart Watch,6258.84,6.0,5.0,37553.04,1877.65,35675.39,Net Banking,Online,No
TXN02477,2024-02-22,S003,Chennai Express,Chennai,Clothing,T-Shirt,586.07,1.0,10.0,586.07,58.61,527.46,Debit Card,Loyalty Member,No
TXN02478,2024-12-03,S002,Banjara Hills Mart,Hyderabad,Stationery,Stapler,154.12,4.0,15.0,616.48,92.47,524.01,Credit Card,Online,No
TXN02479,2024-08-14,S004,Mumbai Metro Store,Mumbai,Stationery,Calculator,416.77,7.0,10.0,2917.39,291.74,2625.65,Credit Card,Loyalty Member,No
TXN02480,2024-12-27,S003,Chennai Express,Chennai,Electronics,Tablet,18206.5,8.0,5.0,145652.0,7282.6,138369.4,Debit Card,Online,No
TXN02481,2024-11-05,S004,Mumbai Metro Store,Mumbai,Grocery,Pulses,155.41,1.0,5.0,155.41,7.77,147.64,Credit Card,Online,No
TXN02482,2024-08-28,S005,Pune Retail Hub,Pune,Grocery,Pulses,149.72,6.0,15.0,898.32,134.75,763.57,Credit Card,Loyalty Member,No
TXN02483,2024-09-16,S005,Pune Retail Hub,Pune,Home Appliances,Mixer Grinder,2903.49,4.0,5.0,11613.96,580.7,11033.26,UPI,Walk-in,No
TXN02484,,S005,Pune Retail Hub,Pune,Stationery,Stapler,145.71,9.0,,,,,Cash,Online,No
TXN02485,2024-06-20,S005,Pune Retail Hub,Pune,Home Appliances,Water Purifier,8767.48,5.0,20.0,43837.4,8767.48,35069.92,Net Banking,Loyalty Member,No
TXN02486,2024-02-07,S003,Chennai Express,Chennai,Electronics,Earphones,1537.47,3.0,20.0,4612.41,922.48,3689.93,Net Banking,Corporate,No
TXN02487,2024-06-23,S002,Banjara Hills Mart,Hyderabad,Home Appliances,Fan,1551.81,4.0,10.0,6207.24,620.72,5586.52,Credit Card,Loyalty Member,No
TXN02488,,S004,Mumbai Metro Store,Mumbai,Grocery,Pulses,156.33,6.0,,,,,Debit Card,Loyalty Member,No
TXN02489,2024-04-29,S003,Chennai Express,Chennai,Home Appliances,Fan,1520.56,3.0,10.0,4561.68,456.17,4105.51,UPI,Walk-in,No
TXN02490,2024-03-22,S005,Pune Retail Hub,Pune,Home Appliances,Fan,1526.72,3.0,20.0,4580.16,916.03,3664.13,UPI,Loyalty Member,No
TXN02491,2024-05-04,S001,Hyderabad Central,Hyderabad,Grocery,Cooking Oil,181.39,7.0,5.0,1269.73,63.49,1206.24,Net Banking,Walk-in,No
TXN02492,2024-09-20,S005,Pune Retail Hub,Pune,Electronics,Earphones,1509.89,4.0,20.0,6039.56,1207.91,4831.65,Credit Card,Loyalty Member,No
TXN02493,2024-03-29,S001,Hyderabad Central,Hyderabad,Stationery,Calculator,397.18,7.0,0.0,2780.26,0.0,2780.26,Debit Card,Walk-in,No
TXN02494,2024-02-24,S003,Chennai Express,Chennai,Grocery,Cooking Oil,197.19,5.0,0.0,985.95,0.0,985.95,Debit Card,Walk-in,Yes
TXN02495,2024-05-29,S005,Pune Retail Hub,Pune,Electronics,Laptop,45349.48,1.0,5.0,45349.48,2267.47,43082.01,Cash,Loyalty Member,No
TXN02496,2024-12-17,S003,Chennai Express,Chennai,Stationery,File Folder,76.9,8.0,15.0,615.2,92.28,522.92,Net Banking,Loyalty Member,No
TXN02497,2024-05-06,S001,Hyderabad Central,Hyderabad,Home Appliances,Water Purifier,8976.45,8.0,5.0,71811.6,3590.58,68221.02,Net Banking,Online,No
TXN02498,2024-09-19,S003,Chennai Express,Chennai,Stationery,Pen Box,94.38,8.0,5.0,755.04,37.75,717.29,Credit Card,Online,No
TXN02499,2024-08-16,S003,Chennai Express,Chennai,Stationery,Notebook Set,204.62,8.0,10.0,1636.96,163.7,1473.26,Credit Card,Loyalty Member,No
TXN02500,2024-10-24,S001,Hyderabad Central,Hyderabad,Home Appliances,Microwave,6373.36,4.0,15.0,25493.44,3824.02,21669.42,Net Banking,Walk-in,No
TXN02501,2024-10-28,S004,Mumbai Metro Store,Mumbai,Stationery,Stapler,151.45,7.0,5.0,1060.15,53.01,1007.14,UPI,Loyalty Member,No
TXN02502,2024-07-18,S001,Hyderabad Central,Hyderabad,Home Appliances,Water Purifier,8588.86,4.0,10.0,34355.44,3435.54,30919.9,Credit Card,Walk-in,No
TXN02503,2024-04-20,S004,Mumbai Metro Store,Mumbai,Grocery,Pulses,155.32,3.0,5.0,465.96,23.3,442.66,Credit Card,Loyalty Member,No
TXN02504,2024-10-03,S005,Pune Retail Hub,Pune,Grocery,Spices Pack,101.27,2.0,0.0,202.54,0.0,202.54,Credit Card,Loyalty Member,No
TXN02505,2024-05-15,S003,Chennai Express,Chennai,Grocery,Cooking Oil,195.54,6.0,15.0,1173.24,175.99,997.25,UPI,Walk-in,No
TXN02506,2024-10-30,S002,Banjara Hills Mart,Hyderabad,Home Appliances,Microwave,6581.59,2.0,10.0,13163.18,1316.32,11846.86,Debit Card,Online,No
TXN02507,2024-08-16,S001,Hyderabad Central,Hyderabad,Home Appliances,Iron Box,885.67,7.0,0.0,6199.69,0.0,6199.69,Net Banking,Online,No
TXN02508,2024-12-28,S005,Pune Retail Hub,Pune,Electronics,Earphones,1505.27,1.0,15.0,1505.27,225.79,1279.48,Cash,Corporate,No
TXN02509,2024-10-22,S001,Hyderabad Central,Hyderabad,Grocery,Rice (5kg),341.92,3.0,0.0,1025.76,0.0,1025.76,Credit Card,Walk-in,No
TXN02510,2024-04-23,S001,Hyderabad Central,Hyderabad,Electronics,Mobile Phone,9775.51,2.0,20.0,19551.02,3910.2,15640.82,Credit Card,Corporate,No
TXN02511,2024-12-17,S004,Mumbai Metro Store,Mumbai,Grocery,Rice (5kg),350.21,5.0,15.0,1751.05,262.66,1488.39,Credit Card,Loyalty Member,Yes
TXN02512,2024-06-21,S003,Chennai Express,Chennai,Home Appliances,Fan,1560.46,1.0,0.0,1560.46,0.0,1560.46,Debit Card,Loyalty Member,No
TXN02513,2024-12-14,S004,Mumbai Metro Store,Mumbai,Grocery,Spices Pack,95.15,1.0,5.0,95.15,4.76,90.39,Cash,Walk-in,No
TXN02514,2024-01-21,S003,Chennai Express,Chennai,Stationery,Pen Box,95.07,1.0,5.0,95.07,4.75,90.32,Net Banking,Loyalty Member,No
TXN02515,2024-12-20,S002,Banjara Hills Mart,Hyderabad,Clothing,Saree,2463.55,6.0,5.0,14781.3,739.07,14042.23,Debit Card,Online,No
TXN02516,2024-11-23,S002,Banjara Hills Mart,Hyderabad,Stationery,File Folder,76.77,7.0,20.0,537.39,107.48,429.91,Net Banking,Corporate,Yes
TXN02517,2024-10-10,S005,Pune Retail Hub,Pune,Electronics,Laptop,45389.15,5.0,15.0,226945.75,34041.86,192903.89,Cash,Loyalty Member,No
TXN02518,2024-03-13,S001,Hyderabad Central,Hyderabad,Grocery,Flour (10kg),309.4,6.0,5.0,1856.4,92.82,1763.58,UPI,Corporate,No
TXN02519,2024-02-19,S001,Hyderabad Central,Hyderabad,Grocery,Cooking Oil,187.61,2.0,10.0,375.22,37.52,337.7,Net Banking,Online,No
TXN02520,2024-06-06,S003,Chennai Express,Chennai,Clothing,Jeans,1307.37,2.0,15.0,2614.74,392.21,2222.53,Debit Card,Online,No
TXN02521,2024-03-16,S004,Mumbai Metro Store,Mumbai,Electronics,Smart Watch,5778.42,7.0,15.0,40448.94,6067.34,34381.6,Credit Card,Corporate,No
TXN02522,2024-05-07,S004,Mumbai Metro Store,Mumbai,Electronics,Mobile Phone,9591.03,2.0,5.0,19182.06,959.1,18222.96,Credit Card,Corporate,No
TXN02523,2024-12-08,S003,Chennai Express,Chennai,Clothing,Saree,2391.44,4.0,20.0,9565.76,1913.15,7652.61,Net Banking,Walk-in,No
TXN02524,2024-01-12,S004,Mumbai Metro Store,Mumbai,Stationery,Calculator,386.57,8.0,5.0,3092.56,154.63,2937.93,Credit Card,Loyalty Member,No
TXN02525,2024-12-20,S002,Banjara Hills Mart,Hyderabad,Electronics,Earphones,1461.23,7.0,10.0,10228.61,1022.86,9205.75,UPI,Loyalty Member,No
TXN02526,2024-02-13,S004,Mumbai Metro Store,Mumbai,Stationery,Pen Box,95.15,6.0,10.0,570.9,57.09,513.81,Credit Card,Online,No
TXN02527,2024-04-04,S003,Chennai Express,Chennai,Clothing,Formal Shirt,929.0,8.0,5.0,7432.0,371.6,7060.4,Credit Card,Online,No
TXN02528,2024-12-12,S001,Hyderabad Central,Hyderabad,Grocery,Flour (10kg),285.61,3.0,15.0,856.83,128.52,728.31,Cash,Online,No
TXN02529,2024-01-24,S004,Mumbai Metro Store,Mumbai,Stationery,Pen Box,98.23,5.0,5.0,491.15,24.56,466.59,Credit Card,Corporate,No
TXN02530,2024-07-30,S001,Hyderabad Central,Hyderabad,Home Appliances,Fan,1520.86,5.0,20.0,7604.3,1520.86,6083.44,Cash,Loyalty Member,No
TXN02531,2024-09-03,S005,Pune Retail Hub,Pune,Home Appliances,Iron Box,876.82,5.0,20.0,4384.1,876.82,3507.28,Debit Card,Corporate,No
TXN02532,2024-12-09,S004,Mumbai Metro Store,Mumbai,Grocery,Flour (10kg),294.31,8.0,10.0,2354.48,235.45,2119.03,Net Banking,Online,No
TXN02533,2024-12-06,S005,Pune Retail Hub,Pune,Stationery,Stapler,143.92,8.0,10.0,1151.36,115.14,1036.22,Debit Card,Corporate,No
TXN02534,2024-05-11,S003,Chennai Express,Chennai,Electronics,Laptop,44786.93,7.0,20.0,313508.51,62701.7,250806.81,Credit Card,Online,No
TXN02535,2024-08-31,S003,Chennai Express,Chennai,Clothing,T-Shirt,589.57,6.0,20.0,3537.42,707.48,2829.94,Cash,Corporate,No
TXN02536,2024-01-31,S005,Pune Retail Hub,Pune,Grocery,Rice (5kg),333.26,8.0,15.0,2666.08,399.91,2266.17,Credit Card,Loyalty Member,No
TXN02537,2024-04-20,S004,Mumbai Metro Store,Mumbai,Electronics,Earphones,1490.74,3.0,10.0,4472.22,447.22,4025.0,Cash,Online,No
TXN02538,2024-08-25,S001,Hyderabad Central,Hyderabad,Grocery,Flour (10kg),295.79,6.0,15.0,1774.74,266.21,1508.53,Credit Card,Walk-in,No
TXN02539,2024-08-18,S003,Chennai Express,Chennai,Clothing,T-Shirt,576.47,2.0,20.0,1152.94,230.59,922.35,Net Banking,Loyalty Member,No
TXN02540,2024-03-18,S001,Hyderabad Central,Hyderabad,Home Appliances,Water Purifier,9003.81,1.0,0.0,9003.81,0.0,9003.81,Net Banking,Corporate,No
TXN02541,2024-02-14,S001,Hyderabad Central,Hyderabad,Home Appliances,Microwave,6741.68,4.0,15.0,26966.72,4045.01,22921.71,Cash,Walk-in,No
TXN02542,2024-04-01,S003,Chennai Express,Chennai,Electronics,Tablet,18095.99,7.0,0.0,126671.93,0.0,126671.93,UPI,Walk-in,No
TXN02543,2024-08-21,S001,Hyderabad Central,Hyderabad,Electronics,Earphones,1450.31,3.0,0.0,4350.93,0.0,4350.93,Cash,Walk-in,Yes
TXN02544,2024-07-30,S002,Banjara Hills Mart,Hyderabad,Electronics,Tablet,18801.91,4.0,0.0,75207.64,0.0,75207.64,Cash,Walk-in,No
TXN02545,2024-11-01,S003,Chennai Express,Chennai,Stationery,Stapler,151.83,8.0,0.0,1214.64,0.0,1214.64,Debit Card,Corporate,No
TXN02546,2024-11-16,S002,Banjara Hills Mart,Hyderabad,Grocery,Pulses,145.58,6.0,10.0,873.48,87.35,786.13,Credit Card,Corporate,No
TXN02547,2024-04-25,S002,Banjara Hills Mart,Hyderabad,Electronics,Tablet,18309.91,3.0,15.0,54929.73,8239.46,46690.27,Cash,Online,No
TXN02548,2024-06-04,S004,Mumbai Metro Store,Mumbai,Grocery,Pulses,152.25,1.0,10.0,152.25,15.22,137.03,Net Banking,Online,No
TXN02549,2024-02-05,S001,Hyderabad Central,Hyderabad,Stationery,Pen Box,102.7,6.0,5.0,616.2,30.81,585.39,UPI,Corporate,No
TXN02550,2024-02-16,S005,Pune Retail Hub,Pune,Grocery,Flour (10kg),288.28,1.0,15.0,288.28,43.24,245.04,Cash,Loyalty Member,Yes
TXN02551,2024-05-04,S005,Pune Retail Hub,Pune,Clothing,Formal Shirt,867.36,7.0,5.0,6071.52,303.58,5767.94,Credit Card,Corporate,No
TXN02552,2024-04-25,S005,Pune Retail Hub,Pune,Grocery,Cooking Oil,183.68,5.0,0.0,918.4,0.0,918.4,Debit Card,Online,No
TXN02553,2024-07-25,S002,Banjara Hills Mart,Hyderabad,Grocery,Spices Pack,102.02,8.0,15.0,816.16,122.42,693.74,Net Banking,Corporate,No
TXN02554,2024-06-03,S005,Pune Retail Hub,Pune,Stationery,Notebook Set,198.13,6.0,10.0,1188.78,118.88,1069.9,UPI,Online,Yes
TXN02555,2024-05-19,S004,Mumbai Metro Store,Mumbai,Home Appliances,Fan,1666.75,4.0,10.0,6667.0,666.7,6000.3,UPI,Online,No
TXN02556,2024-06-02,S003,Chennai Express,Chennai,Grocery,Rice (5kg),342.83,6.0,0.0,2056.98,0.0,2056.98,Debit Card,Online,No
TXN02557,2024-10-10,S004,Mumbai Metro Store,Mumbai,Clothing,Saree,2544.69,3.0,0.0,7634.07,0.0,7634.07,Net Banking,Online,No
TXN02558,2024-02-16,S005,Pune Retail Hub,Pune,Grocery,Pulses,151.32,1.0,10.0,151.32,15.13,136.19,Debit Card,Online,No
TXN02559,2024-07-15,S002,Banjara Hills Mart,Hyderabad,Clothing,Jacket,2031.59,4.0,5.0,8126.36,406.32,7720.04,Credit Card,Corporate,No
TXN02560,2024-06-27,S003,Chennai Express,Chennai,Home Appliances,Fan,1669.9,3.0,5.0,5009.7,250.49,4759.21,Net Banking,Corporate,No
TXN02561,2024-12-04,S002,Banjara Hills Mart,Hyderabad,Stationery,Notebook Set,195.42,5.0,15.0,977.1,146.56,830.54,Credit Card,Online,No
TXN02562,2024-04-14,S004,Mumbai Metro Store,Mumbai,Grocery,Spices Pack,95.81,2.0,15.0,191.62,28.74,162.88,Net Banking,Walk-in,No
TXN02563,2024-01-20,S003,Chennai Express,Chennai,Clothing,Jeans,1299.34,1.0,15.0,1299.34,194.9,1104.44,Debit Card,Corporate,No
TXN02564,2024-04-27,S005,Pune Retail Hub,Pune,Home Appliances,Fan,1632.02,6.0,0.0,9792.12,0.0,9792.12,Credit Card,Loyalty Member,No
TXN02565,2024-04-25,S003,Chennai Express,Chennai,Clothing,T-Shirt,592.32,8.0,0.0,4738.56,0.0,4738.56,Credit Card,Loyalty Member,No
TXN02566,2024-01-26,S003,Chennai Express,Chennai,Electronics,Laptop,47691.76,3.0,15.0,143075.28,21461.29,121613.99,UPI,Corporate,No
TXN02567,2024-02-03,S004,Mumbai Metro Store,Mumbai,Electronics,Laptop,46062.2,2.0,10.0,92124.4,9212.44,82911.96,UPI,Walk-in,No
TXN02568,2024-07-22,S001,Hyderabad Central,Hyderabad,Electronics,Mobile Phone,10016.48,5.0,5.0,50082.4,2504.12,47578.28,Net Banking,Walk-in,No
TXN02569,2024-07-03,S003,Chennai Express,Chennai,Stationery,Pen Box,97.54,8.0,0.0,780.32,0.0,780.32,UPI,Walk-in,Yes
TXN02570,2024-11-14,S003,Chennai Express,Chennai,Clothing,Formal Shirt,855.45,1.0,0.0,855.45,0.0,855.45,Net Banking,Loyalty Member,Yes
TXN02571,2024-04-27,S002,Banjara Hills Mart,Hyderabad,Electronics,Smart Watch,6165.84,1.0,10.0,6165.84,616.58,5549.26,Net Banking,Online,No
TXN02572,2024-10-01,S004,Mumbai Metro Store,Mumbai,Stationery,Stapler,150.06,3.0,10.0,450.18,45.02,405.16,Net Banking,Corporate,No
TXN02573,2024-02-19,S002,Banjara Hills Mart,Hyderabad,Electronics,Earphones,1526.63,3.0,5.0,4579.89,228.99,4350.9,UPI,Online,No
TXN02574,2024-04-14,S002,Banjara Hills Mart,Hyderabad,Home Appliances,Microwave,6456.16,4.0,10.0,25824.64,2582.46,23242.18,Net Banking,Corporate,No
TXN02575,2024-10-18,S005,Pune Retail Hub,Pune,Home Appliances,Iron Box,877.26,5.0,20.0,4386.3,877.26,3509.04,Credit Card,Walk-in,No
TXN02576,2024-09-05,S004,Mumbai Metro Store,Mumbai,Stationery,Stapler,146.93,4.0,5.0,587.72,29.39,558.33,Cash,Loyalty Member,No
TXN02577,2024-09-14,S001,Hyderabad Central,Hyderabad,Clothing,Saree,2410.01,7.0,20.0,16870.07,3374.01,13496.06,Cash,Loyalty Member,No
TXN02578,2024-05-22,S002,Banjara Hills Mart,Hyderabad,Stationery,Calculator,387.67,1.0,20.0,387.67,77.53,310.14,Cash,Online,No
TXN02579,2024-01-24,S002,Banjara Hills Mart,Hyderabad,Grocery,Flour (10kg),309.44,1.0,15.0,309.44,46.42,263.02,Credit Card,Corporate,No
TXN02580,2024-07-04,S005,Pune Retail Hub,Pune,Clothing,Saree,2440.49,7.0,10.0,17083.43,1708.34,15375.09,Net Banking,Loyalty Member,Yes
TXN02581,2024-06-19,S001,Hyderabad Central,Hyderabad,Clothing,Jacket,2009.73,3.0,20.0,6029.19,1205.84,4823.35,Net Banking,Loyalty Member,No
TXN02582,2024-05-18,S002,Banjara Hills Mart,Hyderabad,Grocery,Flour (10kg),307.95,4.0,15.0,1231.8,184.77,1047.03,Net Banking,Loyalty Member,No
TXN02583,2024-06-12,S005,Pune Retail Hub,Pune,Home Appliances,Iron Box,855.71,5.0,15.0,4278.55,641.78,3636.77,Cash,Loyalty Member,No
TXN02584,2024-12-18,S004,Mumbai Metro Store,Mumbai,Home Appliances,Microwave,6211.43,5.0,0.0,31057.15,0.0,31057.15,UPI,Walk-in,No
TXN02585,2024-10-07,S005,Pune Retail Hub,Pune,Electronics,Earphones,1520.41,1.0,20.0,1520.41,304.08,1216.33,UPI,Online,No
TXN02586,2024-04-27,S004,Mumbai Metro Store,Mumbai,Clothing,Jeans,1298.87,2.0,5.0,2597.74,129.89,2467.85,Net Banking,Corporate,No
TXN02587,2024-02-04,S005,Pune Retail Hub,Pune,Clothing,Jacket,1995.81,1.0,5.0,1995.81,99.79,1896.02,Cash,Walk-in,No
TXN02588,2024-01-28,S003,Chennai Express,Chennai,Clothing,T-Shirt,622.84,2.0,15.0,1245.68,186.85,1058.83,Cash,Online,No
TXN02589,,S005,Pune Retail Hub,Pune,Home Appliances,Iron Box,857.85,10.0,101.0,,,,Debit Card,Walk-in,No
TXN02590,2024-02-26,S001,Hyderabad Central,Hyderabad,Stationery,Pen Box,103.9,3.0,10.0,311.7,31.17,280.53,Credit Card,Loyalty Member,No
TXN02591,2024-10-18,S002,Banjara Hills Mart,Hyderabad,Home Appliances,Mixer Grinder,2674.87,1.0,0.0,2674.87,0.0,2674.87,Cash,Online,No
TXN02592,2024-04-15,S005,Pune Retail Hub,Pune,Electronics,Smart Watch,5938.98,4.0,5.0,23755.92,1187.8,22568.12,Credit Card,Online,No
TXN02593,2024-08-04,S003,Chennai Express,Chennai,Clothing,T-Shirt,577.37,3.0,10.0,1732.11,173.21,1558.9,Cash,Online,No
TXN02594,2024-01-17,S001,Hyderabad Central,Hyderabad,Clothing,Formal Shirt,876.59,6.0,20.0,5259.54,1051.91,4207.63,Net Banking,Loyalty Member,No
TXN02595,2024-02-13,S001,Hyderabad Central,Hyderabad,Stationery,Pen Box,102.46,1.0,15.0,102.46,15.37,87.09,Cash,Loyalty Member,No
TXN02596,2024-01-17,S001,Hyderabad Central,Hyderabad,Clothing,T-Shirt,615.3,5.0,5.0,3076.5,153.82,2922.68,UPI,Walk-in,No
TXN02597,2024-06-27,S002,Banjara Hills Mart,Hyderabad,Grocery,Flour (10kg),285.07,7.0,20.0,1995.49,399.1,1596.39,Debit Card,Online,No
TXN02598,2024-01-10,S001,Hyderabad Central,Hyderabad,Electronics,Laptop,46578.29,3.0,15.0,139734.87,20960.23,118774.64,UPI,Online,No
TXN02599,2024-04-05,S002,Banjara Hills Mart,Hyderabad,Clothing,Saree,2571.99,3.0,10.0,7715.97,771.6,6944.37,Credit Card,Online,No
TXN02600,2024-07-23,S002,Banjara Hills Mart,Hyderabad,Home Appliances,Fan,1644.47,7.0,15.0,11511.29,1726.69,9784.6,Debit Card,Walk-in,No
TXN02601,,S003,Chennai Express,Chennai,Stationery,Calculator,412.88,7.0,101.0,,,,Net Banking,Online,No
TXN02602,2024-05-18,S005,Pune Retail Hub,Pune,Clothing,Saree,2398.83,7.0,20.0,16791.81,3358.36,13433.45,Net Banking,Walk-in,No
TXN02603,2024-02-22,S004,Mumbai Metro Store,Mumbai,Grocery,Cooking Oil,181.97,7.0,10.0,1273.79,127.38,1146.41,Credit Card,Loyalty Member,No
TXN02604,2024-10-27,S003,Chennai Express,Chennai,Grocery,Spices Pack,97.91,1.0,15.0,97.91,14.69,83.22,Cash,Walk-in,No
TXN02605,2024-09-01,S003,Chennai Express,Chennai,Electronics,Laptop,45630.44,2.0,0.0,91260.88,0.0,91260.88,Credit Card,Walk-in,No
TXN02606,2024-10-08,S005,Pune Retail Hub,Pune,Home Appliances,Mixer Grinder,2737.71,6.0,20.0,16426.26,3285.25,13141.01,UPI,Loyalty Member,No
TXN02607,2024-03-13,S003,Chennai Express,Chennai,Home Appliances,Mixer Grinder,2916.33,6.0,20.0,17497.98,3499.6,13998.38,Credit Card,Walk-in,No
TXN02608,2024-10-03,S005,Pune Retail Hub,Pune,Clothing,Saree,2526.74,1.0,10.0,2526.74,252.67,2274.07,Cash,Loyalty Member,No
TXN02609,2024-08-10,S003,Chennai Express,Chennai,Home Appliances,Mixer Grinder,2690.26,8.0,5.0,21522.08,1076.1,20445.98,Credit Card,Online,No
TXN02610,2024-05-14,S002,Banjara Hills Mart,Hyderabad,Grocery,Pulses,152.79,6.0,20.0,916.74,183.35,733.39,Cash,Loyalty Member,No
TXN02611,2024-01-22,S003,Chennai Express,Chennai,Grocery,Cooking Oil,195.0,7.0,0.0,1365.0,0.0,1365.0,Credit Card,Walk-in,No
TXN02612,2024-10-09,S003,Chennai Express,Chennai,Grocery,Pulses,150.95,5.0,10.0,754.75,75.47,679.28,UPI,Loyalty Member,No
TXN02613,2024-06-09,S001,Hyderabad Central,Hyderabad,Grocery,Flour (10kg),305.44,4.0,0.0,1221.76,0.0,1221.76,Credit Card,Corporate,No
TXN02614,2024-10-11,S004,Mumbai Metro Store,Mumbai,Stationery,Stapler,144.58,3.0,10.0,433.74,43.37,390.37,Debit Card,Loyalty Member,No
TXN02615,2024-01-26,S002,Banjara Hills Mart,Hyderabad,Stationery,Calculator,394.61,3.0,0.0,1183.83,0.0,1183.83,Cash,Online,No
TXN02616,2024-01-08,S001,Hyderabad Central,Hyderabad,Clothing,T-Shirt,617.94,8.0,10.0,4943.52,494.35,4449.17,UPI,Online,No
TXN02617,2024-02-17,S002,Banjara Hills Mart,Hyderabad,Home Appliances,Water Purifier,9036.4,2.0,20.0,18072.8,3614.56,14458.24,Debit Card,Walk-in,No
TXN02618,2024-02-02,S003,Chennai Express,Chennai,Stationery,Pen Box,98.57,4.0,0.0,394.28,0.0,394.28,Cash,Corporate,No
TXN02619,2024-08-23,S003,Chennai Express,Chennai,Clothing,T-Shirt,583.61,3.0,15.0,1750.83,262.62,1488.21,Debit Card,Corporate,Yes
TXN02620,2024-05-10,S003,Chennai Express,Chennai,Home Appliances,Mixer Grinder,2695.99,8.0,20.0,21567.92,4313.58,17254.34,Net Banking,Online,No
TXN02621,2024-05-14,S001,Hyderabad Central,Hyderabad,Clothing,Formal Shirt,912.77,2.0,5.0,1825.54,91.28,1734.26,Debit Card,Loyalty Member,No
TXN02622,2024-07-03,S002,Banjara Hills Mart,Hyderabad,Electronics,Smart Watch,6065.03,3.0,20.0,18195.09,3639.02,14556.07,Credit Card,Walk-in,No
TXN02623,2024-06-20,S005,Pune Retail Hub,Pune,Electronics,Earphones,1443.65,1.0,15.0,1443.65,216.55,1227.1,Debit Card,Walk-in,No
TXN02624,2024-04-14,S002,Banjara Hills Mart,Hyderabad,Home Appliances,Fan,1673.28,3.0,15.0,5019.84,752.98,4266.86,UPI,Corporate,No
TXN02625,2024-09-21,S002,Banjara Hills Mart,Hyderabad,Home Appliances,Microwave,6543.18,5.0,10.0,32715.9,3271.59,29444.31,UPI,Corporate,No
TXN02626,2024-05-02,S004,Mumbai Metro Store,Mumbai,Grocery,Spices Pack,97.15,5.0,10.0,485.75,48.58,437.17,Credit Card,Loyalty Member,No
TXN02627,2024-12-12,S001,Hyderabad Central,Hyderabad,Electronics,Laptop,43751.01,6.0,0.0,262506.06,0.0,262506.06,UPI,Walk-in,No
TXN02628,2024-04-30,S003,Chennai Express,Chennai,Stationery,Stapler,150.8,3.0,10.0,452.4,45.24,407.16,Debit Card,Online,No
TXN02629,2024-02-04,S001,Hyderabad Central,Hyderabad,Home Appliances,Fan,1655.23,7.0,5.0,11586.61,579.33,11007.28,UPI,Walk-in,No
TXN02630,2024-02-04,S002,Banjara Hills Mart,Hyderabad,Electronics,Earphones,1475.49,6.0,0.0,8852.94,0.0,8852.94,Credit Card,Loyalty Member,No
TXN02631,2024-05-02,S004,Mumbai Metro Store,Mumbai,Clothing,Formal Shirt,905.89,7.0,20.0,6341.23,1268.25,5072.98,Debit Card,Walk-in,No
TXN02632,2024-03-04,S004,Mumbai Metro Store,Mumbai,Home Appliances,Microwave,6405.54,8.0,0.0,51244.32,0.0,51244.32,Cash,Walk-in,No
TXN02633,2024-06-07,S003,Chennai Express,Chennai,Clothing,Jacket,1928.18,6.0,5.0,11569.08,578.45,10990.63,Debit Card,Corporate,Yes
TXN02634,2024-10-06,S002,Banjara Hills Mart,Hyderabad,Stationery,Pen Box,96.67,5.0,10.0,483.35,48.34,435.01,UPI,Walk-in,No
TXN02635,2024-11-30,S005,Pune Retail Hub,Pune,Grocery,Rice (5kg),341.67,1.0,20.0,341.67,68.33,273.34,Cash,Corporate,No
TXN02636,2024-09-23,S005,Pune Retail Hub,Pune,Clothing,Jacket,1941.6,8.0,20.0,15532.8,3106.56,12426.24,Credit Card,Online,No
TXN02637,2024-12-19,S002,Banjara Hills Mart,Hyderabad,Grocery,Pulses,151.63,8.0,5.0,1213.04,60.65,1152.39,Net Banking,Online,No
TXN02638,2024-07-09,S001,Hyderabad Central,Hyderabad,Stationery,Stapler,144.95,3.0,20.0,434.85,86.97,347.88,Credit Card,Online,No
TXN02639,2024-09-09,S002,Banjara Hills Mart,Hyderabad,Grocery,Pulses,147.67,6.0,10.0,886.02,88.6,797.42,UPI,Online,No
TXN02640,2024-11-18,S004,Mumbai Metro Store,Mumbai,Stationery,Calculator,417.91,4.0,0.0,1671.64,0.0,1671.64,UPI,Online,No
TXN02641,2024-03-08,S002,Banjara Hills Mart,Hyderabad,Home Appliances,Microwave,6517.41,3.0,5.0,19552.23,977.61,18574.62,Credit Card,Walk-in,No
TXN02642,2024-04-07,S004,Mumbai Metro Store,Mumbai,Grocery,Rice (5kg),363.26,6.0,5.0,2179.56,108.98,2070.58,Debit Card,Online,No
TXN02643,2024-09-04,S004,Mumbai Metro Store,Mumbai,Electronics,Mobile Phone,9575.44,2.0,5.0,19150.88,957.54,18193.34,Net Banking,Walk-in,No
TXN02644,2024-01-03,S004,Mumbai Metro Store,Mumbai,Grocery,Spices Pack,95.81,7.0,15.0,670.67,100.6,570.07,UPI,Loyalty Member,No
TXN02645,2024-08-10,S004,Mumbai Metro Store,Mumbai,Stationery,Calculator,379.33,1.0,20.0,379.33,75.87,303.46,Cash,Loyalty Member,No
TXN02646,2024-07-29,S002,Banjara Hills Mart,Hyderabad,Electronics,Earphones,1453.66,3.0,0.0,4360.98,0.0,4360.98,Net Banking,Walk-in,No
TXN02647,2024-10-18,S003,Chennai Express,Chennai,Home Appliances,Microwave,6403.83,3.0,5.0,19211.49,960.57,18250.92,Net Banking,Corporate,No
TXN02648,2024-12-12,S001,Hyderabad Central,Hyderabad,Home Appliances,Iron Box,890.48,4.0,5.0,3561.92,178.1,3383.82,UPI,Online,No
TXN02649,2024-06-16,S005,Pune Retail Hub,Pune,Stationery,Stapler,147.86,4.0,20.0,591.44,118.29,473.15,Cash,Corporate,No
TXN02650,2024-06-12,S004,Mumbai Metro Store,Mumbai,Clothing,Saree,2586.74,8.0,20.0,20693.92,4138.78,16555.14,UPI,Corporate,No
TXN02651,2024-07-05,S003,Chennai Express,Chennai,Grocery,Flour (10kg),312.02,7.0,0.0,2184.14,0.0,2184.14,Net Banking,Online,No
TXN02652,2024-03-13,S002,Banjara Hills Mart,Hyderabad,Home Appliances,Iron Box,929.21,6.0,20.0,5575.26,1115.05,4460.21,Cash,Walk-in,No
TXN02653,2024-08-28,S005,Pune Retail Hub,Pune,Stationery,Stapler,145.75,8.0,20.0,1166.0,233.2,932.8,Credit Card,Corporate,No
TXN02654,2024-09-10,S003,Chennai Express,Chennai,Home Appliances,Mixer Grinder,2857.2,2.0,10.0,5714.4,571.44,5142.96,Debit Card,Online,No
TXN02655,2024-05-28,S005,Pune Retail Hub,Pune,Stationery,Notebook Set,195.62,5.0,10.0,978.1,97.81,880.29,Debit Card,Walk-in,No
TXN02656,2024-05-22,S004,Mumbai Metro Store,Mumbai,Clothing,Saree,2565.62,3.0,20.0,7696.86,1539.37,6157.49,Net Banking,Corporate,No
TXN02657,2024-04-18,S004,Mumbai Metro Store,Mumbai,Grocery,Cooking Oil,192.22,6.0,20.0,1153.32,230.66,922.66,Credit Card,Loyalty Member,No
TXN02658,2024-05-19,S003,Chennai Express,Chennai,Clothing,Jeans,1334.72,3.0,5.0,4004.16,200.21,3803.95,Net Banking,Walk-in,No
TXN02659,2024-01-26,S004,Mumbai Metro Store,Mumbai,Home Appliances,Water Purifier,8566.64,8.0,10.0,68533.12,6853.31,61679.81,Cash,Walk-in,No
TXN02660,2024-03-29,S001,Hyderabad Central,Hyderabad,Electronics,Earphones,1501.95,5.0,0.0,7509.75,0.0,7509.75,Cash,Walk-in,No
TXN02661,2024-11-29,S003,Chennai Express,Chennai,Grocery,Pulses,152.95,1.0,15.0,152.95,22.94,130.01,Debit Card,Online,No
TXN02662,2024-05-30,S005,Pune Retail Hub,Pune,Home Appliances,Fan,1615.23,7.0,15.0,11306.61,1695.99,9610.62,Net Banking,Walk-in,No
TXN02663,2024-09-30,S005,Pune Retail Hub,Pune,Electronics,Earphones,1485.51,5.0,20.0,7427.55,1485.51,5942.04,Debit Card,Online,Yes
TXN02664,2024-01-04,S002,Banjara Hills Mart,Hyderabad,Electronics,Smart Watch,5758.42,3.0,15.0,17275.26,2591.29,14683.97,Debit Card,Corporate,No
TXN02665,2024-01-06,S005,Pune Retail Hub,Pune,Home Appliances,Water Purifier,8639.62,8.0,10.0,69116.96,6911.7,62205.26,Credit Card,Walk-in,No
TXN02666,2024-11-08,S004,Mumbai Metro Store,Mumbai,Grocery,Pulses,151.54,8.0,15.0,1212.32,181.85,1030.47,Debit Card,Corporate,No
TXN02667,2024-05-31,S004,Mumbai Metro Store,Mumbai,Grocery,Flour (10kg),298.5,8.0,15.0,2388.0,358.2,2029.8,Net Banking,Loyalty Member,No
TXN02668,2024-01-09,S005,Pune Retail Hub,Pune,Stationery,Notebook Set,207.88,1.0,0.0,207.88,0.0,207.88,Net Banking,Loyalty Member,No
TXN02669,2024-12-17,S002,Banjara Hills Mart,Hyderabad,Electronics,Smart Watch,5779.23,8.0,10.0,46233.84,4623.38,41610.46,Debit Card,Walk-in,No
TXN02670,2024-07-31,S005,Pune Retail Hub,Pune,Clothing,Saree,2552.01,2.0,10.0,5104.02,510.4,4593.62,UPI,Corporate,No
TXN02671,2024-06-04,S002,Banjara Hills Mart,Hyderabad,Electronics,Laptop,46776.46,3.0,20.0,140329.38,28065.88,112263.5,Cash,Corporate,No
TXN02672,2024-05-19,S005,Pune Retail Hub,Pune,Grocery,Flour (10kg),305.47,3.0,20.0,916.41,183.28,733.13,Cash,Walk-in,No
TXN02673,2024-06-13,S002,Banjara Hills Mart,Hyderabad,Stationery,Stapler,151.28,6.0,0.0,907.68,0.0,907.68,UPI,Online,No
TXN02674,2024-05-16,S001,Hyderabad Central,Hyderabad,Electronics,Smart Watch,5773.21,2.0,15.0,11546.42,1731.96,9814.46,Cash,Walk-in,No
TXN02675,2024-06-05,S001,Hyderabad Central,Hyderabad,Stationery,File Folder,78.73,7.0,5.0,551.11,27.56,523.55,Debit Card,Corporate,No
TXN02676,2024-12-27,S002,Banjara Hills Mart,Hyderabad,Grocery,Rice (5kg),352.85,3.0,10.0,1058.55,105.86,952.69,Cash,Online,No
TXN02677,2024-09-08,S002,Banjara Hills Mart,Hyderabad,Home Appliances,Iron Box,866.06,2.0,10.0,1732.12,173.21,1558.91,Credit Card,Online,No
TXN02678,2024-02-04,S001,Hyderabad Central,Hyderabad,Stationery,Stapler,145.11,2.0,20.0,290.22,58.04,232.18,Net Banking,Walk-in,No
TXN02679,2024-02-13,S002,Banjara Hills Mart,Hyderabad,Clothing,T-Shirt,607.55,6.0,5.0,3645.3,182.26,3463.04,Debit Card,Walk-in,No
TXN02680,2024-11-13,S005,Pune Retail Hub,Pune,Grocery,Spices Pack,98.21,2.0,15.0,196.42,29.46,166.96,Credit Card,Corporate,No
TXN02681,2024-12-27,S005,Pune Retail Hub,Pune,Grocery,Flour (10kg),298.67,1.0,0.0,298.67,0.0,298.67,Cash,Loyalty Member,No
TXN02682,2024-03-21,S003,Chennai Express,Chennai,Grocery,Rice (5kg),352.89,3.0,15.0,1058.67,158.8,899.87,Debit Card,Walk-in,No
TXN02683,2024-03-21,S003,Chennai Express,Chennai,Home Appliances,Mixer Grinder,2730.13,7.0,5.0,19110.91,955.55,18155.36,Net Banking,Online,No
TXN02684,2024-04-22,S001,Hyderabad Central,Hyderabad,Electronics,Tablet,18443.77,7.0,10.0,129106.39,12910.64,116195.75,Credit Card,Walk-in,No
TXN02685,2024-02-19,S002,Banjara Hills Mart,Hyderabad,Grocery,Flour (10kg),292.57,6.0,5.0,1755.42,87.77,1667.65,Credit Card,Walk-in,No
TXN02686,2024-08-16,S004,Mumbai Metro Store,Mumbai,Electronics,Smart Watch,6298.71,7.0,15.0,44090.97,6613.65,37477.32,Credit Card,Corporate,No
TXN02687,2024-02-21,S005,Pune Retail Hub,Pune,Clothing,T-Shirt,619.92,1.0,5.0,619.92,31.0,588.92,Net Banking,Online,No
TXN02688,2024-12-14,S004,Mumbai Metro Store,Mumbai,Home Appliances,Water Purifier,9019.24,5.0,0.0,45096.2,0.0,45096.2,UPI,Online,No
TXN02689,2024-02-06,S002,Banjara Hills Mart,Hyderabad,Stationery,Calculator,388.27,1.0,5.0,388.27,19.41,368.86,Debit Card,Walk-in,No
TXN02690,2024-10-12,S003,Chennai Express,Chennai,Grocery,Rice (5kg),362.3,5.0,0.0,1811.5,0.0,1811.5,Debit Card,Loyalty Member,No
TXN02691,2024-06-05,S003,Chennai Express,Chennai,Stationery,Pen Box,98.0,4.0,20.0,392.0,78.4,313.6,Net Banking,Online,No
TXN02692,2024-07-20,S005,Pune Retail Hub,Pune,Electronics,Earphones,1540.89,3.0,5.0,4622.67,231.13,4391.54,UPI,Online,No
TXN02693,2024-04-03,S005,Pune Retail Hub,Pune,Stationery,Notebook Set,190.09,3.0,0.0,570.27,0.0,570.27,Credit Card,Corporate,No
TXN02694,2024-06-26,S002,Banjara Hills Mart,Hyderabad,Grocery,Flour (10kg),291.77,8.0,20.0,2334.16,466.83,1867.33,Credit Card,Online,No
TXN02695,2024-10-01,S002,Banjara Hills Mart,Hyderabad,Home Appliances,Iron Box,916.26,2.0,0.0,1832.52,0.0,1832.52,Net Banking,Corporate,No
TXN02696,2024-08-03,S001,Hyderabad Central,Hyderabad,Electronics,Smart Watch,6230.46,8.0,5.0,49843.68,2492.18,47351.5,Credit Card,Loyalty Member,No
TXN02697,2024-12-11,S005,Pune Retail Hub,Pune,Stationery,File Folder,75.37,5.0,5.0,376.85,18.84,358.01,Net Banking,Loyalty Member,No
TXN02698,2024-06-21,S003,Chennai Express,Chennai,Grocery,Spices Pack,103.33,7.0,5.0,723.31,36.17,687.14,UPI,Online,No
TXN02699,2024-04-30,S002,Banjara Hills Mart,Hyderabad,Stationery,Calculator,400.29,8.0,20.0,3202.32,640.46,2561.86,UPI,Online,No
TXN02700,2024-09-02,S001,Hyderabad Central,Hyderabad,Clothing,Formal Shirt,904.49,3.0,10.0,2713.47,271.35,2442.12,Credit Card,Walk-in,No
TXN02701,2024-08-24,S003,Chennai Express,Chennai,Home Appliances,Water Purifier,8730.16,1.0,10.0,8730.16,873.02,7857.14,Cash,Loyalty Member,No
TXN02702,2024-01-29,S005,Pune Retail Hub,Pune,Grocery,Spices Pack,102.19,3.0,20.0,306.57,61.31,245.26,Net Banking,Online,Yes
TXN02703,2024-09-28,S005,Pune Retail Hub,Pune,Home Appliances,Water Purifier,8827.52,1.0,20.0,8827.52,1765.5,7062.02,UPI,Loyalty Member,No
TXN02704,2024-02-04,S005,Pune Retail Hub,Pune,Stationery,Calculator,414.6,6.0,20.0,2487.6,497.52,1990.08,Cash,Corporate,No
TXN02705,2024-04-01,S005,Pune Retail Hub,Pune,Clothing,Formal Shirt,905.87,8.0,10.0,7246.96,724.7,6522.26,Credit Card,Loyalty Member,No
TXN02706,2024-04-20,S002,Banjara Hills Mart,Hyderabad,Electronics,Laptop,43959.25,6.0,10.0,263755.5,26375.55,237379.95,Debit Card,Walk-in,No
TXN02707,2024-12-04,S003,Chennai Express,Chennai,Clothing,Formal Shirt,917.12,3.0,20.0,2751.36,550.27,2201.09,Net Banking,Corporate,No
TXN02708,2024-10-29,S004,Mumbai Metro Store,Mumbai,Stationery,Calculator,381.5,6.0,20.0,2289.0,457.8,1831.2,Debit Card,Corporate,No
TXN02709,2024-11-14,S004,Mumbai Metro Store,Mumbai,Grocery,Spices Pack,99.35,6.0,5.0,596.1,29.8,566.3,Cash,Walk-in,No
TXN02710,2024-07-05,S005,Pune Retail Hub,Pune,Electronics,Smart Watch,5715.89,1.0,5.0,5715.89,285.79,5430.1,Net Banking,Corporate,No
TXN02711,2024-03-29,S001,Hyderabad Central,Hyderabad,Clothing,T-Shirt,580.64,2.0,5.0,1161.28,58.06,1103.22,Net Banking,Loyalty Member,No
TXN02712,2024-09-05,S005,Pune Retail Hub,Pune,Electronics,Mobile Phone,10270.85,7.0,10.0,71895.95,7189.6,64706.35,Debit Card,Walk-in,No
TXN02713,2024-04-19,S005,Pune Retail Hub,Pune,Grocery,Rice (5kg),354.2,3.0,5.0,1062.6,53.13,1009.47,Net Banking,Loyalty Member,No
TXN02714,2024-10-18,S005,Pune Retail Hub,Pune,Clothing,Jeans,1264.52,2.0,10.0,2529.04,252.9,2276.14,UPI,Walk-in,No
TXN02715,2024-06-06,S005,Pune Retail Hub,Pune,Home Appliances,Fan,1535.6,6.0,5.0,9213.6,460.68,8752.92,Credit Card,Online,No
TXN02716,2024-02-19,S003,Chennai Express,Chennai,Home Appliances,Mixer Grinder,2664.83,5.0,20.0,13324.15,2664.83,10659.32,Net Banking,Corporate,No
TXN02717,2024-03-02,S001,Hyderabad Central,Hyderabad,Stationery,Notebook Set,197.83,7.0,10.0,1384.81,138.48,1246.33,Net Banking,Walk-in,No
TXN02718,2024-05-26,S001,Hyderabad Central,Hyderabad,Electronics,Earphones,1546.58,7.0,5.0,10826.06,541.3,10284.76,Credit Card,Loyalty Member,No
TXN02719,2024-04-15,S005,Pune Retail Hub,Pune,Electronics,Tablet,19567.79,8.0,10.0,156542.32,15654.23,140888.09,Cash,Loyalty Member,No
TXN02720,2024-11-04,S005,Pune Retail Hub,Pune,Home Appliances,Microwave,6672.8,7.0,0.0,46709.6,0.0,46709.6,UPI,Loyalty Member,No
TXN02721,2024-02-27,S004,Mumbai Metro Store,Mumbai,Home Appliances,Mixer Grinder,2907.35,7.0,5.0,20351.45,1017.57,19333.88,Cash,Walk-in,No
TXN02722,2024-02-20,S003,Chennai Express,Chennai,Stationery,File Folder,81.32,5.0,5.0,406.6,20.33,386.27,Credit Card,Walk-in,No
TXN02723,2024-10-30,S002,Banjara Hills Mart,Hyderabad,Clothing,Jacket,2062.78,8.0,20.0,16502.24,3300.45,13201.79,UPI,Online,No
TXN02724,2024-04-13,S005,Pune Retail Hub,Pune,Grocery,Pulses,144.54,6.0,15.0,867.24,130.09,737.15,Debit Card,Walk-in,No
TXN02725,2024-08-14,S002,Banjara Hills Mart,Hyderabad,Grocery,Rice (5kg),340.29,2.0,5.0,680.58,34.03,646.55,Cash,Walk-in,No
TXN02726,2024-05-06,S001,Hyderabad Central,Hyderabad,Grocery,Flour (10kg),302.63,8.0,20.0,2421.04,484.21,1936.83,Cash,Loyalty Member,No
TXN02727,2024-02-17,S003,Chennai Express,Chennai,Home Appliances,Water Purifier,8570.94,3.0,5.0,25712.82,1285.64,24427.18,Debit Card,Loyalty Member,No
TXN02728,2024-01-28,S003,Chennai Express,Chennai,Clothing,Formal Shirt,906.62,6.0,15.0,5439.72,815.96,4623.76,Net Banking,Loyalty Member,No
TXN02729,2024-11-18,S005,Pune Retail Hub,Pune,Home Appliances,Water Purifier,8863.79,1.0,20.0,8863.79,1772.76,7091.03,Debit Card,Corporate,No
TXN02730,,S005,Pune Retail Hub,Pune,Home Appliances,Mixer Grinder,2931.79,2.0,-5.0,,,,UPI,Loyalty Member,No
TXN02731,2024-08-10,S003,Chennai Express,Chennai,Home Appliances,Water Purifier,8556.6,4.0,10.0,34226.4,3422.64,30803.76,Net Banking,Walk-in,No
TXN02732,2024-12-22,S004,Mumbai Metro Store,Mumbai,Clothing,Formal Shirt,872.26,3.0,5.0,2616.78,130.84,2485.94,Credit Card,Corporate,No
TXN02733,2024-12-23,S005,Pune Retail Hub,Pune,Stationery,Pen Box,103.19,6.0,20.0,619.14,123.83,495.31,UPI,Online,No
TXN02734,2024-11-05,S002,Banjara Hills Mart,Hyderabad,Grocery,Spices Pack,102.61,8.0,20.0,820.88,164.18,656.7,Net Banking,Corporate,No
TXN02735,2024-01-12,S003,Chennai Express,Chennai,Electronics,Mobile Phone,9559.59,6.0,5.0,57357.54,2867.88,54489.66,Cash,Online,No
TXN02736,2024-07-13,S001,Hyderabad Central,Hyderabad,Electronics,Earphones,1572.67,5.0,0.0,7863.35,0.0,7863.35,Debit Card,Corporate,No
TXN02737,2024-09-12,S003,Chennai Express,Chennai,Grocery,Rice (5kg),357.46,4.0,10.0,1429.84,142.98,1286.86,Net Banking,Walk-in,No
TXN02738,2024-07-20,S001,Hyderabad Central,Hyderabad,Grocery,Pulses,152.14,2.0,5.0,304.28,15.21,289.07,Debit Card,Loyalty Member,No
TXN02739,2024-01-10,S004,Mumbai Metro Store,Mumbai,Home Appliances,Fan,1606.42,2.0,0.0,3212.84,0.0,3212.84,Net Banking,Loyalty Member,No
TXN02740,2024-11-06,S001,Hyderabad Central,Hyderabad,Home Appliances,Fan,1666.22,6.0,10.0,9997.32,999.73,8997.59,Credit Card,Loyalty Member,No
TXN02741,2024-12-18,S004,Mumbai Metro Store,Mumbai,Home Appliances,Iron Box,862.37,2.0,5.0,1724.74,86.24,1638.5,Net Banking,Loyalty Member,No
TXN02742,2024-07-11,S005,Pune Retail Hub,Pune,Stationery,Notebook Set,204.17,4.0,15.0,816.68,122.5,694.18,Cash,Corporate,No
TXN02743,2024-05-15,S005,Pune Retail Hub,Pune,Clothing,Formal Shirt,859.15,2.0,10.0,1718.3,171.83,1546.47,Net Banking,Loyalty Member,No
TXN02744,2024-06-06,S005,Pune Retail Hub,Pune,Stationery,Stapler,150.74,7.0,15.0,1055.18,158.28,896.9,Net Banking,Walk-in,Yes
TXN02745,2024-07-01,S002,Banjara Hills Mart,Hyderabad,Stationery,Pen Box,99.58,2.0,10.0,199.16,19.92,179.24,Credit Card,Walk-in,No
TXN02746,2024-05-08,S003,Chennai Express,Chennai,Grocery,Spices Pack,100.87,4.0,10.0,403.48,40.35,363.13,Credit Card,Online,No
TXN02747,2024-07-09,S003,Chennai Express,Chennai,Grocery,Spices Pack,96.61,5.0,5.0,483.05,24.15,458.9,Net Banking,Online,No
TXN02748,2024-07-24,S003,Chennai Express,Chennai,Grocery,Cooking Oil,193.97,2.0,15.0,387.94,58.19,329.75,Debit Card,Online,No
TXN02749,2024-06-12,S001,Hyderabad Central,Hyderabad,Grocery,Cooking Oil,183.09,4.0,0.0,732.36,0.0,732.36,Cash,Loyalty Member,No
TXN02750,2024-07-21,S002,Banjara Hills Mart,Hyderabad,Electronics,Earphones,1471.05,6.0,20.0,8826.3,1765.26,7061.04,Cash,Online,Yes
TXN02751,,S002,Banjara Hills Mart,Hyderabad,Electronics,Smart Watch,6171.94,1.0,,,,,Net Banking,Walk-in,No
TXN02752,2024-03-02,S005,Pune Retail Hub,Pune,Electronics,Smart Watch,6084.92,2.0,10.0,12169.84,1216.98,10952.86,UPI,Loyalty Member,No
TXN02753,2024-05-08,S005,Pune Retail Hub,Pune,Home Appliances,Iron Box,936.2,6.0,15.0,5617.2,842.58,4774.62,Cash,Loyalty Member,No
TXN02754,2024-07-29,S003,Chennai Express,Chennai,Home Appliances,Water Purifier,8879.78,3.0,10.0,26639.34,2663.93,23975.41,UPI,Online,No
TXN02755,2024-01-25,S005,Pune Retail Hub,Pune,Home Appliances,Water Purifier,8772.94,1.0,20.0,8772.94,1754.59,7018.35,UPI,Loyalty Member,No
TXN02756,2024-10-11,S003,Chennai Express,Chennai,Home Appliances,Mixer Grinder,2909.06,4.0,0.0,11636.24,0.0,11636.24,Cash,Corporate,No
TXN02757,2024-07-17,S003,Chennai Express,Chennai,Stationery,Stapler,142.49,1.0,10.0,142.49,14.25,128.24,Debit Card,Walk-in,No
TXN02758,2024-01-19,S005,Pune Retail Hub,Pune,Grocery,Flour (10kg),297.07,2.0,0.0,594.14,0.0,594.14,Credit Card,Walk-in,No
TXN02759,2024-12-30,S002,Banjara Hills Mart,Hyderabad,Electronics,Tablet,19948.14,3.0,20.0,59844.42,11968.88,47875.54,Credit Card,Online,No
TXN02760,2024-01-30,S005,Pune Retail Hub,Pune,Grocery,Cooking Oil,192.98,6.0,15.0,1157.88,173.68,984.2,Debit Card,Corporate,No
TXN02761,2024-07-29,S002,Banjara Hills Mart,Hyderabad,Stationery,Notebook Set,206.64,8.0,15.0,1653.12,247.97,1405.15,Credit Card,Walk-in,No
TXN02762,2024-08-08,S005,Pune Retail Hub,Pune,Stationery,Calculator,407.27,3.0,20.0,1221.81,244.36,977.45,Cash,Walk-in,No
TXN02763,2024-01-13,S005,Pune Retail Hub,Pune,Stationery,Pen Box,97.65,1.0,0.0,97.65,0.0,97.65,Net Banking,Corporate,No
TXN02764,2024-08-01,S004,Mumbai Metro Store,Mumbai,Electronics,Mobile Phone,9783.55,1.0,15.0,9783.55,1467.53,8316.02,Net Banking,Corporate,No
TXN02765,2024-02-14,S001,Hyderabad Central,Hyderabad,Electronics,Laptop,44439.72,6.0,5.0,266638.32,13331.92,253306.4,Debit Card,Online,No
TXN02766,2024-12-26,S002,Banjara Hills Mart,Hyderabad,Home Appliances,Iron Box,862.27,1.0,10.0,862.27,86.23,776.04,UPI,Loyalty Member,No
TXN02767,2024-03-19,S002,Banjara Hills Mart,Hyderabad,Clothing,T-Shirt,606.72,3.0,10.0,1820.16,182.02,1638.14,Cash,Walk-in,No
TXN02768,2024-09-12,S001,Hyderabad Central,Hyderabad,Electronics,Mobile Phone,10462.52,2.0,15.0,20925.04,3138.76,17786.28,Cash,Corporate,No
TXN02769,2024-08-26,S005,Pune Retail Hub,Pune,Home Appliances,Iron Box,875.67,2.0,20.0,1751.34,350.27,1401.07,UPI,Online,No
TXN02770,2024-09-06,S004,Mumbai Metro Store,Mumbai,Stationery,Calculator,408.82,3.0,0.0,1226.46,0.0,1226.46,Debit Card,Online,No
TXN02771,2024-06-28,S002,Banjara Hills Mart,Hyderabad,Stationery,File Folder,80.17,7.0,10.0,561.19,56.12,505.07,Cash,Loyalty Member,No
TXN02772,2024-10-12,S002,Banjara Hills Mart,Hyderabad,Electronics,Tablet,18380.15,6.0,20.0,110280.9,22056.18,88224.72,Net Banking,Loyalty Member,No
TXN02773,2024-10-05,S003,Chennai Express,Chennai,Home Appliances,Fan,1613.98,6.0,0.0,9683.88,0.0,9683.88,Credit Card,Corporate,No
TXN02774,,S001,Hyderabad Central,Hyderabad,Home Appliances,Iron Box,885.32,5.0,-5.0,,,,Net Banking,Online,No
TXN02775,2024-01-19,S001,Hyderabad Central,Hyderabad,Electronics,Mobile Phone,10143.4,1.0,0.0,10143.4,0.0,10143.4,Net Banking,Loyalty Member,No
TXN02776,2024-05-25,S003,Chennai Express,Chennai,Electronics,Laptop,48256.49,5.0,15.0,241282.45,36192.37,205090.08,Credit Card,Loyalty Member,No
TXN02777,2024-11-20,S003,Chennai Express,Chennai,Electronics,Tablet,18864.07,7.0,5.0,132048.49,6602.42,125446.07,UPI,Corporate,No
TXN02778,2024-03-21,S002,Banjara Hills Mart,Hyderabad,Grocery,Rice (5kg),347.94,6.0,20.0,2087.64,417.53,1670.11,Cash,Corporate,No
TXN02779,2024-02-27,S001,Hyderabad Central,Hyderabad,Grocery,Rice (5kg),362.01,6.0,10.0,2172.06,217.21,1954.85,Cash,Walk-in,No
TXN02780,2024-11-28,S005,Pune Retail Hub,Pune,Electronics,Smart Watch,6168.87,1.0,15.0,6168.87,925.33,5243.54,UPI,Corporate,No
TXN02781,2024-09-18,S005,Pune Retail Hub,Pune,Electronics,Laptop,44293.48,8.0,20.0,354347.84,70869.57,283478.27,Cash,Loyalty Member,No
TXN02782,2024-12-20,S001,Hyderabad Central,Hyderabad,Clothing,Formal Shirt,922.35,6.0,5.0,5534.1,276.7,5257.4,Cash,Online,No
TXN02783,2024-02-01,S003,Chennai Express,Chennai,Home Appliances,Microwave,6377.8,5.0,20.0,31889.0,6377.8,25511.2,Cash,Online,No
TXN02784,2024-01-22,S005,Pune Retail Hub,Pune,Clothing,T-Shirt,596.52,3.0,20.0,1789.56,357.91,1431.65,Credit Card,Corporate,No
TXN02785,2024-07-29,S002,Banjara Hills Mart,Hyderabad,Home Appliances,Microwave,6399.6,6.0,15.0,38397.6,5759.64,32637.96,Cash,Loyalty Member,No
TXN02786,2024-05-31,S003,Chennai Express,Chennai,Clothing,T-Shirt,603.86,2.0,10.0,1207.72,120.77,1086.95,Debit Card,Online,Yes
TXN02787,2024-08-02,S001,Hyderabad Central,Hyderabad,Clothing,Jeans,1272.9,5.0,0.0,6364.5,0.0,6364.5,Net Banking,Corporate,No
TXN02788,2024-04-01,S003,Chennai Express,Chennai,Stationery,Pen Box,94.61,3.0,20.0,283.83,56.77,227.06,Net Banking,Online,No
TXN02789,2024-11-08,S001,Hyderabad Central,Hyderabad,Stationery,File Folder,78.53,4.0,10.0,314.12,31.41,282.71,Cash,Walk-in,No
TXN02790,2024-05-10,S004,Mumbai Metro Store,Mumbai,Grocery,Rice (5kg),352.55,6.0,15.0,2115.3,317.3,1798.0,Credit Card,Corporate,No
TXN02791,2024-07-15,S005,Pune Retail Hub,Pune,Grocery,Pulses,150.97,7.0,10.0,1056.79,105.68,951.11,Net Banking,Corporate,No
TXN02792,2024-04-21,S002,Banjara Hills Mart,Hyderabad,Home Appliances,Fan,1657.89,8.0,20.0,13263.12,2652.62,10610.5,Debit Card,Corporate,No
TXN02793,2024-05-06,S001,Hyderabad Central,Hyderabad,Electronics,Earphones,1556.27,6.0,20.0,9337.62,1867.52,7470.1,UPI,Loyalty Member,No
TXN02794,2024-03-19,S001,Hyderabad Central,Hyderabad,Clothing,Saree,2489.49,7.0,15.0,17426.43,2613.96,14812.47,Net Banking,Loyalty Member,No
TXN02795,2024-12-15,S002,Banjara Hills Mart,Hyderabad,Grocery,Cooking Oil,181.12,5.0,5.0,905.6,45.28,860.32,Debit Card,Online,No
TXN02796,2024-10-07,S003,Chennai Express,Chennai,Electronics,Laptop,46724.26,1.0,5.0,46724.26,2336.21,44388.05,UPI,Loyalty Member,No
TXN02797,2024-02-02,S005,Pune Retail Hub,Pune,Home Appliances,Microwave,6510.62,3.0,15.0,19531.86,2929.78,16602.08,UPI,Walk-in,No
TXN02798,2024-11-29,S004,Mumbai Metro Store,Mumbai,Grocery,Rice (5kg),351.38,3.0,0.0,1054.14,0.0,1054.14,Cash,Corporate,No
TXN02799,2024-01-25,S004,Mumbai Metro Store,Mumbai,Clothing,Jacket,1916.31,3.0,15.0,5748.93,862.34,4886.59,Credit Card,Corporate,Yes
TXN02800,2024-04-28,S003,Chennai Express,Chennai,Electronics,Laptop,45613.02,7.0,0.0,319291.14,0.0,319291.14,Cash,Online,No
TXN02801,2024-01-11,S004,Mumbai Metro Store,Mumbai,Stationery,Pen Box,96.16,3.0,15.0,288.48,43.27,245.21,Cash,Loyalty Member,No
TXN02802,2024-08-24,S004,Mumbai Metro Store,Mumbai,Stationery,File Folder,76.94,6.0,20.0,461.64,92.33,369.31,Cash,Walk-in,No
TXN02803,2024-05-23,S002,Banjara Hills Mart,Hyderabad,Stationery,Notebook Set,190.53,3.0,10.0,571.59,57.16,514.43,Credit Card,Loyalty Member,No
TXN02804,2024-05-27,S001,Hyderabad Central,Hyderabad,Grocery,Rice (5kg),360.93,5.0,5.0,1804.65,90.23,1714.42,Debit Card,Walk-in,No
TXN02805,2024-09-30,S001,Hyderabad Central,Hyderabad,Stationery,Calculator,382.01,6.0,20.0,2292.06,458.41,1833.65,Cash,Loyalty Member,No
TXN02806,2024-03-31,S005,Pune Retail Hub,Pune,Stationery,Stapler,154.42,3.0,5.0,463.26,23.16,440.1,UPI,Online,No
TXN02807,,S003,Chennai Express,Chennai,Clothing,Saree,2511.47,,101.0,,,,Credit Card,Corporate,No
TXN02808,2024-03-17,S002,Banjara Hills Mart,Hyderabad,Electronics,Earphones,1468.28,8.0,5.0,11746.24,587.31,11158.93,UPI,Corporate,No
TXN02809,2024-04-18,S001,Hyderabad Central,Hyderabad,Home Appliances,Mixer Grinder,2926.12,6.0,10.0,17556.72,1755.67,15801.05,Debit Card,Walk-in,No
TXN02810,2024-07-18,S002,Banjara Hills Mart,Hyderabad,Stationery,Pen Box,98.35,5.0,5.0,491.75,24.59,467.16,Credit Card,Corporate,No
TXN02811,2024-03-31,S002,Banjara Hills Mart,Hyderabad,Electronics,Laptop,47715.26,1.0,10.0,47715.26,4771.53,42943.73,UPI,Loyalty Member,No
TXN02812,2024-11-16,S004,Mumbai Metro Store,Mumbai,Clothing,Jacket,1931.52,3.0,0.0,5794.56,0.0,5794.56,Credit Card,Loyalty Member,No
TXN02813,,S002,Banjara Hills Mart,Hyderabad,Electronics,Laptop,43880.42,4.0,,,,,Credit Card,Online,No
TXN02814,2024-08-14,S003,Chennai Express,Chennai,Grocery,Pulses,144.88,4.0,15.0,579.52,86.93,492.59,Cash,Walk-in,No
TXN02815,2024-03-15,S005,Pune Retail Hub,Pune,Electronics,Laptop,43929.59,8.0,10.0,351436.72,35143.67,316293.05,Debit Card,Online,No
TXN02816,2024-11-19,S003,Chennai Express,Chennai,Stationery,Pen Box,94.39,1.0,20.0,94.39,18.88,75.51,Net Banking,Walk-in,No
TXN02817,2024-01-28,S002,Banjara Hills Mart,Hyderabad,Stationery,Notebook Set,192.5,7.0,15.0,1347.5,202.12,1145.38,Cash,Loyalty Member,No
TXN02818,2024-11-27,S004,Mumbai Metro Store,Mumbai,Electronics,Mobile Phone,9625.94,8.0,20.0,77007.52,15401.5,61606.02,Debit Card,Loyalty Member,No
TXN02819,2024-01-15,S002,Banjara Hills Mart,Hyderabad,Clothing,Jeans,1238.53,8.0,10.0,9908.24,990.82,8917.42,Cash,Loyalty Member,No
TXN02820,2024-09-23,S004,Mumbai Metro Store,Mumbai,Clothing,Jacket,2048.6,7.0,15.0,14340.2,2151.03,12189.17,Credit Card,Walk-in,No
TXN02821,2024-04-15,S005,Pune Retail Hub,Pune,Home Appliances,Mixer Grinder,2773.55,8.0,20.0,22188.4,4437.68,17750.72,Cash,Corporate,No
TXN02822,2024-07-29,S005,Pune Retail Hub,Pune,Grocery,Pulses,151.22,1.0,15.0,151.22,22.68,128.54,UPI,Walk-in,No
TXN02823,2024-07-08,S004,Mumbai Metro Store,Mumbai,Clothing,Jacket,1973.38,1.0,10.0,1973.38,197.34,1776.04,Credit Card,Walk-in,No
TXN02824,2024-09-09,S004,Mumbai Metro Store,Mumbai,Grocery,Rice (5kg),361.13,6.0,15.0,2166.78,325.02,1841.76,Net Banking,Walk-in,No
TXN02825,2024-03-22,S001,Hyderabad Central,Hyderabad,Home Appliances,Microwave,6536.58,7.0,0.0,45756.06,0.0,45756.06,Debit Card,Online,No
TXN02826,2024-11-26,S001,Hyderabad Central,Hyderabad,Stationery,Notebook Set,191.9,3.0,0.0,575.7,0.0,575.7,Credit Card,Loyalty Member,No
TXN02827,2024-03-22,S001,Hyderabad Central,Hyderabad,Home Appliances,Mixer Grinder,2819.69,6.0,5.0,16918.14,845.91,16072.23,Debit Card,Loyalty Member,No
TXN02828,2024-04-08,S005,Pune Retail Hub,Pune,Stationery,Pen Box,99.94,2.0,15.0,199.88,29.98,169.9,Cash,Online,No
TXN02829,2024-04-14,S004,Mumbai Metro Store,Mumbai,Electronics,Smart Watch,6189.94,5.0,0.0,30949.7,0.0,30949.7,Cash,Corporate,No
TXN02830,,S005,Pune Retail Hub,Pune,Stationery,Calculator,393.06,9.0,-5.0,,,,Net Banking,Corporate,No
TXN02831,2024-05-29,S001,Hyderabad Central,Hyderabad,Clothing,Saree,2597.68,1.0,20.0,2597.68,519.54,2078.14,UPI,Online,Yes
TXN02832,2024-04-04,S001,Hyderabad Central,Hyderabad,Electronics,Earphones,1500.23,6.0,10.0,9001.38,900.14,8101.24,Cash,Online,No
TXN02833,2024-07-28,S003,Chennai Express,Chennai,Home Appliances,Microwave,6785.3,2.0,20.0,13570.6,2714.12,10856.48,Credit Card,Online,No
TXN02834,2024-09-18,S004,Mumbai Metro Store,Mumbai,Grocery,Spices Pack,103.25,1.0,5.0,103.25,5.16,98.09,Net Banking,Walk-in,No
TXN02835,2024-10-30,S002,Banjara Hills Mart,Hyderabad,Home Appliances,Mixer Grinder,2876.75,4.0,15.0,11507.0,1726.05,9780.95,UPI,Walk-in,No
TXN02836,2024-10-24,S002,Banjara Hills Mart,Hyderabad,Electronics,Mobile Phone,9892.12,4.0,10.0,39568.48,3956.85,35611.63,Cash,Online,No
TXN02837,2024-08-12,S002,Banjara Hills Mart,Hyderabad,Grocery,Spices Pack,102.95,2.0,5.0,205.9,10.29,195.61,Cash,Loyalty Member,No
TXN02838,2024-12-19,S004,Mumbai Metro Store,Mumbai,Electronics,Mobile Phone,10163.07,4.0,0.0,40652.28,0.0,40652.28,Net Banking,Loyalty Member,No
TXN02839,2024-01-14,S001,Hyderabad Central,Hyderabad,Grocery,Flour (10kg),299.6,5.0,20.0,1498.0,299.6,1198.4,Debit Card,Corporate,Yes
TXN02840,2024-12-10,S005,Pune Retail Hub,Pune,Clothing,Jeans,1250.01,4.0,10.0,5000.04,500.0,4500.04,Debit Card,Loyalty Member,No
TXN02841,2024-03-23,S001,Hyderabad Central,Hyderabad,Clothing,Formal Shirt,867.95,3.0,20.0,2603.85,520.77,2083.08,Debit Card,Loyalty Member,No
TXN02842,2024-10-13,S003,Chennai Express,Chennai,Stationery,Notebook Set,206.29,6.0,20.0,1237.74,247.55,990.19,Debit Card,Online,No
TXN02843,2024-03-17,S005,Pune Retail Hub,Pune,Home Appliances,Mixer Grinder,2763.78,2.0,15.0,5527.56,829.13,4698.43,Net Banking,Corporate,No
TXN02844,2024-10-23,S005,Pune Retail Hub,Pune,Electronics,Mobile Phone,9888.56,3.0,20.0,29665.68,5933.14,23732.54,UPI,Loyalty Member,No
TXN02845,2024-01-12,S003,Chennai Express,Chennai,Stationery,File Folder,82.67,8.0,0.0,661.36,0.0,661.36,Debit Card,Corporate,No
TXN02846,2024-12-26,S005,Pune Retail Hub,Pune,Stationery,File Folder,78.3,3.0,20.0,234.9,46.98,187.92,Credit Card,Loyalty Member,No
TXN02847,2024-05-17,S005,Pune Retail Hub,Pune,Grocery,Flour (10kg),286.21,3.0,5.0,858.63,42.93,815.7,UPI,Online,No
TXN02848,2024-10-12,S003,Chennai Express,Chennai,Electronics,Smart Watch,5988.98,2.0,5.0,11977.96,598.9,11379.06,Debit Card,Corporate,No
TXN02849,2024-04-16,S003,Chennai Express,Chennai,Home Appliances,Microwave,6223.82,8.0,5.0,49790.56,2489.53,47301.03,Credit Card,Walk-in,No
TXN02850,2024-06-28,S003,Chennai Express,Chennai,Home Appliances,Water Purifier,8563.78,6.0,0.0,51382.68,0.0,51382.68,UPI,Loyalty Member,No
TXN02851,2024-06-11,S004,Mumbai Metro Store,Mumbai,Clothing,Formal Shirt,935.58,5.0,0.0,4677.9,0.0,4677.9,Credit Card,Loyalty Member,No
TXN02852,2024-04-05,S001,Hyderabad Central,Hyderabad,Stationery,Stapler,147.8,2.0,15.0,295.6,44.34,251.26,Cash,Online,No
TXN02853,2024-03-01,S004,Mumbai Metro Store,Mumbai,Clothing,Saree,2379.24,4.0,15.0,9516.96,1427.54,8089.42,UPI,Corporate,No
TXN02854,2024-08-29,S001,Hyderabad Central,Hyderabad,Home Appliances,Fan,1556.74,6.0,10.0,9340.44,934.04,8406.4,Cash,Corporate,No
TXN02855,2024-03-06,S003,Chennai Express,Chennai,Grocery,Flour (10kg),299.48,4.0,5.0,1197.92,59.9,1138.02,Credit Card,Loyalty Member,No
TXN02856,2024-05-30,S002,Banjara Hills Mart,Hyderabad,Home Appliances,Microwave,6581.23,3.0,10.0,19743.69,1974.37,17769.32,Debit Card,Walk-in,No
TXN02857,2024-05-16,S005,Pune Retail Hub,Pune,Stationery,File Folder,78.78,5.0,20.0,393.9,78.78,315.12,Net Banking,Corporate,No
TXN02858,2024-02-22,S003,Chennai Express,Chennai,Home Appliances,Fan,1540.45,4.0,0.0,6161.8,0.0,6161.8,Debit Card,Online,No
TXN02859,2024-03-19,S003,Chennai Express,Chennai,Home Appliances,Fan,1675.76,1.0,15.0,1675.76,251.36,1424.4,Credit Card,Corporate,No
TXN02860,2024-11-02,S001,Hyderabad Central,Hyderabad,Grocery,Cooking Oil,191.15,5.0,10.0,955.75,95.58,860.17,UPI,Walk-in,No
TXN02861,2024-10-10,S001,Hyderabad Central,Hyderabad,Grocery,Pulses,154.13,7.0,15.0,1078.91,161.84,917.07,Debit Card,Corporate,No
TXN02862,2024-01-28,S003,Chennai Express,Chennai,Grocery,Flour (10kg),292.33,2.0,0.0,584.66,0.0,584.66,Cash,Walk-in,No
TXN02863,,S003,Chennai Express,Chennai,Electronics,Earphones,1566.48,6.0,-5.0,,,,Net Banking,Online,No
TXN02864,2024-01-06,S002,Banjara Hills Mart,Hyderabad,Stationery,File Folder,79.4,1.0,15.0,79.4,11.91,67.49,Cash,Online,No
TXN02865,2024-12-30,S005,Pune Retail Hub,Pune,Clothing,Saree,2484.12,5.0,15.0,12420.6,1863.09,10557.51,Credit Card,Loyalty Member,No
TXN02866,2024-07-13,S001,Hyderabad Central,Hyderabad,Home Appliances,Fan,1589.89,6.0,15.0,9539.34,1430.9,8108.44,Cash,Online,No
TXN02867,2024-09-22,S002,Banjara Hills Mart,Hyderabad,Grocery,Spices Pack,100.09,4.0,10.0,400.36,40.04,360.32,Debit Card,Loyalty Member,No
TXN02868,2024-04-22,S002,Banjara Hills Mart,Hyderabad,Home Appliances,Iron Box,903.4,6.0,20.0,5420.4,1084.08,4336.32,Cash,Walk-in,No
TXN02869,2024-07-23,S003,Chennai Express,Chennai,Electronics,Smart Watch,6182.29,5.0,20.0,30911.45,6182.29,24729.16,Cash,Online,No
TXN02870,2024-07-25,S004,Mumbai Metro Store,Mumbai,Stationery,Notebook Set,207.03,3.0,0.0,621.09,0.0,621.09,Credit Card,Walk-in,No
TXN02871,2024-08-17,S003,Chennai Express,Chennai,Electronics,Earphones,1467.14,1.0,5.0,1467.14,73.36,1393.78,Credit Card,Walk-in,No
TXN02872,2024-04-19,S005,Pune Retail Hub,Pune,Grocery,Cooking Oil,180.68,7.0,20.0,1264.76,252.95,1011.81,Net Banking,Corporate,No
TXN02873,2024-07-22,S004,Mumbai Metro Store,Mumbai,Grocery,Rice (5kg),346.7,6.0,10.0,2080.2,208.02,1872.18,UPI,Online,No
TXN02874,2024-05-03,S004,Mumbai Metro Store,Mumbai,Clothing,Formal Shirt,909.82,4.0,10.0,3639.28,363.93,3275.35,Cash,Walk-in,No
TXN02875,2024-12-14,S001,Hyderabad Central,Hyderabad,Stationery,Pen Box,97.08,3.0,5.0,291.24,14.56,276.68,Net Banking,Loyalty Member,No
TXN02876,2024-02-23,S001,Hyderabad Central,Hyderabad,Grocery,Flour (10kg),306.26,1.0,0.0,306.26,0.0,306.26,UPI,Walk-in,No
TXN02877,2024-05-03,S004,Mumbai Metro Store,Mumbai,Home Appliances,Microwave,6650.17,5.0,5.0,33250.85,1662.54,31588.31,Credit Card,Online,No
TXN02878,2024-01-28,S001,Hyderabad Central,Hyderabad,Stationery,File Folder,82.2,2.0,10.0,164.4,16.44,147.96,Cash,Online,No
TXN02879,2024-03-09,S002,Banjara Hills Mart,Hyderabad,Stationery,File Folder,78.8,2.0,10.0,157.6,15.76,141.84,Net Banking,Corporate,No
TXN02880,,S002,Banjara Hills Mart,Hyderabad,Electronics,Smart Watch,6201.77,,101.0,,,,Debit Card,Walk-in,No
TXN02881,2024-11-02,S003,Chennai Express,Chennai,Electronics,Earphones,1473.46,3.0,10.0,4420.38,442.04,3978.34,Debit Card,Walk-in,No
TXN02882,2024-08-07,S003,Chennai Express,Chennai,Clothing,Saree,2461.95,1.0,20.0,2461.95,492.39,1969.56,UPI,Loyalty Member,No
TXN02883,2024-10-22,S004,Mumbai Metro Store,Mumbai,Stationery,Pen Box,97.71,8.0,10.0,781.68,78.17,703.51,Debit Card,Corporate,No
TXN02884,2024-01-21,S001,Hyderabad Central,Hyderabad,Clothing,Jacket,1928.17,7.0,15.0,13497.19,2024.58,11472.61,Credit Card,Online,No
TXN02885,2024-05-20,S005,Pune Retail Hub,Pune,Electronics,Tablet,19595.85,5.0,15.0,97979.25,14696.89,83282.36,Cash,Loyalty Member,No
TXN02886,2024-02-25,S004,Mumbai Metro Store,Mumbai,Electronics,Tablet,19780.15,4.0,15.0,79120.6,11868.09,67252.51,Cash,Corporate,No
TXN02887,2024-07-03,S004,Mumbai Metro Store,Mumbai,Grocery,Rice (5kg),366.31,6.0,10.0,2197.86,219.79,1978.07,Cash,Corporate,No
TXN02888,2024-12-29,S005,Pune Retail Hub,Pune,Electronics,Laptop,45266.5,1.0,0.0,45266.5,0.0,45266.5,Debit Card,Corporate,No
TXN02889,2024-04-18,S002,Banjara Hills Mart,Hyderabad,Stationery,Notebook Set,206.69,1.0,5.0,206.69,10.33,196.36,Cash,Online,No
TXN02890,2024-06-14,S005,Pune Retail Hub,Pune,Grocery,Spices Pack,99.85,1.0,10.0,99.85,9.98,89.87,Debit Card,Online,No
TXN02891,2024-12-21,S001,Hyderabad Central,Hyderabad,Clothing,T-Shirt,596.85,5.0,0.0,2984.25,0.0,2984.25,UPI,Walk-in,No
TXN02892,2024-04-19,S001,Hyderabad Central,Hyderabad,Home Appliances,Microwave,6188.15,7.0,20.0,43317.05,8663.41,34653.64,UPI,Online,No
TXN02893,2024-09-02,S001,Hyderabad Central,Hyderabad,Electronics,Mobile Phone,9841.21,4.0,20.0,39364.84,7872.97,31491.87,Cash,Walk-in,No
TXN02894,2024-02-16,S003,Chennai Express,Chennai,Stationery,Calculator,408.24,6.0,15.0,2449.44,367.42,2082.02,Credit Card,Loyalty Member,No
TXN02895,2024-10-29,S005,Pune Retail Hub,Pune,Grocery,Flour (10kg),287.45,7.0,5.0,2012.15,100.61,1911.54,Cash,Online,No
TXN02896,2024-10-22,S001,Hyderabad Central,Hyderabad,Clothing,T-Shirt,625.92,2.0,10.0,1251.84,125.18,1126.66,UPI,Loyalty Member,No
TXN02897,2024-01-06,S005,Pune Retail Hub,Pune,Electronics,Laptop,46287.92,1.0,0.0,46287.92,0.0,46287.92,Cash,Loyalty Member,No
TXN02898,2024-12-16,S001,Hyderabad Central,Hyderabad,Electronics,Tablet,18257.35,4.0,20.0,73029.4,14605.88,58423.52,UPI,Walk-in,No
TXN02899,2024-02-22,S003,Chennai Express,Chennai,Home Appliances,Fan,1660.32,8.0,0.0,13282.56,0.0,13282.56,Credit Card,Loyalty Member,No
TXN02900,2024-06-29,S002,Banjara Hills Mart,Hyderabad,Home Appliances,Water Purifier,8838.06,6.0,20.0,53028.36,10605.67,42422.69,Debit Card,Online,No
TXN02901,2024-11-24,S004,Mumbai Metro Store,Mumbai,Grocery,Spices Pack,95.85,7.0,0.0,670.95,0.0,670.95,UPI,Walk-in,No
TXN02902,2024-02-22,S002,Banjara Hills Mart,Hyderabad,Home Appliances,Fan,1570.65,4.0,15.0,6282.6,942.39,5340.21,Credit Card,Corporate,No
TXN02903,2024-01-18,S004,Mumbai Metro Store,Mumbai,Stationery,Stapler,154.96,6.0,10.0,929.76,92.98,836.78,Cash,Loyalty Member,No
TXN02904,2024-08-29,S001,Hyderabad Central,Hyderabad,Electronics,Smart Watch,5738.38,8.0,5.0,45907.04,2295.35,43611.69,UPI,Corporate,No
TXN02905,2024-06-07,S001,Hyderabad Central,Hyderabad,Clothing,Jacket,1998.1,7.0,20.0,13986.7,2797.34,11189.36,Cash,Corporate,No
TXN02906,2024-12-18,S003,Chennai Express,Chennai,Electronics,Mobile Phone,9876.7,7.0,20.0,69136.9,13827.38,55309.52,Net Banking,Walk-in,No
TXN02907,2024-10-19,S003,Chennai Express,Chennai,Clothing,Jacket,2054.8,1.0,15.0,2054.8,308.22,1746.58,Net Banking,Corporate,No
TXN02908,2024-02-04,S003,Chennai Express,Chennai,Electronics,Tablet,19626.02,2.0,0.0,39252.04,0.0,39252.04,UPI,Corporate,No
TXN02909,2024-10-28,S005,Pune Retail Hub,Pune,Stationery,File Folder,80.08,6.0,5.0,480.48,24.02,456.46,Cash,Online,No
TXN02910,2024-03-08,S005,Pune Retail Hub,Pune,Grocery,Pulses,141.78,5.0,15.0,708.9,106.33,602.57,Cash,Walk-in,No
TXN02911,2024-01-13,S003,Chennai Express,Chennai,Electronics,Smart Watch,6234.61,6.0,0.0,37407.66,0.0,37407.66,Net Banking,Corporate,No
TXN02912,2024-02-03,S004,Mumbai Metro Store,Mumbai,Home Appliances,Microwave,6324.22,3.0,20.0,18972.66,3794.53,15178.13,Cash,Online,No
TXN02913,2024-01-17,S004,Mumbai Metro Store,Mumbai,Clothing,T-Shirt,626.5,1.0,15.0,626.5,93.97,532.53,Debit Card,Online,No
TXN02914,2024-05-06,S002,Banjara Hills Mart,Hyderabad,Electronics,Smart Watch,5718.99,6.0,20.0,34313.94,6862.79,27451.15,Cash,Online,No
TXN02915,2024-02-22,S002,Banjara Hills Mart,Hyderabad,Home Appliances,Microwave,6288.95,3.0,5.0,18866.85,943.34,17923.51,Debit Card,Loyalty Member,No
TXN02916,2024-03-15,S005,Pune Retail Hub,Pune,Home Appliances,Water Purifier,8729.23,3.0,20.0,26187.69,5237.54,20950.15,Credit Card,Walk-in,No
TXN02917,,S005,Pune Retail Hub,Pune,Electronics,Laptop,46370.26,10.0,-5.0,,,,Debit Card,Corporate,Yes
TXN02918,2024-09-07,S004,Mumbai Metro Store,Mumbai,Electronics,Earphones,1530.15,1.0,10.0,1530.15,153.01,1377.14,Credit Card,Online,No
TXN02919,,S002,Banjara Hills Mart,Hyderabad,Stationery,Stapler,146.01,,101.0,,,,UPI,Online,No
TXN02920,2024-08-14,S003,Chennai Express,Chennai,Clothing,Saree,2466.1,7.0,20.0,17262.7,3452.54,13810.16,Cash,Online,No
TXN02921,,S004,Mumbai Metro Store,Mumbai,Electronics,Mobile Phone,9931.68,3.0,101.0,,,,Cash,Online,Yes
TXN02922,2024-06-04,S001,Hyderabad Central,Hyderabad,Home Appliances,Microwave,6244.57,4.0,15.0,24978.28,3746.74,21231.54,Cash,Online,No
TXN02923,2024-12-29,S002,Banjara Hills Mart,Hyderabad,Electronics,Smart Watch,5873.01,7.0,20.0,41111.07,8222.21,32888.86,Net Banking,Corporate,No
TXN02924,2024-04-09,S002,Banjara Hills Mart,Hyderabad,Home Appliances,Water Purifier,8646.05,8.0,10.0,69168.4,6916.84,62251.56,Debit Card,Corporate,No
TXN02925,2024-09-12,S004,Mumbai Metro Store,Mumbai,Grocery,Spices Pack,100.16,2.0,0.0,200.32,0.0,200.32,Debit Card,Online,No
TXN02926,2024-10-09,S003,Chennai Express,Chennai,Home Appliances,Fan,1556.13,1.0,20.0,1556.13,311.23,1244.9,UPI,Walk-in,No
TXN02927,2024-07-21,S003,Chennai Express,Chennai,Home Appliances,Mixer Grinder,2840.13,6.0,0.0,17040.78,0.0,17040.78,Cash,Corporate,No
TXN02928,2024-03-14,S002,Banjara Hills Mart,Hyderabad,Electronics,Smart Watch,5755.59,2.0,5.0,11511.18,575.56,10935.62,UPI,Online,No
TXN02929,2024-11-23,S002,Banjara Hills Mart,Hyderabad,Home Appliances,Mixer Grinder,2922.43,2.0,5.0,5844.86,292.24,5552.62,UPI,Walk-in,No
TXN02930,2024-01-02,S002,Banjara Hills Mart,Hyderabad,Clothing,Jeans,1238.88,7.0,10.0,8672.16,867.22,7804.94,UPI,Online,No
TXN02931,2024-03-14,S005,Pune Retail Hub,Pune,Clothing,Jeans,1274.4,4.0,10.0,5097.6,509.76,4587.84,UPI,Walk-in,No
TXN02932,2024-12-01,S004,Mumbai Metro Store,Mumbai,Electronics,Earphones,1456.23,3.0,15.0,4368.69,655.3,3713.39,UPI,Online,Yes
TXN02933,2024-02-07,S005,Pune Retail Hub,Pune,Clothing,Jacket,2085.7,7.0,20.0,14599.9,2919.98,11679.92,Debit Card,Loyalty Member,No
TXN02934,2024-03-28,S005,Pune Retail Hub,Pune,Stationery,Calculator,402.63,2.0,5.0,805.26,40.26,765.0,Cash,Walk-in,No
TXN02935,2024-05-21,S002,Banjara Hills Mart,Hyderabad,Stationery,Pen Box,98.84,3.0,10.0,296.52,29.65,266.87,Credit Card,Online,No
TXN02936,2024-12-24,S003,Chennai Express,Chennai,Electronics,Smart Watch,5879.87,8.0,0.0,47038.96,0.0,47038.96,Debit Card,Corporate,No
TXN02937,2024-07-22,S001,Hyderabad Central,Hyderabad,Clothing,Saree,2606.12,6.0,5.0,15636.72,781.84,14854.88,Net Banking,Corporate,No
TXN02938,2024-10-06,S003,Chennai Express,Chennai,Grocery,Cooking Oil,189.56,7.0,15.0,1326.92,199.04,1127.88,Debit Card,Online,No
TXN02939,2024-06-26,S002,Banjara Hills Mart,Hyderabad,Grocery,Pulses,143.81,2.0,10.0,287.62,28.76,258.86,Credit Card,Corporate,No
TXN02940,,S004,Mumbai Metro Store,Mumbai,Grocery,Spices Pack,97.8,9.0,-5.0,,,,Credit Card,Corporate,No
TXN02941,2024-03-12,S002,Banjara Hills Mart,Hyderabad,Grocery,Rice (5kg),360.21,8.0,0.0,2881.68,0.0,2881.68,Debit Card,Loyalty Member,No
TXN02942,2024-10-11,S003,Chennai Express,Chennai,Clothing,Saree,2519.2,4.0,10.0,10076.8,1007.68,9069.12,Credit Card,Walk-in,No
TXN02943,2024-01-21,S005,Pune Retail Hub,Pune,Clothing,Jacket,2087.66,6.0,10.0,12525.96,1252.6,11273.36,Debit Card,Corporate,No
TXN02944,2024-11-08,S005,Pune Retail Hub,Pune,Home Appliances,Microwave,6805.21,8.0,15.0,54441.68,8166.25,46275.43,Cash,Corporate,No
TXN02945,2024-05-07,S003,Chennai Express,Chennai,Home Appliances,Fan,1643.83,1.0,15.0,1643.83,246.57,1397.26,Cash,Walk-in,No
TXN02946,2024-01-17,S004,Mumbai Metro Store,Mumbai,Clothing,Jacket,1991.33,5.0,15.0,9956.65,1493.5,8463.15,UPI,Online,No
TXN02947,,S005,Pune Retail Hub,Pune,Grocery,Cooking Oil,195.23,1.0,-5.0,,,,Credit Card,Corporate,No
TXN02948,2024-09-10,S005,Pune Retail Hub,Pune,Grocery,Flour (10kg),299.65,4.0,0.0,1198.6,0.0,1198.6,Net Banking,Online,No
TXN02949,2024-07-22,S003,Chennai Express,Chennai,Clothing,Jacket,2094.87,2.0,15.0,4189.74,628.46,3561.28,Net Banking,Online,No
TXN02950,2024-06-15,S001,Hyderabad Central,Hyderabad,Clothing,T-Shirt,617.73,5.0,10.0,3088.65,308.87,2779.78,Debit Card,Walk-in,No
TXN02951,2024-08-01,S004,Mumbai Metro Store,Mumbai,Clothing,Saree,2439.46,3.0,15.0,7318.38,1097.76,6220.62,Cash,Walk-in,No
TXN02952,2024-10-09,S003,Chennai Express,Chennai,Stationery,Calculator,379.84,6.0,10.0,2279.04,227.9,2051.14,Net Banking,Online,No
TXN02953,2024-02-02,S001,Hyderabad Central,Hyderabad,Electronics,Tablet,19523.69,4.0,5.0,78094.76,3904.74,74190.02,Net Banking,Corporate,No
TXN02954,2024-04-01,S002,Banjara Hills Mart,Hyderabad,Electronics,Mobile Phone,9613.2,7.0,10.0,67292.4,6729.24,60563.16,Credit Card,Walk-in,No
TXN02955,2024-12-16,S004,Mumbai Metro Store,Mumbai,Clothing,T-Shirt,582.16,5.0,0.0,2910.8,0.0,2910.8,Cash,Online,Yes
TXN02956,,S004,Mumbai Metro Store,Mumbai,Stationery,Stapler,143.43,2.0,-5.0,,,,Credit Card,Walk-in,Yes
TXN02957,2024-10-11,S003,Chennai Express,Chennai,Grocery,Rice (5kg),334.61,6.0,5.0,2007.66,100.38,1907.28,UPI,Walk-in,No
TXN02958,2024-05-27,S001,Hyderabad Central,Hyderabad,Home Appliances,Iron Box,937.39,8.0,20.0,7499.12,1499.82,5999.3,Net Banking,Online,No
TXN02959,2024-11-25,S005,Pune Retail Hub,Pune,Electronics,Tablet,19746.03,3.0,10.0,59238.09,5923.81,53314.28,Credit Card,Walk-in,No
TXN02960,2024-07-27,S002,Banjara Hills Mart,Hyderabad,Home Appliances,Mixer Grinder,2879.91,8.0,20.0,23039.28,4607.86,18431.42,Credit Card,Loyalty Member,No
TXN02961,2024-10-19,S002,Banjara Hills Mart,Hyderabad,Stationery,Stapler,154.63,2.0,20.0,309.26,61.85,247.41,Cash,Walk-in,No
TXN02962,2024-03-21,S001,Hyderabad Central,Hyderabad,Grocery,Cooking Oil,188.45,1.0,20.0,188.45,37.69,150.76,UPI,Online,Yes
TXN02963,2024-02-21,S001,Hyderabad Central,Hyderabad,Clothing,Saree,2557.79,8.0,15.0,20462.32,3069.35,17392.97,Net Banking,Corporate,No
TXN02964,2024-11-10,S005,Pune Retail Hub,Pune,Electronics,Earphones,1470.56,3.0,10.0,4411.68,441.17,3970.51,Credit Card,Walk-in,No
TXN02965,,S005,Pune Retail Hub,Pune,Home Appliances,Microwave,6818.99,5.0,-5.0,,,,Net Banking,Walk-in,Yes
TXN02966,2024-02-09,S001,Hyderabad Central,Hyderabad,Electronics,Mobile Phone,9900.38,1.0,20.0,9900.38,1980.08,7920.3,UPI,Walk-in,No
TXN02967,2024-10-24,S002,Banjara Hills Mart,Hyderabad,Clothing,Saree,2557.89,4.0,15.0,10231.56,1534.73,8696.83,Credit Card,Online,No
TXN02968,2024-07-10,S005,Pune Retail Hub,Pune,Stationery,File Folder,79.75,8.0,15.0,638.0,95.7,542.3,Debit Card,Corporate,No
TXN02969,2024-08-18,S004,Mumbai Metro Store,Mumbai,Stationery,Calculator,407.15,7.0,15.0,2850.05,427.51,2422.54,Net Banking,Corporate,No
TXN02970,2024-12-16,S003,Chennai Express,Chennai,Electronics,Smart Watch,6157.46,5.0,15.0,30787.3,4618.1,26169.2,Debit Card,Corporate,No
TXN02971,2024-02-05,S004,Mumbai Metro Store,Mumbai,Clothing,Formal Shirt,940.54,5.0,15.0,4702.7,705.4,3997.3,Cash,Corporate,Yes
TXN02972,2024-08-14,S003,Chennai Express,Chennai,Grocery,Flour (10kg),291.61,2.0,10.0,583.22,58.32,524.9,UPI,Corporate,No
TXN02973,2024-09-02,S001,Hyderabad Central,Hyderabad,Electronics,Mobile Phone,10411.24,1.0,15.0,10411.24,1561.69,8849.55,Debit Card,Walk-in,Yes
TXN02974,2024-04-23,S003,Chennai Express,Chennai,Grocery,Flour (10kg),302.26,5.0,20.0,1511.3,302.26,1209.04,Cash,Online,No
TXN02975,2024-09-27,S003,Chennai Express,Chennai,Grocery,Cooking Oil,179.61,3.0,20.0,538.83,107.77,431.06,Net Banking,Loyalty Member,No
TXN02976,2024-09-13,S002,Banjara Hills Mart,Hyderabad,Home Appliances,Iron Box,881.47,1.0,10.0,881.47,88.15,793.32,Credit Card,Loyalty Member,No
TXN02977,2024-06-29,S002,Banjara Hills Mart,Hyderabad,Grocery,Spices Pack,101.34,4.0,0.0,405.36,0.0,405.36,UPI,Walk-in,No
TXN02978,2024-10-20,S004,Mumbai Metro Store,Mumbai,Home Appliances,Microwave,6549.84,2.0,5.0,13099.68,654.98,12444.7,Debit Card,Walk-in,No
TXN02979,2024-08-27,S002,Banjara Hills Mart,Hyderabad,Clothing,Jeans,1235.98,3.0,0.0,3707.94,0.0,3707.94,Credit Card,Online,No
TXN02980,2024-04-15,S005,Pune Retail Hub,Pune,Electronics,Tablet,18357.78,2.0,0.0,36715.56,0.0,36715.56,Net Banking,Corporate,No
TXN02981,2024-08-10,S004,Mumbai Metro Store,Mumbai,Grocery,Spices Pack,98.34,8.0,20.0,786.72,157.34,629.38,Debit Card,Online,No
TXN02982,2024-10-06,S001,Hyderabad Central,Hyderabad,Grocery,Rice (5kg),336.35,8.0,20.0,2690.8,538.16,2152.64,Cash,Online,No
TXN02983,2024-12-04,S001,Hyderabad Central,Hyderabad,Clothing,T-Shirt,603.15,4.0,10.0,2412.6,241.26,2171.34,Credit Card,Loyalty Member,No
TXN02984,2024-03-05,S005,Pune Retail Hub,Pune,Electronics,Earphones,1433.93,3.0,15.0,4301.79,645.27,3656.52,Credit Card,Corporate,No
TXN02985,2024-01-29,S003,Chennai Express,Chennai,Grocery,Spices Pack,95.76,2.0,5.0,191.52,9.58,181.94,Cash,Online,No
TXN02986,2024-04-22,S002,Banjara Hills Mart,Hyderabad,Electronics,Mobile Phone,10478.8,5.0,20.0,52394.0,10478.8,41915.2,Cash,Online,No
TXN02987,2024-08-27,S005,Pune Retail Hub,Pune,Grocery,Rice (5kg),361.85,3.0,10.0,1085.55,108.56,976.99,Debit Card,Walk-in,No
TXN02988,2024-04-02,S001,Hyderabad Central,Hyderabad,Electronics,Earphones,1438.65,1.0,20.0,1438.65,287.73,1150.92,UPI,Online,No
TXN02989,2024-09-11,S004,Mumbai Metro Store,Mumbai,Electronics,Smart Watch,6085.37,5.0,15.0,30426.85,4564.03,25862.82,Net Banking,Corporate,No
TXN02990,2024-07-23,S003,Chennai Express,Chennai,Grocery,Cooking Oil,196.83,5.0,5.0,984.15,49.21,934.94,Net Banking,Corporate,No
TXN02991,2024-09-12,S001,Hyderabad Central,Hyderabad,Grocery,Spices Pack,98.8,7.0,15.0,691.6,103.74,587.86,UPI,Corporate,No
TXN02992,,S002,Banjara Hills Mart,Hyderabad,Stationery,Stapler,144.29,9.0,,,,,UPI,Corporate,No
TXN02993,2024-05-28,S001,Hyderabad Central,Hyderabad,Stationery,File Folder,79.76,6.0,0.0,478.56,0.0,478.56,Cash,Walk-in,No
TXN02994,2024-05-19,S004,Mumbai Metro Store,Mumbai,Electronics,Mobile Phone,10380.58,5.0,15.0,51902.9,7785.44,44117.46,Credit Card,Walk-in,No
TXN02995,2024-09-27,S002,Banjara Hills Mart,Hyderabad,Grocery,Spices Pack,99.54,7.0,15.0,696.78,104.52,592.26,Net Banking,Corporate,No
TXN02996,2024-06-06,S003,Chennai Express,Chennai,Home Appliances,Mixer Grinder,2926.97,8.0,15.0,23415.76,3512.36,19903.4,Net Banking,Online,No
TXN02997,2024-07-22,S004,Mumbai Metro Store,Mumbai,Grocery,Cooking Oil,191.6,1.0,15.0,191.6,28.74,162.86,Cash,Walk-in,No
TXN02998,2024-11-07,S002,Banjara Hills Mart,Hyderabad,Electronics,Tablet,18551.07,8.0,5.0,148408.56,7420.43,140988.13,UPI,Loyalty Member,No
TXN02999,2024-08-20,S001,Hyderabad Central,Hyderabad,Home Appliances,Water Purifier,9432.11,2.0,5.0,18864.22,943.21,17921.01,Credit Card,Online,No
TXN03000,2024-07-19,S002,Banjara Hills Mart,Hyderabad,Electronics,Mobile Phone,10152.11,4.0,15.0,40608.44,6091.27,34517.17,UPI,Online,No
TXN03001,2024-06-07,S001,Hyderabad Central,Hyderabad,Grocery,Spices Pack,97.97,4.0,10.0,391.88,39.19,352.69,UPI,Walk-in,No
TXN03002,2024-03-23,S003,Chennai Express,Chennai,Stationery,Notebook Set,191.67,3.0,20.0,575.01,115.0,460.01,UPI,Corporate,No
TXN03003,,S003,Chennai Express,Chennai,Grocery,Spices Pack,102.72,1.0,-5.0,,,,Cash,Corporate,No
TXN03004,2024-11-04,S005,Pune Retail Hub,Pune,Home Appliances,Fan,1572.43,7.0,15.0,11007.01,1651.05,9355.96,Credit Card,Online,No
TXN03005,,S004,Mumbai Metro Store,Mumbai,Clothing,Formal Shirt,879.26,8.0,-5.0,,,,Debit Card,Loyalty Member,No
TXN03006,2024-06-21,S005,Pune Retail Hub,Pune,Electronics,Tablet,18555.74,8.0,20.0,148445.92,29689.18,118756.74,UPI,Loyalty Member,No
TXN03007,2024-10-02,S003,Chennai Express,Chennai,Stationery,File Folder,81.79,5.0,5.0,408.95,20.45,388.5,Credit Card,Walk-in,No
TXN03008,2024-12-14,S005,Pune Retail Hub,Pune,Home Appliances,Water Purifier,8751.21,6.0,20.0,52507.26,10501.45,42005.81,Cash,Walk-in,No
TXN03009,2024-02-04,S003,Chennai Express,Chennai,Home Appliances,Mixer Grinder,2911.01,8.0,20.0,23288.08,4657.62,18630.46,UPI,Loyalty Member,No
TXN03010,2024-06-20,S001,Hyderabad Central,Hyderabad,Grocery,Cooking Oil,193.61,8.0,10.0,1548.88,154.89,1393.99,Net Banking,Walk-in,No
TXN03011,2024-11-03,S001,Hyderabad Central,Hyderabad,Home Appliances,Water Purifier,9328.64,3.0,5.0,27985.92,1399.3,26586.62,Credit Card,Online,No
TXN03012,,S003,Chennai Express,Chennai,Electronics,Tablet,18469.73,7.0,101.0,,,,Debit Card,Corporate,No
TXN03013,2024-03-19,S005,Pune Retail Hub,Pune,Electronics,Earphones,1566.32,5.0,0.0,7831.6,0.0,7831.6,Net Banking,Loyalty Member,Yes
TXN03014,2024-01-22,S004,Mumbai Metro Store,Mumbai,Electronics,Laptop,47738.81,5.0,5.0,238694.05,11934.7,226759.35,Credit Card,Corporate,No
TXN03015,2024-07-01,S004,Mumbai Metro Store,Mumbai,Home Appliances,Iron Box,854.64,7.0,15.0,5982.48,897.37,5085.11,UPI,Walk-in,No
TXN03016,2024-01-06,S001,Hyderabad Central,Hyderabad,Stationery,File Folder,78.21,2.0,0.0,156.42,0.0,156.42,Cash,Walk-in,No
TXN03017,2024-11-13,S005,Pune Retail Hub,Pune,Grocery,Cooking Oil,196.93,3.0,10.0,590.79,59.08,531.71,UPI,Online,No
TXN03018,2024-07-06,S002,Banjara Hills Mart,Hyderabad,Electronics,Smart Watch,5998.62,6.0,10.0,35991.72,3599.17,32392.55,Net Banking,Online,No
TXN03019,2024-01-07,S002,Banjara Hills Mart,Hyderabad,Stationery,Stapler,143.13,1.0,0.0,143.13,0.0,143.13,UPI,Loyalty Member,No
TXN03020,2024-04-05,S005,Pune Retail Hub,Pune,Home Appliances,Iron Box,861.06,7.0,0.0,6027.42,0.0,6027.42,UPI,Corporate,No
TXN03021,2024-10-16,S005,Pune Retail Hub,Pune,Grocery,Cooking Oil,184.29,3.0,0.0,552.87,0.0,552.87,Debit Card,Walk-in,No
TXN03022,2024-09-28,S005,Pune Retail Hub,Pune,Electronics,Tablet,18053.58,6.0,20.0,108321.48,21664.3,86657.18,Cash,Corporate,No
TXN03023,2024-12-20,S004,Mumbai Metro Store,Mumbai,Home Appliances,Microwave,6555.28,1.0,5.0,6555.28,327.76,6227.52,UPI,Walk-in,No
TXN03024,2024-07-11,S003,Chennai Express,Chennai,Clothing,Saree,2483.62,3.0,15.0,7450.86,1117.63,6333.23,Debit Card,Online,No
TXN03025,2024-05-10,S001,Hyderabad Central,Hyderabad,Stationery,File Folder,81.85,6.0,15.0,491.1,73.67,417.43,Cash,Corporate,No
TXN03026,2024-03-09,S004,Mumbai Metro Store,Mumbai,Grocery,Pulses,151.31,8.0,15.0,1210.48,181.57,1028.91,Debit Card,Online,No
TXN03027,2024-01-12,S002,Banjara Hills Mart,Hyderabad,Grocery,Pulses,143.27,4.0,20.0,573.08,114.62,458.46,Cash,Online,No
TXN03028,,S003,Chennai Express,Chennai,Grocery,Flour (10kg),309.6,2.0,101.0,,,,Net Banking,Loyalty Member,No
TXN03029,2024-07-12,S002,Banjara Hills Mart,Hyderabad,Electronics,Mobile Phone,10141.92,2.0,10.0,20283.84,2028.38,18255.46,UPI,Walk-in,No
TXN03030,2024-10-01,S004,Mumbai Metro Store,Mumbai,Grocery,Flour (10kg),291.47,1.0,10.0,291.47,29.15,262.32,Cash,Online,No
TXN03031,2024-02-20,S003,Chennai Express,Chennai,Home Appliances,Microwave,6283.02,8.0,20.0,50264.16,10052.83,40211.33,Debit Card,Corporate,No
TXN03032,2024-03-15,S004,Mumbai Metro Store,Mumbai,Clothing,Jeans,1353.61,3.0,20.0,4060.83,812.17,3248.66,UPI,Loyalty Member,No
TXN03033,2024-02-20,S003,Chennai Express,Chennai,Stationery,File Folder,76.23,6.0,20.0,457.38,91.48,365.9,Cash,Loyalty Member,No
TXN03034,2024-04-05,S005,Pune Retail Hub,Pune,Home Appliances,Mixer Grinder,2892.49,2.0,15.0,5784.98,867.75,4917.23,Net Banking,Walk-in,No
TXN03035,2024-12-25,S001,Hyderabad Central,Hyderabad,Stationery,Pen Box,103.66,5.0,15.0,518.3,77.74,440.56,Net Banking,Online,No
TXN03036,2024-08-03,S002,Banjara Hills Mart,Hyderabad,Electronics,Mobile Phone,9500.38,6.0,10.0,57002.28,5700.23,51302.05,Debit Card,Walk-in,No
TXN03037,2024-04-12,S003,Chennai Express,Chennai,Electronics,Laptop,47718.01,5.0,0.0,238590.05,0.0,238590.05,Cash,Walk-in,No
TXN03038,2024-03-29,S001,Hyderabad Central,Hyderabad,Stationery,Notebook Set,197.02,4.0,15.0,788.08,118.21,669.87,Credit Card,Walk-in,No
TXN03039,2024-03-04,S005,Pune Retail Hub,Pune,Home Appliances,Fan,1609.19,8.0,20.0,12873.52,2574.7,10298.82,Credit Card,Online,No
TXN03040,2024-06-20,S001,Hyderabad Central,Hyderabad,Home Appliances,Mixer Grinder,2922.1,8.0,0.0,23376.8,0.0,23376.8,Net Banking,Walk-in,No
TXN03041,2024-11-09,S002,Banjara Hills Mart,Hyderabad,Clothing,Jacket,1965.47,4.0,5.0,7861.88,393.09,7468.79,Debit Card,Loyalty Member,No
TXN03042,2024-03-14,S002,Banjara Hills Mart,Hyderabad,Grocery,Cooking Oil,194.4,5.0,20.0,972.0,194.4,777.6,Credit Card,Online,No
TXN03043,2024-01-31,S005,Pune Retail Hub,Pune,Electronics,Laptop,47605.01,5.0,10.0,238025.05,23802.51,214222.54,Net Banking,Corporate,No
TXN03044,,S005,Pune Retail Hub,Pune,Grocery,Cooking Oil,194.24,5.0,-5.0,,,,UPI,Loyalty Member,No
TXN03045,2024-06-16,S004,Mumbai Metro Store,Mumbai,Grocery,Flour (10kg),290.38,2.0,20.0,580.76,116.15,464.61,UPI,Loyalty Member,No
TXN03046,2024-02-09,S001,Hyderabad Central,Hyderabad,Grocery,Spices Pack,102.1,4.0,20.0,408.4,81.68,326.72,Credit Card,Loyalty Member,No
TXN03047,2024-01-13,S005,Pune Retail Hub,Pune,Stationery,File Folder,81.54,8.0,10.0,652.32,65.23,587.09,Cash,Walk-in,No
TXN03048,2024-04-09,S004,Mumbai Metro Store,Mumbai,Grocery,Pulses,141.83,3.0,0.0,425.49,0.0,425.49,Net Banking,Corporate,No
TXN03049,2024-10-26,S005,Pune Retail Hub,Pune,Stationery,Pen Box,98.33,7.0,20.0,688.31,137.66,550.65,Net Banking,Loyalty Member,No
TXN03050,2024-05-15,S001,Hyderabad Central,Hyderabad,Clothing,T-Shirt,599.4,2.0,15.0,1198.8,179.82,1018.98,Net Banking,Online,No
TXN03051,2024-05-07,S001,Hyderabad Central,Hyderabad,Clothing,Jeans,1278.76,7.0,15.0,8951.32,1342.7,7608.62,Debit Card,Online,No
TXN03052,,S002,Banjara Hills Mart,Hyderabad,Grocery,Cooking Oil,180.53,,-5.0,,,,Debit Card,Loyalty Member,No
TXN03053,2024-11-16,S005,Pune Retail Hub,Pune,Electronics,Earphones,1490.22,4.0,5.0,5960.88,298.04,5662.84,Debit Card,Corporate,No
TXN03054,2024-01-17,S002,Banjara Hills Mart,Hyderabad,Grocery,Rice (5kg),346.11,1.0,20.0,346.11,69.22,276.89,Cash,Walk-in,Yes
TXN03055,2024-11-09,S004,Mumbai Metro Store,Mumbai,Electronics,Tablet,19833.93,8.0,5.0,158671.44,7933.57,150737.87,UPI,Walk-in,No
TXN03056,2024-06-01,S005,Pune Retail Hub,Pune,Grocery,Rice (5kg),341.95,6.0,0.0,2051.7,0.0,2051.7,Debit Card,Corporate,No
TXN03057,2024-05-29,S002,Banjara Hills Mart,Hyderabad,Stationery,Notebook Set,200.54,7.0,10.0,1403.78,140.38,1263.4,Net Banking,Online,No
TXN03058,2024-07-06,S002,Banjara Hills Mart,Hyderabad,Home Appliances,Iron Box,890.81,1.0,0.0,890.81,0.0,890.81,Net Banking,Online,No
TXN03059,2024-08-24,S001,Hyderabad Central,Hyderabad,Home Appliances,Microwave,6820.26,3.0,0.0,20460.78,0.0,20460.78,UPI,Loyalty Member,No
TXN03060,2024-01-03,S003,Chennai Express,Chennai,Grocery,Flour (10kg),307.98,6.0,5.0,1847.88,92.39,1755.49,Debit Card,Walk-in,No
TXN03061,2024-09-05,S005,Pune Retail Hub,Pune,Home Appliances,Iron Box,867.06,5.0,0.0,4335.3,0.0,4335.3,Credit Card,Loyalty Member,No
TXN03062,2024-03-13,S003,Chennai Express,Chennai,Stationery,Notebook Set,193.18,5.0,5.0,965.9,48.3,917.6,Credit Card,Online,No
TXN03063,2024-06-03,S005,Pune Retail Hub,Pune,Stationery,File Folder,80.85,1.0,0.0,80.85,0.0,80.85,Debit Card,Corporate,No
TXN03064,2024-04-20,S005,Pune Retail Hub,Pune,Stationery,Stapler,155.77,3.0,15.0,467.31,70.1,397.21,Credit Card,Corporate,No
TXN03065,2024-12-28,S004,Mumbai Metro Store,Mumbai,Home Appliances,Iron Box,895.06,1.0,5.0,895.06,44.75,850.31,Cash,Loyalty Member,No
TXN03066,2024-09-19,S004,Mumbai Metro Store,Mumbai,Electronics,Tablet,19309.9,1.0,0.0,19309.9,0.0,19309.9,UPI,Loyalty Member,No
TXN03067,2024-04-26,S005,Pune Retail Hub,Pune,Stationery,Pen Box,102.94,6.0,0.0,617.64,0.0,617.64,Net Banking,Corporate,No
TXN03068,2024-02-05,S004,Mumbai Metro Store,Mumbai,Stationery,Notebook Set,194.59,5.0,15.0,972.95,145.94,827.01,Debit Card,Loyalty Member,No
TXN03069,2024-05-14,S005,Pune Retail Hub,Pune,Electronics,Mobile Phone,9622.5,7.0,20.0,67357.5,13471.5,53886.0,Cash,Online,No
TXN03070,2024-03-16,S004,Mumbai Metro Store,Mumbai,Clothing,Jeans,1355.74,7.0,10.0,9490.18,949.02,8541.16,Debit Card,Loyalty Member,No
TXN03071,2024-10-17,S005,Pune Retail Hub,Pune,Stationery,Notebook Set,207.23,2.0,5.0,414.46,20.72,393.74,UPI,Loyalty Member,No
TXN03072,2024-05-09,S001,Hyderabad Central,Hyderabad,Grocery,Pulses,143.83,4.0,20.0,575.32,115.06,460.26,Cash,Walk-in,Yes
TXN03073,2024-12-17,S003,Chennai Express,Chennai,Clothing,Formal Shirt,879.7,4.0,15.0,3518.8,527.82,2990.98,Net Banking,Corporate,Yes
TXN03074,2024-06-13,S004,Mumbai Metro Store,Mumbai,Home Appliances,Fan,1526.91,3.0,20.0,4580.73,916.15,3664.58,Debit Card,Walk-in,No
TXN03075,2024-01-17,S003,Chennai Express,Chennai,Grocery,Spices Pack,103.21,7.0,5.0,722.47,36.12,686.35,UPI,Online,No
TXN03076,2024-01-11,S002,Banjara Hills Mart,Hyderabad,Stationery,Notebook Set,200.48,5.0,0.0,1002.4,0.0,1002.4,Net Banking,Loyalty Member,No
TXN03077,2024-02-11,S005,Pune Retail Hub,Pune,Grocery,Cooking Oil,182.17,2.0,5.0,364.34,18.22,346.12,Credit Card,Online,No
TXN03078,2024-09-16,S003,Chennai Express,Chennai,Home Appliances,Microwave,6634.54,6.0,10.0,39807.24,3980.72,35826.52,Cash,Corporate,No
TXN03079,2024-03-06,S001,Hyderabad Central,Hyderabad,Home Appliances,Iron Box,911.5,6.0,20.0,5469.0,1093.8,4375.2,Net Banking,Walk-in,No
TXN03080,2024-04-13,S002,Banjara Hills Mart,Hyderabad,Stationery,Stapler,155.17,2.0,5.0,310.34,15.52,294.82,UPI,Loyalty Member,No
TXN03081,2024-12-24,S004,Mumbai Metro Store,Mumbai,Home Appliances,Iron Box,887.31,8.0,5.0,7098.48,354.92,6743.56,Net Banking,Walk-in,No
TXN03082,2024-02-18,S003,Chennai Express,Chennai,Home Appliances,Water Purifier,9154.58,3.0,15.0,27463.74,4119.56,23344.18,Cash,Online,No
TXN03083,2024-10-08,S001,Hyderabad Central,Hyderabad,Electronics,Smart Watch,5778.29,5.0,0.0,28891.45,0.0,28891.45,Net Banking,Online,No
TXN03084,2024-05-29,S002,Banjara Hills Mart,Hyderabad,Home Appliances,Iron Box,883.5,3.0,0.0,2650.5,0.0,2650.5,UPI,Corporate,No
TXN03085,2024-02-01,S001,Hyderabad Central,Hyderabad,Electronics,Mobile Phone,10173.37,6.0,10.0,61040.22,6104.02,54936.2,Credit Card,Online,No
TXN03086,2024-02-07,S001,Hyderabad Central,Hyderabad,Grocery,Cooking Oil,186.28,8.0,20.0,1490.24,298.05,1192.19,Credit Card,Online,No
TXN03087,2024-12-29,S004,Mumbai Metro Store,Mumbai,Grocery,Pulses,154.63,8.0,5.0,1237.04,61.85,1175.19,Credit Card,Online,No
TXN03088,2024-10-22,S005,Pune Retail Hub,Pune,Home Appliances,Mixer Grinder,2835.32,8.0,15.0,22682.56,3402.38,19280.18,Net Banking,Loyalty Member,No
TXN03089,2024-10-05,S005,Pune Retail Hub,Pune,Grocery,Spices Pack,94.33,4.0,10.0,377.32,37.73,339.59,Credit Card,Walk-in,No
TXN03090,2024-06-15,S002,Banjara Hills Mart,Hyderabad,Clothing,T-Shirt,583.94,4.0,0.0,2335.76,0.0,2335.76,Credit Card,Corporate,No
TXN03091,2024-05-11,S004,Mumbai Metro Store,Mumbai,Stationery,Notebook Set,196.87,8.0,0.0,1574.96,0.0,1574.96,Net Banking,Corporate,No
TXN03092,2024-02-22,S002,Banjara Hills Mart,Hyderabad,Clothing,T-Shirt,615.83,8.0,5.0,4926.64,246.33,4680.31,Debit Card,Online,No
TXN03093,2024-08-02,S004,Mumbai Metro Store,Mumbai,Home Appliances,Iron Box,875.07,1.0,10.0,875.07,87.51,787.56,Credit Card,Walk-in,Yes
TXN03094,2024-10-14,S005,Pune Retail Hub,Pune,Stationery,Stapler,155.5,7.0,0.0,1088.5,0.0,1088.5,Net Banking,Corporate,No
TXN03095,2024-05-01,S001,Hyderabad Central,Hyderabad,Clothing,Formal Shirt,863.77,6.0,15.0,5182.62,777.39,4405.23,Net Banking,Online,No
TXN03096,2024-03-15,S001,Hyderabad Central,Hyderabad,Electronics,Earphones,1509.33,4.0,0.0,6037.32,0.0,6037.32,UPI,Corporate,No
TXN03097,2024-08-27,S004,Mumbai Metro Store,Mumbai,Electronics,Tablet,19593.15,4.0,5.0,78372.6,3918.63,74453.97,Credit Card,Online,Yes
TXN03098,2024-05-24,S002,Banjara Hills Mart,Hyderabad,Electronics,Smart Watch,6180.4,1.0,0.0,6180.4,0.0,6180.4,Net Banking,Online,No
TXN03099,2024-04-18,S001,Hyderabad Central,Hyderabad,Home Appliances,Mixer Grinder,2825.66,3.0,5.0,8476.98,423.85,8053.13,Debit Card,Loyalty Member,No
TXN03100,2024-01-08,S001,Hyderabad Central,Hyderabad,Home Appliances,Microwave,6474.54,1.0,5.0,6474.54,323.73,6150.81,Net Banking,Online,No
TXN03101,2024-09-01,S005,Pune Retail Hub,Pune,Home Appliances,Water Purifier,9069.13,4.0,20.0,36276.52,7255.3,29021.22,Cash,Walk-in,No
TXN03102,2024-07-29,S001,Hyderabad Central,Hyderabad,Grocery,Flour (10kg),293.11,7.0,5.0,2051.77,102.59,1949.18,Cash,Loyalty Member,No
TXN03103,2024-09-20,S003,Chennai Express,Chennai,Electronics,Laptop,44743.52,3.0,5.0,134230.56,6711.53,127519.03,Debit Card,Loyalty Member,No
TXN03104,2024-12-19,S003,Chennai Express,Chennai,Stationery,Stapler,149.59,5.0,0.0,747.95,0.0,747.95,Debit Card,Walk-in,No
TXN03105,2024-07-18,S002,Banjara Hills Mart,Hyderabad,Electronics,Laptop,43763.88,4.0,10.0,175055.52,17505.55,157549.97,Credit Card,Corporate,Yes
TXN03106,2024-07-23,S004,Mumbai Metro Store,Mumbai,Electronics,Earphones,1426.8,2.0,20.0,2853.6,570.72,2282.88,UPI,Corporate,No
TXN03107,2024-04-22,S003,Chennai Express,Chennai,Home Appliances,Fan,1648.57,4.0,10.0,6594.28,659.43,5934.85,Cash,Corporate,Yes
TXN03108,2024-03-13,S005,Pune Retail Hub,Pune,Grocery,Rice (5kg),340.39,6.0,5.0,2042.34,102.12,1940.22,Cash,Loyalty Member,No
TXN03109,2024-03-21,S003,Chennai Express,Chennai,Electronics,Tablet,18560.75,7.0,15.0,129925.25,19488.79,110436.46,Cash,Loyalty Member,No
TXN03110,2024-10-02,S003,Chennai Express,Chennai,Clothing,T-Shirt,577.07,4.0,5.0,2308.28,115.41,2192.87,Debit Card,Walk-in,No
TXN03111,2024-12-05,S001,Hyderabad Central,Hyderabad,Home Appliances,Iron Box,887.42,1.0,10.0,887.42,88.74,798.68,Net Banking,Walk-in,No
TXN03112,2024-07-21,S004,Mumbai Metro Store,Mumbai,Grocery,Flour (10kg),298.92,2.0,10.0,597.84,59.78,538.06,Debit Card,Walk-in,No
TXN03113,2024-10-05,S001,Hyderabad Central,Hyderabad,Home Appliances,Microwave,6674.68,5.0,20.0,33373.4,6674.68,26698.72,UPI,Walk-in,No
TXN03114,2024-08-08,S001,Hyderabad Central,Hyderabad,Clothing,Jeans,1344.44,5.0,10.0,6722.2,672.22,6049.98,Net Banking,Loyalty Member,No
TXN03115,2024-01-02,S001,Hyderabad Central,Hyderabad,Clothing,Jacket,2040.61,3.0,15.0,6121.83,918.27,5203.56,Credit Card,Corporate,No
TXN03116,2024-05-21,S001,Hyderabad Central,Hyderabad,Stationery,File Folder,79.54,7.0,5.0,556.78,27.84,528.94,Net Banking,Corporate,No
TXN03117,2024-03-25,S002,Banjara Hills Mart,Hyderabad,Home Appliances,Fan,1547.95,6.0,15.0,9287.7,1393.15,7894.55,Cash,Loyalty Member,No
TXN03118,2024-02-14,S002,Banjara Hills Mart,Hyderabad,Clothing,Jeans,1236.19,1.0,0.0,1236.19,0.0,1236.19,Cash,Walk-in,Yes
TXN03119,2024-02-11,S002,Banjara Hills Mart,Hyderabad,Clothing,Jacket,2089.91,1.0,10.0,2089.91,208.99,1880.92,Net Banking,Walk-in,No
TXN03120,2024-06-10,S005,Pune Retail Hub,Pune,Grocery,Flour (10kg),301.58,4.0,5.0,1206.32,60.32,1146.0,Cash,Loyalty Member,Yes
TXN03121,2024-09-07,S002,Banjara Hills Mart,Hyderabad,Grocery,Cooking Oil,184.09,3.0,15.0,552.27,82.84,469.43,Cash,Loyalty Member,No
TXN03122,2024-07-07,S004,Mumbai Metro Store,Mumbai,Electronics,Smart Watch,5747.86,4.0,20.0,22991.44,4598.29,18393.15,Net Banking,Online,No
TXN03123,2024-07-13,S005,Pune Retail Hub,Pune,Clothing,Jacket,2038.68,6.0,0.0,12232.08,0.0,12232.08,Cash,Corporate,No
TXN03124,2024-09-30,S004,Mumbai Metro Store,Mumbai,Clothing,T-Shirt,608.31,2.0,0.0,1216.62,0.0,1216.62,Cash,Corporate,No
TXN03125,2024-09-14,S005,Pune Retail Hub,Pune,Home Appliances,Water Purifier,8927.2,4.0,20.0,35708.8,7141.76,28567.04,Net Banking,Walk-in,No
TXN03126,2024-04-15,S003,Chennai Express,Chennai,Grocery,Rice (5kg),347.06,8.0,15.0,2776.48,416.47,2360.01,Debit Card,Walk-in,No
TXN03127,2024-05-26,S004,Mumbai Metro Store,Mumbai,Electronics,Mobile Phone,10115.51,5.0,10.0,50577.55,5057.76,45519.79,Credit Card,Loyalty Member,No
TXN03128,2024-01-25,S004,Mumbai Metro Store,Mumbai,Stationery,Notebook Set,198.47,2.0,20.0,396.94,79.39,317.55,Credit Card,Corporate,No
TXN03129,2024-07-14,S005,Pune Retail Hub,Pune,Stationery,Pen Box,95.1,8.0,5.0,760.8,38.04,722.76,Debit Card,Walk-in,No
TXN03130,2024-06-16,S004,Mumbai Metro Store,Mumbai,Clothing,Jacket,2089.63,7.0,20.0,14627.41,2925.48,11701.93,UPI,Loyalty Member,No
TXN03131,2024-09-05,S005,Pune Retail Hub,Pune,Home Appliances,Microwave,6749.78,1.0,5.0,6749.78,337.49,6412.29,Net Banking,Walk-in,No
TXN03132,2024-10-24,S005,Pune Retail Hub,Pune,Electronics,Smart Watch,5863.8,4.0,15.0,23455.2,3518.28,19936.92,Net Banking,Loyalty Member,No
TXN03133,2024-08-15,S002,Banjara Hills Mart,Hyderabad,Stationery,Notebook Set,204.67,1.0,5.0,204.67,10.23,194.44,Net Banking,Online,No
TXN03134,2024-04-07,S004,Mumbai Metro Store,Mumbai,Grocery,Spices Pack,99.43,4.0,20.0,397.72,79.54,318.18,Credit Card,Online,No
TXN03135,2024-07-26,S004,Mumbai Metro Store,Mumbai,Home Appliances,Iron Box,870.02,2.0,10.0,1740.04,174.0,1566.04,Cash,Walk-in,No
TXN03136,2024-06-26,S002,Banjara Hills Mart,Hyderabad,Electronics,Tablet,18755.74,2.0,5.0,37511.48,1875.57,35635.91,Debit Card,Loyalty Member,No
TXN03137,2024-01-24,S005,Pune Retail Hub,Pune,Clothing,T-Shirt,599.5,1.0,0.0,599.5,0.0,599.5,UPI,Loyalty Member,No
TXN03138,2024-05-12,S001,Hyderabad Central,Hyderabad,Stationery,Pen Box,96.22,8.0,20.0,769.76,153.95,615.81,Net Banking,Walk-in,No
TXN03139,2024-07-23,S002,Banjara Hills Mart,Hyderabad,Clothing,Saree,2468.18,7.0,10.0,17277.26,1727.73,15549.53,Debit Card,Loyalty Member,No
TXN03140,2024-02-25,S004,Mumbai Metro Store,Mumbai,Stationery,Notebook Set,189.42,4.0,15.0,757.68,113.65,644.03,Debit Card,Walk-in,Yes
TXN03141,2024-04-01,S001,Hyderabad Central,Hyderabad,Clothing,T-Shirt,617.95,1.0,20.0,617.95,123.59,494.36,Credit Card,Walk-in,Yes
TXN03142,2024-07-10,S004,Mumbai Metro Store,Mumbai,Home Appliances,Mixer Grinder,2679.54,4.0,20.0,10718.16,2143.63,8574.53,Net Banking,Loyalty Member,No
TXN03143,2024-12-03,S002,Banjara Hills Mart,Hyderabad,Clothing,Saree,2423.49,2.0,10.0,4846.98,484.7,4362.28,Credit Card,Online,No
TXN03144,2024-12-08,S005,Pune Retail Hub,Pune,Clothing,Formal Shirt,923.93,2.0,5.0,1847.86,92.39,1755.47,Cash,Online,No
TXN03145,2024-08-21,S001,Hyderabad Central,Hyderabad,Stationery,File Folder,75.63,3.0,15.0,226.89,34.03,192.86,Credit Card,Walk-in,No
TXN03146,2024-12-06,S004,Mumbai Metro Store,Mumbai,Clothing,Formal Shirt,898.07,6.0,0.0,5388.42,0.0,5388.42,Debit Card,Walk-in,No
TXN03147,2024-02-13,S002,Banjara Hills Mart,Hyderabad,Home Appliances,Fan,1533.57,7.0,10.0,10734.99,1073.5,9661.49,Net Banking,Walk-in,No
TXN03148,2024-05-16,S003,Chennai Express,Chennai,Clothing,Jacket,1937.54,5.0,10.0,9687.7,968.77,8718.93,Credit Card,Loyalty Member,No
TXN03149,2024-02-17,S003,Chennai Express,Chennai,Grocery,Spices Pack,103.81,1.0,0.0,103.81,0.0,103.81,Credit Card,Walk-in,No
TXN03150,2024-08-28,S003,Chennai Express,Chennai,Stationery,Calculator,388.47,2.0,5.0,776.94,38.85,738.09,Net Banking,Online,No
TXN03151,2024-10-19,S005,Pune Retail Hub,Pune,Electronics,Tablet,19871.34,3.0,10.0,59614.02,5961.4,53652.62,Debit Card,Corporate,No
TXN03152,2024-08-17,S002,Banjara Hills Mart,Hyderabad,Grocery,Flour (10kg),302.45,2.0,20.0,604.9,120.98,483.92,Credit Card,Loyalty Member,No
TXN03153,2024-08-29,S001,Hyderabad Central,Hyderabad,Home Appliances,Microwave,6795.79,8.0,5.0,54366.32,2718.32,51648.0,Cash,Loyalty Member,No
TXN03154,2024-08-20,S003,Chennai Express,Chennai,Home Appliances,Mixer Grinder,2808.75,7.0,15.0,19661.25,2949.19,16712.06,Credit Card,Corporate,No
TXN03155,2024-12-01,S002,Banjara Hills Mart,Hyderabad,Stationery,Calculator,395.26,7.0,15.0,2766.82,415.02,2351.8,Debit Card,Walk-in,No
TXN03156,2024-04-13,S001,Hyderabad Central,Hyderabad,Clothing,Formal Shirt,935.61,5.0,15.0,4678.05,701.71,3976.34,Net Banking,Corporate,No
TXN03157,2024-06-29,S002,Banjara Hills Mart,Hyderabad,Stationery,Calculator,412.47,8.0,10.0,3299.76,329.98,2969.78,Credit Card,Loyalty Member,No
TXN03158,2024-11-23,S005,Pune Retail Hub,Pune,Grocery,Flour (10kg),294.32,3.0,10.0,882.96,88.3,794.66,Debit Card,Walk-in,No
TXN03159,2024-11-09,S003,Chennai Express,Chennai,Home Appliances,Fan,1678.47,6.0,0.0,10070.82,0.0,10070.82,Net Banking,Walk-in,No
TXN03160,,S002,Banjara Hills Mart,Hyderabad,Stationery,File Folder,80.37,,,,,,Debit Card,Online,No
TXN03161,2024-07-06,S003,Chennai Express,Chennai,Clothing,T-Shirt,580.32,4.0,0.0,2321.28,0.0,2321.28,Credit Card,Online,Yes
TXN03162,2024-08-26,S002,Banjara Hills Mart,Hyderabad,Clothing,T-Shirt,592.31,3.0,5.0,1776.93,88.85,1688.08,Cash,Corporate,No
TXN03163,2024-09-22,S001,Hyderabad Central,Hyderabad,Grocery,Pulses,141.92,4.0,5.0,567.68,28.38,539.3,Debit Card,Corporate,No
TXN03164,,S002,Banjara Hills Mart,Hyderabad,Grocery,Flour (10kg),309.79,9.0,101.0,,,,Credit Card,Loyalty Member,No
TXN03165,2024-09-18,S002,Banjara Hills Mart,Hyderabad,Clothing,Saree,2405.68,4.0,10.0,9622.72,962.27,8660.45,Net Banking,Walk-in,No
TXN03166,2024-12-18,S001,Hyderabad Central,Hyderabad,Home Appliances,Fan,1609.62,4.0,5.0,6438.48,321.92,6116.56,Credit Card,Loyalty Member,No
TXN03167,2024-07-30,S002,Banjara Hills Mart,Hyderabad,Stationery,Calculator,413.02,7.0,15.0,2891.14,433.67,2457.47,UPI,Corporate,No
TXN03168,2024-03-13,S004,Mumbai Metro Store,Mumbai,Electronics,Earphones,1536.84,7.0,0.0,10757.88,0.0,10757.88,UPI,Corporate,No
TXN03169,2024-09-20,S001,Hyderabad Central,Hyderabad,Electronics,Smart Watch,5908.71,6.0,10.0,35452.26,3545.23,31907.03,Cash,Loyalty Member,No
TXN03170,2024-08-27,S001,Hyderabad Central,Hyderabad,Grocery,Spices Pack,100.03,5.0,20.0,500.15,100.03,400.12,Cash,Corporate,No
TXN03171,2024-11-02,S005,Pune Retail Hub,Pune,Stationery,Pen Box,96.12,7.0,5.0,672.84,33.64,639.2,UPI,Corporate,No
TXN03172,2024-12-19,S004,Mumbai Metro Store,Mumbai,Clothing,Saree,2472.75,4.0,5.0,9891.0,494.55,9396.45,UPI,Loyalty Member,No
TXN03173,2024-07-12,S003,Chennai Express,Chennai,Stationery,File Folder,78.67,3.0,0.0,236.01,0.0,236.01,UPI,Walk-in,No
TXN03174,2024-08-24,S004,Mumbai Metro Store,Mumbai,Stationery,Calculator,394.19,8.0,20.0,3153.52,630.7,2522.82,Net Banking,Walk-in,No
TXN03175,2024-02-20,S004,Mumbai Metro Store,Mumbai,Electronics,Mobile Phone,10168.71,5.0,15.0,50843.55,7626.53,43217.02,Debit Card,Loyalty Member,No
TXN03176,2024-08-22,S005,Pune Retail Hub,Pune,Electronics,Smart Watch,6130.81,2.0,5.0,12261.62,613.08,11648.54,Net Banking,Corporate,No
TXN03177,2024-05-09,S001,Hyderabad Central,Hyderabad,Electronics,Smart Watch,6265.29,5.0,15.0,31326.45,4698.97,26627.48,Cash,Online,No
TXN03178,2024-07-19,S004,Mumbai Metro Store,Mumbai,Grocery,Spices Pack,94.7,3.0,5.0,284.1,14.21,269.89,Net Banking,Corporate,No
TXN03179,,S002,Banjara Hills Mart,Hyderabad,Home Appliances,Fan,1536.6,1.0,101.0,,,,Credit Card,Loyalty Member,No
TXN03180,2024-11-01,S004,Mumbai Metro Store,Mumbai,Grocery,Cooking Oil,185.59,3.0,5.0,556.77,27.84,528.93,Debit Card,Corporate,Yes
TXN03181,2024-02-12,S003,Chennai Express,Chennai,Grocery,Rice (5kg),336.88,8.0,15.0,2695.04,404.26,2290.78,Debit Card,Corporate,No
TXN03182,2024-10-02,S002,Banjara Hills Mart,Hyderabad,Clothing,Formal Shirt,924.74,6.0,10.0,5548.44,554.84,4993.6,Net Banking,Corporate,No
TXN03183,2024-09-26,S001,Hyderabad Central,Hyderabad,Stationery,Pen Box,99.42,6.0,5.0,596.52,29.83,566.69,Cash,Walk-in,No
TXN03184,,S003,Chennai Express,Chennai,Grocery,Rice (5kg),349.18,8.0,101.0,,,,Net Banking,Online,No
TXN03185,2024-06-03,S005,Pune Retail Hub,Pune,Clothing,Formal Shirt,906.48,2.0,15.0,1812.96,271.94,1541.02,UPI,Online,No
TXN03186,2024-06-01,S001,Hyderabad Central,Hyderabad,Clothing,Jacket,2040.08,3.0,10.0,6120.24,612.02,5508.22,Debit Card,Loyalty Member,No
TXN03187,2024-03-26,S001,Hyderabad Central,Hyderabad,Home Appliances,Microwave,6632.26,1.0,10.0,6632.26,663.23,5969.03,Debit Card,Loyalty Member,No
TXN03188,,S003,Chennai Express,Chennai,Electronics,Laptop,45218.98,10.0,-5.0,,,,Cash,Walk-in,No
TXN03189,2024-03-03,S002,Banjara Hills Mart,Hyderabad,Clothing,Jeans,1344.57,7.0,0.0,9411.99,0.0,9411.99,Net Banking,Loyalty Member,No
TXN03190,2024-12-02,S002,Banjara Hills Mart,Hyderabad,Stationery,Calculator,412.99,2.0,20.0,825.98,165.2,660.78,Net Banking,Loyalty Member,No
TXN03191,2024-10-30,S004,Mumbai Metro Store,Mumbai,Home Appliances,Mixer Grinder,2798.68,3.0,10.0,8396.04,839.6,7556.44,Debit Card,Loyalty Member,No
TXN03192,2024-02-23,S005,Pune Retail Hub,Pune,Home Appliances,Water Purifier,8752.42,6.0,10.0,52514.52,5251.45,47263.07,Debit Card,Walk-in,No
TXN03193,2024-12-27,S004,Mumbai Metro Store,Mumbai,Home Appliances,Water Purifier,8670.45,7.0,5.0,60693.15,3034.66,57658.49,UPI,Corporate,No
TXN03194,2024-02-22,S003,Chennai Express,Chennai,Electronics,Laptop,44180.26,7.0,15.0,309261.82,46389.27,262872.55,Credit Card,Online,No
TXN03195,2024-08-08,S002,Banjara Hills Mart,Hyderabad,Clothing,Saree,2575.38,1.0,10.0,2575.38,257.54,2317.84,Debit Card,Walk-in,Yes
TXN03196,2024-05-23,S005,Pune Retail Hub,Pune,Electronics,Tablet,18695.08,4.0,5.0,74780.32,3739.02,71041.3,Credit Card,Online,No
TXN03197,2024-05-24,S005,Pune Retail Hub,Pune,Grocery,Spices Pack,95.0,1.0,10.0,95.0,9.5,85.5,Net Banking,Loyalty Member,No
TXN03198,2024-01-02,S003,Chennai Express,Chennai,Grocery,Rice (5kg),354.4,2.0,5.0,708.8,35.44,673.36,Cash,Walk-in,No
TXN03199,2024-04-21,S002,Banjara Hills Mart,Hyderabad,Electronics,Earphones,1504.47,6.0,10.0,9026.82,902.68,8124.14,Cash,Online,No
TXN03200,2024-02-18,S001,Hyderabad Central,Hyderabad,Electronics,Laptop,44075.14,3.0,5.0,132225.42,6611.27,125614.15,Debit Card,Corporate,No
TXN03201,2024-09-13,S003,Chennai Express,Chennai,Home Appliances,Iron Box,869.6,3.0,10.0,2608.8,260.88,2347.92,UPI,Online,No
TXN03202,2024-03-20,S003,Chennai Express,Chennai,Electronics,Smart Watch,6276.03,8.0,5.0,50208.24,2510.41,47697.83,UPI,Walk-in,No
TXN03203,,S003,Chennai Express,Chennai,Electronics,Mobile Phone,9693.26,6.0,101.0,,,,Debit Card,Walk-in,No
TXN03204,2024-02-14,S004,Mumbai Metro Store,Mumbai,Home Appliances,Water Purifier,9235.84,8.0,15.0,73886.72,11083.01,62803.71,Cash,Online,No
TXN03205,2024-08-16,S002,Banjara Hills Mart,Hyderabad,Home Appliances,Fan,1519.83,4.0,20.0,6079.32,1215.86,4863.46,Net Banking,Corporate,No
TXN03206,2024-03-09,S003,Chennai Express,Chennai,Home Appliances,Iron Box,914.6,3.0,5.0,2743.8,137.19,2606.61,Debit Card,Corporate,No
TXN03207,2024-05-14,S005,Pune Retail Hub,Pune,Stationery,Notebook Set,205.29,1.0,0.0,205.29,0.0,205.29,Debit Card,Online,No
TXN03208,2024-12-01,S005,Pune Retail Hub,Pune,Clothing,Jeans,1235.38,5.0,20.0,6176.9,1235.38,4941.52,Debit Card,Loyalty Member,No
TXN03209,2024-06-30,S001,Hyderabad Central,Hyderabad,Home Appliances,Microwave,6344.61,8.0,20.0,50756.88,10151.38,40605.5,Net Banking,Corporate,No
TXN03210,2024-02-02,S005,Pune Retail Hub,Pune,Clothing,Jacket,2078.59,5.0,5.0,10392.95,519.65,9873.3,UPI,Loyalty Member,No
TXN03211,2024-02-29,S001,Hyderabad Central,Hyderabad,Grocery,Spices Pack,94.16,6.0,10.0,564.96,56.5,508.46,Net Banking,Corporate,No
TXN03212,2024-10-28,S003,Chennai Express,Chennai,Clothing,T-Shirt,584.24,6.0,15.0,3505.44,525.82,2979.62,Cash,Loyalty Member,No
TXN03213,2024-09-25,S002,Banjara Hills Mart,Hyderabad,Stationery,File Folder,82.67,6.0,10.0,496.02,49.6,446.42,Credit Card,Online,No
TXN03214,2024-01-11,S004,Mumbai Metro Store,Mumbai,Grocery,Cooking Oil,183.11,6.0,15.0,1098.66,164.8,933.86,Debit Card,Walk-in,No
TXN03215,2024-03-26,S003,Chennai Express,Chennai,Clothing,Jeans,1249.5,8.0,20.0,9996.0,1999.2,7996.8,Debit Card,Corporate,No
TXN03216,2024-05-03,S002,Banjara Hills Mart,Hyderabad,Home Appliances,Microwave,6553.77,7.0,5.0,45876.39,2293.82,43582.57,Credit Card,Loyalty Member,No
TXN03217,2024-08-31,S005,Pune Retail Hub,Pune,Clothing,Formal Shirt,904.53,4.0,5.0,3618.12,180.91,3437.21,Cash,Corporate,No
TXN03218,2024-12-20,S003,Chennai Express,Chennai,Electronics,Tablet,18855.5,5.0,20.0,94277.5,18855.5,75422.0,Debit Card,Loyalty Member,No
TXN03219,,S001,Hyderabad Central,Hyderabad,Home Appliances,Mixer Grinder,2820.13,5.0,,,,,UPI,Corporate,Yes
TXN03220,2024-06-20,S002,Banjara Hills Mart,Hyderabad,Home Appliances,Microwave,6188.35,4.0,0.0,24753.4,0.0,24753.4,Debit Card,Walk-in,No
TXN03221,2024-04-20,S001,Hyderabad Central,Hyderabad,Electronics,Tablet,19787.2,1.0,0.0,19787.2,0.0,19787.2,Cash,Corporate,No
TXN03222,2024-01-02,S004,Mumbai Metro Store,Mumbai,Electronics,Earphones,1432.48,6.0,10.0,8594.88,859.49,7735.39,UPI,Loyalty Member,No
TXN03223,2024-03-29,S003,Chennai Express,Chennai,Grocery,Rice (5kg),360.4,1.0,15.0,360.4,54.06,306.34,Debit Card,Walk-in,No
TXN03224,2024-12-24,S005,Pune Retail Hub,Pune,Stationery,Stapler,144.4,5.0,5.0,722.0,36.1,685.9,Credit Card,Corporate,No
TXN03225,2024-07-20,S002,Banjara Hills Mart,Hyderabad,Home Appliances,Mixer Grinder,2698.24,2.0,5.0,5396.48,269.82,5126.66,Credit Card,Online,No
TXN03226,2024-04-30,S003,Chennai Express,Chennai,Home Appliances,Water Purifier,8694.34,8.0,20.0,69554.72,13910.94,55643.78,UPI,Corporate,No
TXN03227,2024-10-21,S001,Hyderabad Central,Hyderabad,Stationery,Notebook Set,201.81,3.0,15.0,605.43,90.81,514.62,Net Banking,Walk-in,No
TXN03228,2024-09-09,S004,Mumbai Metro Store,Mumbai,Electronics,Earphones,1425.56,4.0,20.0,5702.24,1140.45,4561.79,UPI,Loyalty Member,No
TXN03229,2024-01-13,S002,Banjara Hills Mart,Hyderabad,Stationery,File Folder,76.55,1.0,20.0,76.55,15.31,61.24,Cash,Walk-in,No
TXN03230,2024-03-31,S004,Mumbai Metro Store,Mumbai,Stationery,Notebook Set,201.25,5.0,20.0,1006.25,201.25,805.0,UPI,Walk-in,No
TXN03231,2024-03-01,S003,Chennai Express,Chennai,Grocery,Flour (10kg),297.97,8.0,0.0,2383.76,0.0,2383.76,Net Banking,Loyalty Member,No
TXN03232,2024-05-15,S002,Banjara Hills Mart,Hyderabad,Home Appliances,Water Purifier,9085.47,1.0,20.0,9085.47,1817.09,7268.38,UPI,Walk-in,No
TXN03233,2024-01-22,S001,Hyderabad Central,Hyderabad,Stationery,Calculator,398.37,5.0,20.0,1991.85,398.37,1593.48,Cash,Corporate,No
TXN03234,2024-07-14,S002,Banjara Hills Mart,Hyderabad,Clothing,T-Shirt,606.28,7.0,20.0,4243.96,848.79,3395.17,Cash,Corporate,No
TXN03235,2024-07-06,S001,Hyderabad Central,Hyderabad,Stationery,File Folder,78.27,5.0,5.0,391.35,19.57,371.78,Debit Card,Loyalty Member,No
TXN03236,2024-05-14,S005,Pune Retail Hub,Pune,Home Appliances,Water Purifier,8912.93,1.0,5.0,8912.93,445.65,8467.28,Debit Card,Walk-in,No
TXN03237,2024-04-14,S001,Hyderabad Central,Hyderabad,Grocery,Pulses,155.89,2.0,15.0,311.78,46.77,265.01,UPI,Online,No
TXN03238,2024-07-13,S001,Hyderabad Central,Hyderabad,Stationery,Stapler,141.98,4.0,0.0,567.92,0.0,567.92,Cash,Walk-in,No
TXN03239,2024-04-17,S004,Mumbai Metro Store,Mumbai,Home Appliances,Microwave,6369.6,6.0,20.0,38217.6,7643.52,30574.08,Credit Card,Loyalty Member,No
TXN03240,2024-07-05,S003,Chennai Express,Chennai,Home Appliances,Microwave,6182.37,4.0,10.0,24729.48,2472.95,22256.53,Debit Card,Online,No
TXN03241,2024-11-13,S001,Hyderabad Central,Hyderabad,Clothing,Jacket,1905.13,7.0,20.0,13335.91,2667.18,10668.73,Cash,Walk-in,No
TXN03242,2024-03-07,S004,Mumbai Metro Store,Mumbai,Electronics,Earphones,1468.05,8.0,15.0,11744.4,1761.66,9982.74,Cash,Walk-in,No
TXN03243,2024-12-01,S002,Banjara Hills Mart,Hyderabad,Home Appliances,Mixer Grinder,2681.68,3.0,20.0,8045.04,1609.01,6436.03,Cash,Corporate,No
TXN03244,2024-12-14,S003,Chennai Express,Chennai,Grocery,Spices Pack,100.5,1.0,0.0,100.5,0.0,100.5,Credit Card,Corporate,No
TXN03245,2024-10-26,S002,Banjara Hills Mart,Hyderabad,Home Appliances,Fan,1544.06,5.0,0.0,7720.3,0.0,7720.3,Cash,Online,No
TXN03246,2024-12-09,S002,Banjara Hills Mart,Hyderabad,Electronics,Tablet,19602.84,2.0,10.0,39205.68,3920.57,35285.11,Cash,Loyalty Member,No
TXN03247,2024-03-29,S004,Mumbai Metro Store,Mumbai,Grocery,Pulses,151.42,1.0,5.0,151.42,7.57,143.85,Cash,Walk-in,Yes
TXN03248,2024-01-26,S002,Banjara Hills Mart,Hyderabad,Grocery,Rice (5kg),352.31,3.0,20.0,1056.93,211.39,845.54,UPI,Corporate,No
TXN03249,2024-12-13,S005,Pune Retail Hub,Pune,Grocery,Pulses,142.18,7.0,10.0,995.26,99.53,895.73,Credit Card,Loyalty Member,No
TXN03250,2024-06-29,S005,Pune Retail Hub,Pune,Grocery,Pulses,152.15,8.0,15.0,1217.2,182.58,1034.62,Cash,Corporate,No
TXN03251,2024-07-14,S005,Pune Retail Hub,Pune,Stationery,File Folder,76.39,7.0,5.0,534.73,26.74,507.99,Cash,Loyalty Member,No
TXN03252,2024-02-06,S002,Banjara Hills Mart,Hyderabad,Grocery,Cooking Oil,180.47,4.0,0.0,721.88,0.0,721.88,Cash,Corporate,No
TXN03253,2024-03-09,S004,Mumbai Metro Store,Mumbai,Clothing,Jeans,1305.56,2.0,20.0,2611.12,522.22,2088.9,Debit Card,Corporate,No
TXN03254,2024-04-28,S001,Hyderabad Central,Hyderabad,Electronics,Mobile Phone,9699.39,4.0,5.0,38797.56,1939.88,36857.68,Net Banking,Walk-in,No
TXN03255,2024-01-08,S004,Mumbai Metro Store,Mumbai,Clothing,Saree,2499.48,3.0,0.0,7498.44,0.0,7498.44,Cash,Online,No
TXN03256,2024-10-04,S005,Pune Retail Hub,Pune,Stationery,Notebook Set,204.87,8.0,15.0,1638.96,245.84,1393.12,UPI,Online,No
TXN03257,2024-01-24,S003,Chennai Express,Chennai,Grocery,Pulses,150.32,5.0,15.0,751.6,112.74,638.86,Credit Card,Corporate,No
TXN03258,2024-08-18,S003,Chennai Express,Chennai,Stationery,Stapler,142.05,6.0,15.0,852.3,127.84,724.46,Cash,Corporate,No
TXN03259,2024-02-17,S001,Hyderabad Central,Hyderabad,Stationery,Calculator,397.36,7.0,0.0,2781.52,0.0,2781.52,UPI,Corporate,Yes
TXN03260,2024-11-19,S004,Mumbai Metro Store,Mumbai,Electronics,Smart Watch,6163.81,5.0,10.0,30819.05,3081.91,27737.14,Debit Card,Online,No
TXN03261,2024-02-28,S005,Pune Retail Hub,Pune,Clothing,Formal Shirt,908.98,4.0,5.0,3635.92,181.8,3454.12,UPI,Loyalty Member,No
TXN03262,2024-09-29,S001,Hyderabad Central,Hyderabad,Clothing,T-Shirt,578.61,8.0,0.0,4628.88,0.0,4628.88,UPI,Loyalty Member,No
TXN03263,2024-12-27,S002,Banjara Hills Mart,Hyderabad,Home Appliances,Iron Box,865.86,3.0,15.0,2597.58,389.64,2207.94,Credit Card,Online,No
TXN03264,2024-12-03,S003,Chennai Express,Chennai,Home Appliances,Water Purifier,8828.42,6.0,20.0,52970.52,10594.1,42376.42,Debit Card,Walk-in,No
TXN03265,2024-02-13,S001,Hyderabad Central,Hyderabad,Grocery,Rice (5kg),355.09,6.0,20.0,2130.54,426.11,1704.43,Net Banking,Online,No
TXN03266,2024-01-04,S003,Chennai Express,Chennai,Grocery,Rice (5kg),336.48,2.0,15.0,672.96,100.94,572.02,Credit Card,Walk-in,No
TXN03267,2024-10-03,S004,Mumbai Metro Store,Mumbai,Home Appliances,Fan,1537.1,4.0,20.0,6148.4,1229.68,4918.72,Net Banking,Walk-in,No
TXN03268,2024-03-26,S004,Mumbai Metro Store,Mumbai,Electronics,Tablet,19870.95,3.0,15.0,59612.85,8941.93,50670.92,Cash,Loyalty Member,No
TXN03269,,S005,Pune Retail Hub,Pune,Grocery,Pulses,142.85,2.0,-5.0,,,,Net Banking,Loyalty Member,No
TXN03270,2024-10-11,S003,Chennai Express,Chennai,Home Appliances,Iron Box,928.24,2.0,20.0,1856.48,371.3,1485.18,Cash,Corporate,No
TXN03271,2024-11-11,S002,Banjara Hills Mart,Hyderabad,Grocery,Rice (5kg),337.42,3.0,20.0,1012.26,202.45,809.81,Net Banking,Online,No
TXN03272,2024-06-11,S001,Hyderabad Central,Hyderabad,Clothing,Saree,2506.37,3.0,10.0,7519.11,751.91,6767.2,Cash,Online,No
TXN03273,2024-05-16,S005,Pune Retail Hub,Pune,Grocery,Cooking Oil,187.31,2.0,20.0,374.62,74.92,299.7,Debit Card,Loyalty Member,No
TXN03274,2024-08-25,S003,Chennai Express,Chennai,Home Appliances,Iron Box,856.85,6.0,15.0,5141.1,771.16,4369.94,Credit Card,Walk-in,No
TXN03275,2024-07-17,S005,Pune Retail Hub,Pune,Electronics,Laptop,46296.82,2.0,15.0,92593.64,13889.05,78704.59,UPI,Corporate,No
TXN03276,2024-09-30,S001,Hyderabad Central,Hyderabad,Clothing,T-Shirt,592.8,4.0,10.0,2371.2,237.12,2134.08,Debit Card,Corporate,Yes
TXN03277,2024-07-02,S001,Hyderabad Central,Hyderabad,Home Appliances,Iron Box,888.13,7.0,0.0,6216.91,0.0,6216.91,UPI,Online,No
TXN03278,2024-04-30,S003,Chennai Express,Chennai,Stationery,Stapler,146.76,4.0,15.0,587.04,88.06,498.98,Credit Card,Online,No
TXN03279,2024-01-06,S001,Hyderabad Central,Hyderabad,Home Appliances,Iron Box,932.0,3.0,5.0,2796.0,139.8,2656.2,Net Banking,Walk-in,No
TXN03280,2024-04-28,S003,Chennai Express,Chennai,Stationery,Notebook Set,206.34,7.0,0.0,1444.38,0.0,1444.38,Cash,Online,No
TXN03281,2024-03-24,S005,Pune Retail Hub,Pune,Electronics,Smart Watch,5971.26,5.0,10.0,29856.3,2985.63,26870.67,UPI,Loyalty Member,No
TXN03282,2024-11-06,S004,Mumbai Metro Store,Mumbai,Home Appliances,Iron Box,898.42,1.0,15.0,898.42,134.76,763.66,Debit Card,Corporate,No
TXN03283,2024-12-06,S005,Pune Retail Hub,Pune,Home Appliances,Mixer Grinder,2671.59,1.0,20.0,2671.59,534.32,2137.27,UPI,Walk-in,No
TXN03284,2024-07-15,S005,Pune Retail Hub,Pune,Home Appliances,Mixer Grinder,2859.76,4.0,0.0,11439.04,0.0,11439.04,Credit Card,Walk-in,No
TXN03285,2024-03-09,S005,Pune Retail Hub,Pune,Electronics,Mobile Phone,9903.88,8.0,0.0,79231.04,0.0,79231.04,UPI,Loyalty Member,No
TXN03286,2024-11-16,S001,Hyderabad Central,Hyderabad,Stationery,Pen Box,95.54,6.0,5.0,573.24,28.66,544.58,Net Banking,Loyalty Member,No
TXN03287,2024-09-10,S004,Mumbai Metro Store,Mumbai,Grocery,Flour (10kg),310.31,7.0,0.0,2172.17,0.0,2172.17,Net Banking,Loyalty Member,No
TXN03288,2024-12-01,S002,Banjara Hills Mart,Hyderabad,Home Appliances,Fan,1611.05,2.0,0.0,3222.1,0.0,3222.1,Cash,Corporate,No
TXN03289,2024-07-09,S002,Banjara Hills Mart,Hyderabad,Stationery,Stapler,155.94,8.0,0.0,1247.52,0.0,1247.52,Debit Card,Loyalty Member,No
TXN03290,2024-06-21,S005,Pune Retail Hub,Pune,Grocery,Cooking Oil,180.18,4.0,15.0,720.72,108.11,612.61,Credit Card,Loyalty Member,No
TXN03291,2024-12-12,S001,Hyderabad Central,Hyderabad,Grocery,Pulses,155.37,2.0,5.0,310.74,15.54,295.2,Cash,Walk-in,No
TXN03292,2024-10-30,S005,Pune Retail Hub,Pune,Clothing,Jacket,1938.06,8.0,0.0,15504.48,0.0,15504.48,UPI,Online,No
TXN03293,2024-05-20,S001,Hyderabad Central,Hyderabad,Home Appliances,Mixer Grinder,2864.27,3.0,5.0,8592.81,429.64,8163.17,Net Banking,Online,No
TXN03294,2024-08-22,S002,Banjara Hills Mart,Hyderabad,Grocery,Spices Pack,98.42,8.0,10.0,787.36,78.74,708.62,Cash,Loyalty Member,No
TXN03295,2024-06-15,S003,Chennai Express,Chennai,Stationery,Notebook Set,189.86,7.0,0.0,1329.02,0.0,1329.02,Credit Card,Corporate,No
TXN03296,2024-08-16,S001,Hyderabad Central,Hyderabad,Home Appliances,Microwave,6808.04,2.0,0.0,13616.08,0.0,13616.08,Debit Card,Walk-in,No
TXN03297,2024-02-25,S001,Hyderabad Central,Hyderabad,Electronics,Tablet,18833.54,7.0,15.0,131834.78,19775.22,112059.56,UPI,Walk-in,No
TXN03298,2024-06-15,S004,Mumbai Metro Store,Mumbai,Grocery,Flour (10kg),300.24,5.0,20.0,1501.2,300.24,1200.96,Cash,Online,No
TXN03299,2024-08-19,S004,Mumbai Metro Store,Mumbai,Stationery,File Folder,80.23,6.0,0.0,481.38,0.0,481.38,Cash,Online,No
TXN03300,2024-11-25,S002,Banjara Hills Mart,Hyderabad,Home Appliances,Mixer Grinder,2791.21,2.0,20.0,5582.42,1116.48,4465.94,Credit Card,Online,No
TXN03301,2024-07-16,S005,Pune Retail Hub,Pune,Stationery,Stapler,142.13,5.0,20.0,710.65,142.13,568.52,Debit Card,Loyalty Member,Yes
TXN03302,2024-06-21,S005,Pune Retail Hub,Pune,Home Appliances,Water Purifier,8771.58,8.0,15.0,70172.64,10525.9,59646.74,Credit Card,Online,No
TXN03303,2024-10-23,S004,Mumbai Metro Store,Mumbai,Home Appliances,Iron Box,943.26,8.0,15.0,7546.08,1131.91,6414.17,Cash,Walk-in,No
TXN03304,2024-05-05,S004,Mumbai Metro Store,Mumbai,Grocery,Rice (5kg),359.34,4.0,15.0,1437.36,215.6,1221.76,Credit Card,Walk-in,No
TXN03305,2024-05-06,S004,Mumbai Metro Store,Mumbai,Home Appliances,Water Purifier,8654.26,5.0,5.0,43271.3,2163.57,41107.73,Debit Card,Online,No
TXN03306,2024-06-07,S002,Banjara Hills Mart,Hyderabad,Stationery,Calculator,413.4,7.0,0.0,2893.8,0.0,2893.8,Cash,Loyalty Member,No
TXN03307,2024-12-18,S003,Chennai Express,Chennai,Electronics,Mobile Phone,10129.58,5.0,5.0,50647.9,2532.39,48115.51,Credit Card,Loyalty Member,No
TXN03308,2024-07-02,S003,Chennai Express,Chennai,Electronics,Mobile Phone,10012.26,3.0,10.0,30036.78,3003.68,27033.1,Net Banking,Corporate,No
TXN03309,2024-08-08,S002,Banjara Hills Mart,Hyderabad,Stationery,File Folder,81.39,2.0,0.0,162.78,0.0,162.78,Credit Card,Walk-in,No
TXN03310,2024-06-01,S002,Banjara Hills Mart,Hyderabad,Electronics,Earphones,1530.67,8.0,5.0,12245.36,612.27,11633.09,Credit Card,Corporate,No
TXN03311,2024-02-23,S002,Banjara Hills Mart,Hyderabad,Clothing,Jeans,1337.57,8.0,20.0,10700.56,2140.11,8560.45,Net Banking,Walk-in,No
TXN03312,2024-09-22,S001,Hyderabad Central,Hyderabad,Home Appliances,Mixer Grinder,2679.26,3.0,5.0,8037.78,401.89,7635.89,Credit Card,Online,No
TXN03313,2024-08-14,S003,Chennai Express,Chennai,Clothing,T-Shirt,606.56,8.0,5.0,4852.48,242.62,4609.86,UPI,Loyalty Member,No
TXN03314,2024-10-07,S004,Mumbai Metro Store,Mumbai,Home Appliances,Mixer Grinder,2851.51,5.0,20.0,14257.55,2851.51,11406.04,Net Banking,Loyalty Member,No
TXN03315,2024-12-19,S003,Chennai Express,Chennai,Clothing,Saree,2540.18,7.0,5.0,17781.26,889.06,16892.2,Credit Card,Online,No
TXN03316,2024-07-14,S002,Banjara Hills Mart,Hyderabad,Clothing,Jacket,2041.06,1.0,0.0,2041.06,0.0,2041.06,UPI,Loyalty Member,No
TXN03317,2024-05-18,S003,Chennai Express,Chennai,Stationery,Calculator,395.97,4.0,10.0,1583.88,158.39,1425.49,Cash,Online,No
TXN03318,,S004,Mumbai Metro Store,Mumbai,Electronics,Tablet,19383.19,5.0,-5.0,,,,Debit Card,Online,No
TXN03319,2024-07-19,S002,Banjara Hills Mart,Hyderabad,Clothing,Jeans,1344.14,4.0,20.0,5376.56,1075.31,4301.25,Net Banking,Loyalty Member,No
TXN03320,2024-12-19,S003,Chennai Express,Chennai,Electronics,Earphones,1551.33,6.0,20.0,9307.98,1861.6,7446.38,Cash,Corporate,No
TXN03321,2024-05-06,S005,Pune Retail Hub,Pune,Electronics,Earphones,1449.02,5.0,0.0,7245.1,0.0,7245.1,Cash,Corporate,No
TXN03322,2024-07-06,S002,Banjara Hills Mart,Hyderabad,Grocery,Pulses,154.41,7.0,0.0,1080.87,0.0,1080.87,Net Banking,Online,No
TXN03323,2024-08-10,S003,Chennai Express,Chennai,Clothing,Jacket,2010.0,5.0,0.0,10050.0,0.0,10050.0,Net Banking,Loyalty Member,No
TXN03324,2024-05-04,S004,Mumbai Metro Store,Mumbai,Stationery,File Folder,81.68,7.0,20.0,571.76,114.35,457.41,Debit Card,Walk-in,No
TXN03325,2024-12-21,S005,Pune Retail Hub,Pune,Electronics,Earphones,1508.64,6.0,10.0,9051.84,905.18,8146.66,Credit Card,Loyalty Member,No
TXN03326,2024-01-04,S005,Pune Retail Hub,Pune,Clothing,T-Shirt,574.46,5.0,10.0,2872.3,287.23,2585.07,Net Banking,Loyalty Member,No
TXN03327,2024-01-23,S001,Hyderabad Central,Hyderabad,Home Appliances,Water Purifier,8896.35,5.0,10.0,44481.75,4448.18,40033.57,UPI,Walk-in,No
TXN03328,2024-10-23,S004,Mumbai Metro Store,Mumbai,Clothing,Saree,2469.72,7.0,20.0,17288.04,3457.61,13830.43,Cash,Online,No
TXN03329,2024-06-21,S005,Pune Retail Hub,Pune,Home Appliances,Iron Box,922.18,7.0,0.0,6455.26,0.0,6455.26,Debit Card,Corporate,No
TXN03330,2024-11-05,S005,Pune Retail Hub,Pune,Home Appliances,Fan,1523.46,7.0,0.0,10664.22,0.0,10664.22,Debit Card,Loyalty Member,No
TXN03331,2024-11-01,S002,Banjara Hills Mart,Hyderabad,Stationery,Notebook Set,203.84,3.0,20.0,611.52,122.3,489.22,Cash,Walk-in,No
TXN03332,2024-05-27,S003,Chennai Express,Chennai,Clothing,T-Shirt,584.44,8.0,20.0,4675.52,935.1,3740.42,UPI,Online,No
TXN03333,2024-08-26,S005,Pune Retail Hub,Pune,Grocery,Rice (5kg),339.29,5.0,15.0,1696.45,254.47,1441.98,Credit Card,Corporate,No
TXN03334,2024-11-07,S001,Hyderabad Central,Hyderabad,Electronics,Mobile Phone,9566.39,8.0,15.0,76531.12,11479.67,65051.45,Debit Card,Walk-in,No
TXN03335,2024-10-18,S005,Pune Retail Hub,Pune,Clothing,Jeans,1362.4,1.0,0.0,1362.4,0.0,1362.4,Cash,Loyalty Member,No
TXN03336,2024-08-28,S001,Hyderabad Central,Hyderabad,Stationery,File Folder,80.86,4.0,20.0,323.44,64.69,258.75,Cash,Corporate,No
TXN03337,,S001,Hyderabad Central,Hyderabad,Stationery,Notebook Set,201.16,,-5.0,,,,Net Banking,Loyalty Member,No
TXN03338,2024-06-13,S002,Banjara Hills Mart,Hyderabad,Electronics,Earphones,1432.49,8.0,15.0,11459.92,1718.99,9740.93,Net Banking,Walk-in,No
TXN03339,2024-09-02,S001,Hyderabad Central,Hyderabad,Clothing,Jeans,1350.66,5.0,0.0,6753.3,0.0,6753.3,Net Banking,Corporate,No
TXN03340,2024-07-27,S004,Mumbai Metro Store,Mumbai,Stationery,Calculator,380.2,3.0,10.0,1140.6,114.06,1026.54,Debit Card,Online,No
TXN03341,2024-04-10,S004,Mumbai Metro Store,Mumbai,Clothing,Saree,2486.79,2.0,10.0,4973.58,497.36,4476.22,UPI,Corporate,No
TXN03342,2024-01-10,S003,Chennai Express,Chennai,Electronics,Mobile Phone,9667.34,2.0,10.0,19334.68,1933.47,17401.21,Credit Card,Corporate,No
TXN03343,2024-10-02,S003,Chennai Express,Chennai,Electronics,Tablet,19849.42,2.0,0.0,39698.84,0.0,39698.84,Net Banking,Corporate,No
TXN03344,2024-08-17,S001,Hyderabad Central,Hyderabad,Home Appliances,Iron Box,930.14,5.0,10.0,4650.7,465.07,4185.63,Net Banking,Walk-in,No
TXN03345,2024-07-03,S004,Mumbai Metro Store,Mumbai,Stationery,File Folder,82.48,2.0,0.0,164.96,0.0,164.96,Debit Card,Corporate,No
TXN03346,2024-07-19,S004,Mumbai Metro Store,Mumbai,Grocery,Flour (10kg),284.86,4.0,15.0,1139.44,170.92,968.52,Credit Card,Corporate,No
TXN03347,2024-07-03,S002,Banjara Hills Mart,Hyderabad,Clothing,Jeans,1324.6,7.0,10.0,9272.2,927.22,8344.98,UPI,Corporate,No
TXN03348,2024-06-07,S005,Pune Retail Hub,Pune,Home Appliances,Microwave,6222.26,2.0,10.0,12444.52,1244.45,11200.07,Credit Card,Corporate,No
TXN03349,2024-07-27,S001,Hyderabad Central,Hyderabad,Stationery,Notebook Set,202.05,5.0,0.0,1010.25,0.0,1010.25,Cash,Loyalty Member,No
TXN03350,2024-02-16,S005,Pune Retail Hub,Pune,Grocery,Cooking Oil,181.89,8.0,20.0,1455.12,291.02,1164.1,Debit Card,Loyalty Member,Yes
TXN03351,2024-09-06,S005,Pune Retail Hub,Pune,Clothing,T-Shirt,625.02,5.0,20.0,3125.1,625.02,2500.08,Net Banking,Online,Yes
TXN03352,2024-01-31,S003,Chennai Express,Chennai,Stationery,Pen Box,102.4,6.0,15.0,614.4,92.16,522.24,Credit Card,Walk-in,No
TXN03353,,S003,Chennai Express,Chennai,Electronics,Mobile Phone,10449.62,4.0,-5.0,,,,UPI,Online,No
TXN03354,2024-09-03,S001,Hyderabad Central,Hyderabad,Electronics,Earphones,1469.2,1.0,0.0,1469.2,0.0,1469.2,Debit Card,Online,Yes
TXN03355,2024-11-02,S001,Hyderabad Central,Hyderabad,Stationery,Notebook Set,201.29,3.0,10.0,603.87,60.39,543.48,Credit Card,Walk-in,No
TXN03356,2024-05-20,S001,Hyderabad Central,Hyderabad,Electronics,Mobile Phone,9611.97,2.0,5.0,19223.94,961.2,18262.74,Credit Card,Corporate,No
TXN03357,2024-09-29,S003,Chennai Express,Chennai,Home Appliances,Microwave,6191.45,6.0,10.0,37148.7,3714.87,33433.83,Debit Card,Loyalty Member,No
TXN03358,2024-03-02,S004,Mumbai Metro Store,Mumbai,Stationery,Stapler,155.0,6.0,20.0,930.0,186.0,744.0,Cash,Walk-in,No
TXN03359,2024-09-09,S005,Pune Retail Hub,Pune,Stationery,File Folder,76.09,6.0,5.0,456.54,22.83,433.71,Debit Card,Corporate,No
TXN03360,2024-09-28,S002,Banjara Hills Mart,Hyderabad,Home Appliances,Water Purifier,9443.59,1.0,10.0,9443.59,944.36,8499.23,Credit Card,Online,No
TXN03361,2024-06-04,S003,Chennai Express,Chennai,Stationery,File Folder,78.58,5.0,0.0,392.9,0.0,392.9,UPI,Walk-in,No
TXN03362,2024-10-05,S004,Mumbai Metro Store,Mumbai,Grocery,Rice (5kg),360.24,1.0,0.0,360.24,0.0,360.24,Credit Card,Online,No
TXN03363,2024-10-17,S003,Chennai Express,Chennai,Electronics,Earphones,1468.81,1.0,20.0,1468.81,293.76,1175.05,Debit Card,Loyalty Member,No
TXN03364,2024-11-07,S004,Mumbai Metro Store,Mumbai,Grocery,Cooking Oil,194.62,1.0,20.0,194.62,38.92,155.7,Net Banking,Online,No
TXN03365,,S004,Mumbai Metro Store,Mumbai,Grocery,Cooking Oil,181.84,,-5.0,,,,Credit Card,Loyalty Member,No
TXN03366,2024-05-06,S003,Chennai Express,Chennai,Clothing,Jeans,1328.8,6.0,15.0,7972.8,1195.92,6776.88,Net Banking,Corporate,No
TXN03367,2024-12-03,S004,Mumbai Metro Store,Mumbai,Home Appliances,Iron Box,936.98,2.0,0.0,1873.96,0.0,1873.96,Debit Card,Loyalty Member,No
TXN03368,2024-04-05,S003,Chennai Express,Chennai,Home Appliances,Fan,1555.51,7.0,15.0,10888.57,1633.29,9255.28,Net Banking,Online,No
TXN03369,2024-12-11,S005,Pune Retail Hub,Pune,Electronics,Earphones,1525.21,4.0,10.0,6100.84,610.08,5490.76,Debit Card,Corporate,No
TXN03370,2024-06-12,S003,Chennai Express,Chennai,Clothing,T-Shirt,621.81,2.0,20.0,1243.62,248.72,994.9,Net Banking,Walk-in,No
TXN03371,,S001,Hyderabad Central,Hyderabad,Stationery,File Folder,80.54,,,,,,Cash,Online,No
TXN03372,2024-09-22,S004,Mumbai Metro Store,Mumbai,Stationery,Calculator,398.49,4.0,10.0,1593.96,159.4,1434.56,Net Banking,Loyalty Member,No
TXN03373,,S005,Pune Retail Hub,Pune,Electronics,Laptop,45271.55,1.0,-5.0,,,,Net Banking,Corporate,Yes
TXN03374,2024-02-08,S005,Pune Retail Hub,Pune,Grocery,Flour (10kg),295.02,5.0,5.0,1475.1,73.75,1401.35,Credit Card,Corporate,No
TXN03375,2024-11-03,S005,Pune Retail Hub,Pune,Clothing,T-Shirt,618.61,7.0,20.0,4330.27,866.05,3464.22,Net Banking,Loyalty Member,No
TXN03376,2024-07-04,S001,Hyderabad Central,Hyderabad,Electronics,Laptop,46482.54,6.0,0.0,278895.24,0.0,278895.24,Debit Card,Loyalty Member,No
TXN03377,2024-05-20,S004,Mumbai Metro Store,Mumbai,Home Appliances,Microwave,6286.26,3.0,5.0,18858.78,942.94,17915.84,Cash,Corporate,No
TXN03378,2024-01-11,S004,Mumbai Metro Store,Mumbai,Grocery,Flour (10kg),284.66,6.0,10.0,1707.96,170.8,1537.16,Credit Card,Online,No
TXN03379,2024-05-15,S004,Mumbai Metro Store,Mumbai,Home Appliances,Mixer Grinder,2845.9,6.0,10.0,17075.4,1707.54,15367.86,Credit Card,Corporate,No
TXN03380,2024-04-06,S003,Chennai Express,Chennai,Home Appliances,Iron Box,939.99,1.0,0.0,939.99,0.0,939.99,Debit Card,Walk-in,No
TXN03381,2024-03-18,S003,Chennai Express,Chennai,Clothing,T-Shirt,604.89,7.0,0.0,4234.23,0.0,4234.23,UPI,Online,No
TXN03382,2024-11-24,S004,Mumbai Metro Store,Mumbai,Stationery,File Folder,82.15,1.0,20.0,82.15,16.43,65.72,Credit Card,Loyalty Member,No
TXN03383,2024-09-09,S003,Chennai Express,Chennai,Clothing,Jeans,1311.38,7.0,20.0,9179.66,1835.93,7343.73,Cash,Corporate,No
TXN03384,2024-05-29,S001,Hyderabad Central,Hyderabad,Grocery,Spices Pack,96.83,5.0,15.0,484.15,72.62,411.53,Credit Card,Corporate,No
TXN03385,2024-12-09,S005,Pune Retail Hub,Pune,Grocery,Pulses,155.8,6.0,15.0,934.8,140.22,794.58,Net Banking,Online,No
TXN03386,2024-08-31,S001,Hyderabad Central,Hyderabad,Electronics,Laptop,47769.04,4.0,5.0,191076.16,9553.81,181522.35,Net Banking,Loyalty Member,No
TXN03387,2024-04-09,S002,Banjara Hills Mart,Hyderabad,Grocery,Cooking Oil,190.42,2.0,20.0,380.84,76.17,304.67,UPI,Loyalty Member,No
TXN03388,2024-12-20,S003,Chennai Express,Chennai,Electronics,Laptop,45680.31,1.0,10.0,45680.31,4568.03,41112.28,Cash,Loyalty Member,No
TXN03389,2024-10-03,S004,Mumbai Metro Store,Mumbai,Home Appliances,Water Purifier,9381.03,5.0,5.0,46905.15,2345.26,44559.89,Net Banking,Corporate,No
TXN03390,2024-10-13,S001,Hyderabad Central,Hyderabad,Clothing,Jacket,2000.88,1.0,10.0,2000.88,200.09,1800.79,Credit Card,Corporate,No
TXN03391,2024-07-30,S001,Hyderabad Central,Hyderabad,Stationery,Pen Box,96.94,1.0,0.0,96.94,0.0,96.94,Net Banking,Loyalty Member,No
TXN03392,2024-08-04,S005,Pune Retail Hub,Pune,Stationery,Calculator,411.66,5.0,0.0,2058.3,0.0,2058.3,Cash,Corporate,No
TXN03393,,S001,Hyderabad Central,Hyderabad,Stationery,File Folder,76.15,,,,,,Cash,Loyalty Member,No
TXN03394,2024-08-06,S005,Pune Retail Hub,Pune,Electronics,Earphones,1456.65,8.0,20.0,11653.2,2330.64,9322.56,UPI,Loyalty Member,No
TXN03395,2024-03-13,S001,Hyderabad Central,Hyderabad,Clothing,Saree,2448.92,6.0,20.0,14693.52,2938.7,11754.82,Net Banking,Online,No
TXN03396,2024-06-17,S004,Mumbai Metro Store,Mumbai,Electronics,Tablet,18763.05,1.0,15.0,18763.05,2814.46,15948.59,Credit Card,Corporate,No
TXN03397,2024-04-29,S001,Hyderabad Central,Hyderabad,Electronics,Smart Watch,5715.8,4.0,5.0,22863.2,1143.16,21720.04,Net Banking,Walk-in,No
TXN03398,2024-03-28,S005,Pune Retail Hub,Pune,Clothing,Jacket,1972.9,5.0,15.0,9864.5,1479.67,8384.83,Debit Card,Walk-in,No
TXN03399,2024-07-17,S005,Pune Retail Hub,Pune,Clothing,Jeans,1302.83,6.0,20.0,7816.98,1563.4,6253.58,Debit Card,Loyalty Member,No
TXN03400,2024-07-16,S005,Pune Retail Hub,Pune,Stationery,File Folder,77.52,5.0,10.0,387.6,38.76,348.84,UPI,Online,No
TXN03401,2024-11-13,S002,Banjara Hills Mart,Hyderabad,Grocery,Spices Pack,96.81,1.0,10.0,96.81,9.68,87.13,Cash,Loyalty Member,No
TXN03402,2024-07-10,S005,Pune Retail Hub,Pune,Stationery,Notebook Set,189.47,7.0,15.0,1326.29,198.94,1127.35,Cash,Loyalty Member,Yes
TXN03403,2024-05-29,S001,Hyderabad Central,Hyderabad,Grocery,Flour (10kg),301.41,5.0,0.0,1507.05,0.0,1507.05,Debit Card,Walk-in,No
TXN03404,2024-05-21,S003,Chennai Express,Chennai,Grocery,Spices Pack,98.22,6.0,5.0,589.32,29.47,559.85,UPI,Corporate,No
TXN03405,2024-08-09,S003,Chennai Express,Chennai,Clothing,Jacket,2058.38,7.0,20.0,14408.66,2881.73,11526.93,UPI,Online,No
TXN03406,2024-05-02,S002,Banjara Hills Mart,Hyderabad,Stationery,Stapler,151.85,3.0,10.0,455.55,45.55,410.0,Credit Card,Corporate,No
TXN03407,2024-12-12,S005,Pune Retail Hub,Pune,Electronics,Smart Watch,6141.92,3.0,20.0,18425.76,3685.15,14740.61,Cash,Corporate,No
TXN03408,2024-03-09,S002,Banjara Hills Mart,Hyderabad,Stationery,Calculator,406.54,3.0,15.0,1219.62,182.94,1036.68,UPI,Online,No
TXN03409,2024-02-03,S002,Banjara Hills Mart,Hyderabad,Grocery,Cooking Oil,189.54,1.0,15.0,189.54,28.43,161.11,UPI,Online,No
TXN03410,2024-11-29,S001,Hyderabad Central,Hyderabad,Stationery,Calculator,381.5,8.0,0.0,3052.0,0.0,3052.0,Credit Card,Corporate,No
TXN03411,2024-10-29,S004,Mumbai Metro Store,Mumbai,Stationery,Calculator,408.39,2.0,0.0,816.78,0.0,816.78,Cash,Online,No
TXN03412,2024-09-30,S005,Pune Retail Hub,Pune,Stationery,Calculator,403.28,7.0,0.0,2822.96,0.0,2822.96,UPI,Walk-in,No
TXN03413,2024-10-26,S003,Chennai Express,Chennai,Grocery,Pulses,147.84,5.0,15.0,739.2,110.88,628.32,Net Banking,Loyalty Member,No
TXN03414,2024-11-11,S002,Banjara Hills Mart,Hyderabad,Clothing,T-Shirt,578.73,8.0,5.0,4629.84,231.49,4398.35,Cash,Loyalty Member,No
TXN03415,2024-01-02,S002,Banjara Hills Mart,Hyderabad,Stationery,Notebook Set,205.15,6.0,15.0,1230.9,184.63,1046.27,UPI,Online,No
TXN03416,2024-02-08,S005,Pune Retail Hub,Pune,Home Appliances,Mixer Grinder,2724.77,2.0,5.0,5449.54,272.48,5177.06,Cash,Walk-in,Yes
TXN03417,2024-02-12,S004,Mumbai Metro Store,Mumbai,Stationery,Pen Box,100.02,2.0,10.0,200.04,20.0,180.04,Credit Card,Loyalty Member,No
TXN03418,2024-11-05,S002,Banjara Hills Mart,Hyderabad,Grocery,Rice (5kg),332.41,3.0,15.0,997.23,149.58,847.65,Net Banking,Walk-in,No
TXN03419,2024-12-17,S001,Hyderabad Central,Hyderabad,Electronics,Tablet,18393.73,8.0,10.0,147149.84,14714.98,132434.86,Net Banking,Walk-in,No
TXN03420,2024-10-09,S003,Chennai Express,Chennai,Grocery,Flour (10kg),287.36,2.0,10.0,574.72,57.47,517.25,Credit Card,Loyalty Member,No
TXN03421,2024-09-25,S001,Hyderabad Central,Hyderabad,Stationery,Pen Box,94.27,2.0,20.0,188.54,37.71,150.83,Debit Card,Walk-in,No
TXN03422,2024-10-30,S005,Pune Retail Hub,Pune,Home Appliances,Microwave,6391.42,6.0,0.0,38348.52,0.0,38348.52,Cash,Online,No
TXN03423,2024-12-09,S001,Hyderabad Central,Hyderabad,Home Appliances,Iron Box,926.48,4.0,20.0,3705.92,741.18,2964.74,Credit Card,Online,No
TXN03424,2024-08-10,S003,Chennai Express,Chennai,Home Appliances,Fan,1551.91,1.0,10.0,1551.91,155.19,1396.72,Debit Card,Online,Yes
TXN03425,2024-11-01,S002,Banjara Hills Mart,Hyderabad,Grocery,Flour (10kg),286.13,7.0,5.0,2002.91,100.15,1902.76,Cash,Corporate,No
TXN03426,2024-02-10,S002,Banjara Hills Mart,Hyderabad,Electronics,Smart Watch,6094.53,1.0,10.0,6094.53,609.45,5485.08,Net Banking,Online,No
TXN03427,2024-01-23,S004,Mumbai Metro Store,Mumbai,Stationery,Notebook Set,189.71,1.0,15.0,189.71,28.46,161.25,Credit Card,Loyalty Member,No
TXN03428,2024-11-23,S003,Chennai Express,Chennai,Electronics,Smart Watch,6135.37,8.0,10.0,49082.96,4908.3,44174.66,Debit Card,Walk-in,No
TXN03429,2024-02-11,S004,Mumbai Metro Store,Mumbai,Clothing,Jeans,1336.28,5.0,20.0,6681.4,1336.28,5345.12,Credit Card,Loyalty Member,No
TXN03430,2024-09-06,S002,Banjara Hills Mart,Hyderabad,Home Appliances,Mixer Grinder,2750.81,5.0,0.0,13754.05,0.0,13754.05,Cash,Online,No
TXN03431,2024-03-29,S001,Hyderabad Central,Hyderabad,Grocery,Rice (5kg),365.49,1.0,0.0,365.49,0.0,365.49,Credit Card,Walk-in,No
TXN03432,2024-06-25,S004,Mumbai Metro Store,Mumbai,Stationery,Calculator,408.89,1.0,10.0,408.89,40.89,368.0,Credit Card,Walk-in,No
TXN03433,2024-01-28,S004,Mumbai Metro Store,Mumbai,Clothing,T-Shirt,608.64,7.0,10.0,4260.48,426.05,3834.43,Cash,Corporate,No
TXN03434,2024-09-02,S003,Chennai Express,Chennai,Electronics,Earphones,1486.98,3.0,15.0,4460.94,669.14,3791.8,UPI,Corporate,No
TXN03435,2024-04-25,S001,Hyderabad Central,Hyderabad,Clothing,Formal Shirt,917.71,7.0,5.0,6423.97,321.2,6102.77,Credit Card,Corporate,No
TXN03436,2024-08-24,S002,Banjara Hills Mart,Hyderabad,Clothing,Formal Shirt,874.54,7.0,20.0,6121.78,1224.36,4897.42,Debit Card,Corporate,No
TXN03437,2024-11-21,S004,Mumbai Metro Store,Mumbai,Grocery,Spices Pack,94.78,2.0,10.0,189.56,18.96,170.6,UPI,Corporate,No
TXN03438,,S001,Hyderabad Central,Hyderabad,Grocery,Spices Pack,96.18,10.0,,,,,UPI,Loyalty Member,No
TXN03439,2024-04-08,S002,Banjara Hills Mart,Hyderabad,Electronics,Earphones,1442.54,1.0,15.0,1442.54,216.38,1226.16,Credit Card,Online,No
TXN03440,,S003,Chennai Express,Chennai,Home Appliances,Mixer Grinder,2659.94,9.0,,,,,Cash,Loyalty Member,No
TXN03441,2024-06-02,S005,Pune Retail Hub,Pune,Stationery,File Folder,79.72,6.0,0.0,478.32,0.0,478.32,Debit Card,Online,Yes
TXN03442,,S005,Pune Retail Hub,Pune,Stationery,File Folder,76.54,8.0,,,,,Credit Card,Walk-in,No
TXN03443,2024-01-15,S004,Mumbai Metro Store,Mumbai,Home Appliances,Fan,1556.26,1.0,20.0,1556.26,311.25,1245.01,Debit Card,Online,No
TXN03444,2024-10-21,S004,Mumbai Metro Store,Mumbai,Electronics,Smart Watch,6078.39,5.0,15.0,30391.95,4558.79,25833.16,UPI,Loyalty Member,No
TXN03445,2024-11-29,S003,Chennai Express,Chennai,Grocery,Flour (10kg),288.25,3.0,20.0,864.75,172.95,691.8,Credit Card,Walk-in,No
TXN03446,2024-11-29,S005,Pune Retail Hub,Pune,Home Appliances,Mixer Grinder,2895.56,5.0,20.0,14477.8,2895.56,11582.24,Debit Card,Online,No
TXN03447,2024-11-26,S002,Banjara Hills Mart,Hyderabad,Stationery,Pen Box,102.96,4.0,5.0,411.84,20.59,391.25,UPI,Walk-in,No
TXN03448,,S001,Hyderabad Central,Hyderabad,Home Appliances,Water Purifier,9188.72,6.0,,,,,Credit Card,Corporate,No
TXN03449,2024-05-17,S005,Pune Retail Hub,Pune,Stationery,File Folder,77.91,6.0,10.0,467.46,46.75,420.71,Cash,Online,No
TXN03450,2024-04-05,S002,Banjara Hills Mart,Hyderabad,Home Appliances,Mixer Grinder,2847.06,7.0,5.0,19929.42,996.47,18932.95,UPI,Walk-in,No
TXN03451,2024-03-21,S002,Banjara Hills Mart,Hyderabad,Stationery,Stapler,142.22,1.0,5.0,142.22,7.11,135.11,UPI,Online,No
TXN03452,2024-03-09,S003,Chennai Express,Chennai,Home Appliances,Microwave,6771.96,2.0,0.0,13543.92,0.0,13543.92,Credit Card,Loyalty Member,No
TXN03453,2024-08-17,S003,Chennai Express,Chennai,Clothing,Formal Shirt,869.06,8.0,10.0,6952.48,695.25,6257.23,Debit Card,Online,No
TXN03454,2024-09-18,S002,Banjara Hills Mart,Hyderabad,Stationery,File Folder,79.8,8.0,0.0,638.4,0.0,638.4,Debit Card,Loyalty Member,No
TXN03455,2024-09-28,S005,Pune Retail Hub,Pune,Clothing,Jeans,1279.87,4.0,0.0,5119.48,0.0,5119.48,UPI,Online,No
TXN03456,2024-10-13,S003,Chennai Express,Chennai,Home Appliances,Mixer Grinder,2859.93,5.0,20.0,14299.65,2859.93,11439.72,Credit Card,Loyalty Member,No
TXN03457,2024-02-05,S001,Hyderabad Central,Hyderabad,Electronics,Smart Watch,5749.32,3.0,20.0,17247.96,3449.59,13798.37,Cash,Corporate,No
TXN03458,2024-11-22,S003,Chennai Express,Chennai,Grocery,Flour (10kg),304.6,8.0,20.0,2436.8,487.36,1949.44,Debit Card,Walk-in,No
TXN03459,,S004,Mumbai Metro Store,Mumbai,Stationery,Stapler,152.62,10.0,101.0,,,,UPI,Loyalty Member,No
TXN03460,2024-10-22,S002,Banjara Hills Mart,Hyderabad,Electronics,Laptop,44975.18,2.0,20.0,89950.36,17990.07,71960.29,Cash,Corporate,No
TXN03461,2024-11-26,S004,Mumbai Metro Store,Mumbai,Stationery,Calculator,404.13,5.0,20.0,2020.65,404.13,1616.52,Credit Card,Corporate,No
TXN03462,2024-09-25,S001,Hyderabad Central,Hyderabad,Home Appliances,Mixer Grinder,2869.85,1.0,15.0,2869.85,430.48,2439.37,Debit Card,Loyalty Member,No
TXN03463,2024-11-24,S002,Banjara Hills Mart,Hyderabad,Grocery,Flour (10kg),300.02,7.0,15.0,2100.14,315.02,1785.12,Credit Card,Loyalty Member,No
TXN03464,2024-01-29,S003,Chennai Express,Chennai,Stationery,File Folder,77.07,7.0,15.0,539.49,80.92,458.57,Net Banking,Online,No
TXN03465,2024-10-04,S004,Mumbai Metro Store,Mumbai,Electronics,Smart Watch,5725.52,3.0,20.0,17176.56,3435.31,13741.25,UPI,Corporate,No
TXN03466,2024-05-25,S005,Pune Retail Hub,Pune,Stationery,Notebook Set,205.44,1.0,10.0,205.44,20.54,184.9,Net Banking,Loyalty Member,No
TXN03467,2024-02-09,S001,Hyderabad Central,Hyderabad,Electronics,Laptop,47192.0,7.0,0.0,330344.0,0.0,330344.0,Debit Card,Online,No
TXN03468,2024-04-10,S002,Banjara Hills Mart,Hyderabad,Stationery,Stapler,143.67,6.0,5.0,862.02,43.1,818.92,Credit Card,Corporate,No
TXN03469,2024-07-23,S001,Hyderabad Central,Hyderabad,Electronics,Smart Watch,6152.28,6.0,20.0,36913.68,7382.74,29530.94,Credit Card,Walk-in,No
TXN03470,2024-06-18,S001,Hyderabad Central,Hyderabad,Grocery,Cooking Oil,188.52,7.0,20.0,1319.64,263.93,1055.71,UPI,Online,Yes
TXN03471,2024-07-01,S001,Hyderabad Central,Hyderabad,Clothing,Jeans,1318.32,3.0,5.0,3954.96,197.75,3757.21,Cash,Walk-in,No
TXN03472,2024-04-02,S003,Chennai Express,Chennai,Stationery,Pen Box,98.58,5.0,10.0,492.9,49.29,443.61,Credit Card,Walk-in,No
TXN03473,2024-08-29,S004,Mumbai Metro Store,Mumbai,Clothing,Formal Shirt,922.23,1.0,10.0,922.23,92.22,830.01,Cash,Online,No
TXN03474,2024-11-13,S003,Chennai Express,Chennai,Electronics,Mobile Phone,9860.12,3.0,20.0,29580.36,5916.07,23664.29,Net Banking,Online,No
TXN03475,2024-06-21,S004,Mumbai Metro Store,Mumbai,Grocery,Flour (10kg),299.9,7.0,0.0,2099.3,0.0,2099.3,Net Banking,Corporate,No
TXN03476,2024-12-06,S001,Hyderabad Central,Hyderabad,Home Appliances,Iron Box,889.13,1.0,20.0,889.13,177.83,711.3,Cash,Online,No
TXN03477,2024-03-22,S004,Mumbai Metro Store,Mumbai,Home Appliances,Mixer Grinder,2698.1,7.0,10.0,18886.7,1888.67,16998.03,Credit Card,Corporate,No
TXN03478,2024-07-10,S003,Chennai Express,Chennai,Stationery,Pen Box,100.0,2.0,0.0,200.0,0.0,200.0,Debit Card,Online,Yes
TXN03479,2024-07-27,S004,Mumbai Metro Store,Mumbai,Electronics,Laptop,45170.09,1.0,15.0,45170.09,6775.51,38394.58,Credit Card,Online,No
TXN03480,2024-04-15,S002,Banjara Hills Mart,Hyderabad,Home Appliances,Microwave,6534.43,7.0,0.0,45741.01,0.0,45741.01,Debit Card,Walk-in,No
TXN03481,2024-11-22,S005,Pune Retail Hub,Pune,Clothing,T-Shirt,595.97,1.0,15.0,595.97,89.4,506.57,Credit Card,Walk-in,No
TXN03482,2024-11-04,S003,Chennai Express,Chennai,Home Appliances,Mixer Grinder,2936.79,8.0,5.0,23494.32,1174.72,22319.6,Credit Card,Online,No
TXN03483,2024-05-28,S002,Banjara Hills Mart,Hyderabad,Grocery,Flour (10kg),285.32,3.0,15.0,855.96,128.39,727.57,Credit Card,Corporate,No
TXN03484,2024-12-02,S003,Chennai Express,Chennai,Electronics,Mobile Phone,9970.84,3.0,5.0,29912.52,1495.63,28416.89,Net Banking,Corporate,No
TXN03485,2024-10-06,S005,Pune Retail Hub,Pune,Stationery,Notebook Set,201.08,1.0,15.0,201.08,30.16,170.92,Debit Card,Online,No
TXN03486,2024-12-16,S002,Banjara Hills Mart,Hyderabad,Stationery,Calculator,412.28,7.0,10.0,2885.96,288.6,2597.36,Credit Card,Corporate,No
TXN03487,2024-08-25,S003,Chennai Express,Chennai,Grocery,Rice (5kg),334.04,7.0,10.0,2338.28,233.83,2104.45,Net Banking,Online,No
TXN03488,2024-03-27,S003,Chennai Express,Chennai,Clothing,Saree,2442.63,3.0,5.0,7327.89,366.39,6961.5,Net Banking,Loyalty Member,No
TXN03489,2024-03-19,S004,Mumbai Metro Store,Mumbai,Stationery,Notebook Set,189.25,2.0,5.0,378.5,18.93,359.57,UPI,Online,No
TXN03490,2024-09-23,S004,Mumbai Metro Store,Mumbai,Home Appliances,Microwave,6579.83,2.0,10.0,13159.66,1315.97,11843.69,Debit Card,Walk-in,No
TXN03491,2024-07-22,S002,Banjara Hills Mart,Hyderabad,Stationery,Stapler,148.02,1.0,15.0,148.02,22.2,125.82,Debit Card,Walk-in,No
TXN03492,2024-07-16,S004,Mumbai Metro Store,Mumbai,Stationery,Stapler,146.29,1.0,20.0,146.29,29.26,117.03,UPI,Online,Yes
TXN03493,2024-03-31,S003,Chennai Express,Chennai,Stationery,File Folder,76.12,5.0,20.0,380.6,76.12,304.48,Cash,Walk-in,No
TXN03494,2024-12-15,S005,Pune Retail Hub,Pune,Stationery,Stapler,144.35,5.0,0.0,721.75,0.0,721.75,Cash,Corporate,No
TXN03495,2024-02-05,S001,Hyderabad Central,Hyderabad,Stationery,Calculator,388.49,4.0,10.0,1553.96,155.4,1398.56,Credit Card,Online,No
TXN03496,2024-07-12,S003,Chennai Express,Chennai,Grocery,Spices Pack,100.66,7.0,20.0,704.62,140.92,563.7,Credit Card,Corporate,No
TXN03497,2024-03-08,S003,Chennai Express,Chennai,Grocery,Cooking Oil,192.03,6.0,5.0,1152.18,57.61,1094.57,Net Banking,Walk-in,No
TXN03498,2024-04-30,S002,Banjara Hills Mart,Hyderabad,Home Appliances,Microwave,6318.85,5.0,10.0,31594.25,3159.43,28434.82,Credit Card,Loyalty Member,No
TXN03499,2024-06-15,S005,Pune Retail Hub,Pune,Electronics,Tablet,18999.14,8.0,10.0,151993.12,15199.31,136793.81,Credit Card,Corporate,No
TXN03500,2024-11-03,S004,Mumbai Metro Store,Mumbai,Grocery,Rice (5kg),354.37,7.0,20.0,2480.59,496.12,1984.47,Credit Card,Corporate,No
TXN03501,2024-12-12,S004,Mumbai Metro Store,Mumbai,Electronics,Mobile Phone,10286.84,5.0,5.0,51434.2,2571.71,48862.49,Credit Card,Walk-in,No
TXN03502,2024-10-14,S005,Pune Retail Hub,Pune,Home Appliances,Fan,1523.59,5.0,5.0,7617.95,380.9,7237.05,UPI,Online,No
TXN03503,2024-08-25,S005,Pune Retail Hub,Pune,Clothing,Formal Shirt,871.0,2.0,10.0,1742.0,174.2,1567.8,UPI,Loyalty Member,No
TXN03504,2024-08-25,S002,Banjara Hills Mart,Hyderabad,Home Appliances,Iron Box,902.39,6.0,5.0,5414.34,270.72,5143.62,Net Banking,Corporate,Yes
TXN03505,2024-02-08,S001,Hyderabad Central,Hyderabad,Electronics,Tablet,18916.47,8.0,15.0,151331.76,22699.76,128632.0,Cash,Online,No
TXN03506,2024-11-06,S004,Mumbai Metro Store,Mumbai,Stationery,Stapler,143.68,1.0,15.0,143.68,21.55,122.13,Credit Card,Walk-in,Yes
TXN03507,2024-04-14,S003,Chennai Express,Chennai,Home Appliances,Iron Box,927.21,2.0,15.0,1854.42,278.16,1576.26,Cash,Walk-in,No
TXN03508,2024-06-16,S003,Chennai Express,Chennai,Electronics,Earphones,1572.72,8.0,20.0,12581.76,2516.35,10065.41,Cash,Loyalty Member,No
TXN03509,2024-08-18,S002,Banjara Hills Mart,Hyderabad,Electronics,Laptop,45379.59,2.0,15.0,90759.18,13613.88,77145.3,UPI,Loyalty Member,No
TXN03510,2024-11-04,S001,Hyderabad Central,Hyderabad,Home Appliances,Iron Box,884.4,8.0,15.0,7075.2,1061.28,6013.92,Credit Card,Corporate,No
TXN03511,2024-12-10,S005,Pune Retail Hub,Pune,Clothing,Jeans,1350.83,3.0,10.0,4052.49,405.25,3647.24,Cash,Walk-in,No
TXN03512,2024-01-21,S004,Mumbai Metro Store,Mumbai,Stationery,Pen Box,100.16,1.0,5.0,100.16,5.01,95.15,Net Banking,Walk-in,No
TXN03513,2024-07-14,S003,Chennai Express,Chennai,Grocery,Spices Pack,97.07,1.0,15.0,97.07,14.56,82.51,Credit Card,Walk-in,No
TXN03514,,S001,Hyderabad Central,Hyderabad,Clothing,Saree,2455.71,3.0,101.0,,,,Credit Card,Corporate,No
TXN03515,2024-01-10,S002,Banjara Hills Mart,Hyderabad,Electronics,Laptop,44305.64,6.0,10.0,265833.84,26583.38,239250.46,Net Banking,Online,No
TXN03516,2024-01-21,S002,Banjara Hills Mart,Hyderabad,Stationery,Pen Box,99.03,7.0,0.0,693.21,0.0,693.21,UPI,Corporate,No
TXN03517,,S002,Banjara Hills Mart,Hyderabad,Grocery,Spices Pack,96.79,10.0,101.0,,,,Debit Card,Corporate,No
TXN03518,2024-03-16,S002,Banjara Hills Mart,Hyderabad,Stationery,Calculator,406.99,8.0,20.0,3255.92,651.18,2604.74,Net Banking,Online,No
TXN03519,2024-07-30,S002,Banjara Hills Mart,Hyderabad,Grocery,Pulses,154.17,4.0,10.0,616.68,61.67,555.01,Cash,Corporate,No
TXN03520,2024-06-07,S003,Chennai Express,Chennai,Home Appliances,Fan,1525.62,1.0,20.0,1525.62,305.12,1220.5,Net Banking,Online,No
TXN03521,,S002,Banjara Hills Mart,Hyderabad,Home Appliances,Mixer Grinder,2673.71,,-5.0,,,,UPI,Walk-in,No
TXN03522,2024-01-03,S004,Mumbai Metro Store,Mumbai,Clothing,Jeans,1310.58,5.0,15.0,6552.9,982.93,5569.97,Debit Card,Online,No
TXN03523,2024-01-27,S001,Hyderabad Central,Hyderabad,Stationery,Stapler,145.43,4.0,10.0,581.72,58.17,523.55,Debit Card,Online,No
TXN03524,2024-09-04,S003,Chennai Express,Chennai,Grocery,Rice (5kg),353.13,8.0,0.0,2825.04,0.0,2825.04,Credit Card,Corporate,No
TXN03525,,S003,Chennai Express,Chennai,Grocery,Cooking Oil,198.16,1.0,101.0,,,,UPI,Corporate,No
TXN03526,2024-09-03,S005,Pune Retail Hub,Pune,Clothing,Formal Shirt,934.15,8.0,10.0,7473.2,747.32,6725.88,Debit Card,Loyalty Member,Yes
TXN03527,2024-12-19,S003,Chennai Express,Chennai,Electronics,Tablet,19304.9,1.0,20.0,19304.9,3860.98,15443.92,Credit Card,Walk-in,No
TXN03528,2024-07-06,S001,Hyderabad Central,Hyderabad,Home Appliances,Fan,1677.65,1.0,15.0,1677.65,251.65,1426.0,UPI,Online,No
TXN03529,2024-04-03,S004,Mumbai Metro Store,Mumbai,Home Appliances,Fan,1550.68,2.0,15.0,3101.36,465.2,2636.16,Net Banking,Corporate,No
TXN03530,2024-09-25,S002,Banjara Hills Mart,Hyderabad,Grocery,Rice (5kg),357.49,5.0,0.0,1787.45,0.0,1787.45,UPI,Walk-in,No
TXN03531,2024-10-30,S002,Banjara Hills Mart,Hyderabad,Grocery,Rice (5kg),360.39,5.0,0.0,1801.95,0.0,1801.95,Credit Card,Loyalty Member,No
TXN03532,2024-06-17,S001,Hyderabad Central,Hyderabad,Clothing,T-Shirt,573.07,7.0,10.0,4011.49,401.15,3610.34,UPI,Loyalty Member,No
TXN03533,2024-10-13,S001,Hyderabad Central,Hyderabad,Grocery,Rice (5kg),336.06,4.0,5.0,1344.24,67.21,1277.03,Debit Card,Corporate,Yes
TXN03534,2024-05-02,S005,Pune Retail Hub,Pune,Grocery,Spices Pack,99.45,5.0,10.0,497.25,49.73,447.52,Cash,Walk-in,No
TXN03535,2024-07-01,S004,Mumbai Metro Store,Mumbai,Home Appliances,Water Purifier,8904.81,8.0,20.0,71238.48,14247.7,56990.78,Cash,Online,No
TXN03536,2024-03-20,S004,Mumbai Metro Store,Mumbai,Home Appliances,Mixer Grinder,2685.53,8.0,20.0,21484.24,4296.85,17187.39,Cash,Walk-in,No
TXN03537,2024-05-26,S005,Pune Retail Hub,Pune,Home Appliances,Fan,1583.94,2.0,0.0,3167.88,0.0,3167.88,Credit Card,Walk-in,No
TXN03538,2024-01-23,S001,Hyderabad Central,Hyderabad,Stationery,Notebook Set,207.59,6.0,20.0,1245.54,249.11,996.43,Net Banking,Corporate,No
TXN03539,2024-06-24,S003,Chennai Express,Chennai,Grocery,Cooking Oil,191.59,6.0,0.0,1149.54,0.0,1149.54,Debit Card,Corporate,No
TXN03540,2024-05-05,S002,Banjara Hills Mart,Hyderabad,Stationery,Pen Box,96.81,1.0,15.0,96.81,14.52,82.29,Credit Card,Loyalty Member,No
TXN03541,2024-09-09,S003,Chennai Express,Chennai,Grocery,Flour (10kg),290.35,6.0,5.0,1742.1,87.11,1654.99,Credit Card,Corporate,No
TXN03542,2024-02-25,S005,Pune Retail Hub,Pune,Electronics,Smart Watch,5840.35,3.0,10.0,17521.05,1752.11,15768.94,Cash,Loyalty Member,No
TXN03543,2024-09-03,S005,Pune Retail Hub,Pune,Grocery,Rice (5kg),336.96,5.0,10.0,1684.8,168.48,1516.32,UPI,Corporate,No
TXN03544,2024-12-08,S004,Mumbai Metro Store,Mumbai,Grocery,Cooking Oil,190.23,6.0,10.0,1141.38,114.14,1027.24,UPI,Online,No
TXN03545,2024-06-25,S004,Mumbai Metro Store,Mumbai,Electronics,Tablet,18185.44,6.0,0.0,109112.64,0.0,109112.64,Net Banking,Online,No
TXN03546,2024-07-17,S004,Mumbai Metro Store,Mumbai,Clothing,Jeans,1333.22,4.0,5.0,5332.88,266.64,5066.24,UPI,Loyalty Member,No
TXN03547,2024-12-11,S001,Hyderabad Central,Hyderabad,Grocery,Rice (5kg),337.03,6.0,10.0,2022.18,202.22,1819.96,Cash,Walk-in,Yes
TXN03548,2024-11-14,S004,Mumbai Metro Store,Mumbai,Clothing,Formal Shirt,867.43,3.0,10.0,2602.29,260.23,2342.06,UPI,Corporate,No
TXN03549,2024-11-23,S002,Banjara Hills Mart,Hyderabad,Home Appliances,Iron Box,864.98,3.0,20.0,2594.94,518.99,2075.95,Cash,Corporate,No
TXN03550,,S002,Banjara Hills Mart,Hyderabad,Stationery,File Folder,75.33,1.0,101.0,,,,Net Banking,Loyalty Member,Yes
TXN03551,2024-09-09,S003,Chennai Express,Chennai,Clothing,Saree,2513.06,8.0,15.0,20104.48,3015.67,17088.81,UPI,Loyalty Member,No
TXN03552,2024-03-11,S002,Banjara Hills Mart,Hyderabad,Home Appliances,Fan,1521.7,6.0,0.0,9130.2,0.0,9130.2,Net Banking,Online,No
TXN03553,2024-11-08,S004,Mumbai Metro Store,Mumbai,Clothing,T-Shirt,596.11,6.0,20.0,3576.66,715.33,2861.33,Credit Card,Online,No
TXN03554,2024-09-15,S003,Chennai Express,Chennai,Electronics,Earphones,1556.62,5.0,0.0,7783.1,0.0,7783.1,Net Banking,Loyalty Member,No
TXN03555,2024-07-10,S005,Pune Retail Hub,Pune,Stationery,File Folder,76.12,8.0,10.0,608.96,60.9,548.06,UPI,Walk-in,No
TXN03556,2024-07-19,S001,Hyderabad Central,Hyderabad,Home Appliances,Mixer Grinder,2792.87,1.0,0.0,2792.87,0.0,2792.87,Debit Card,Online,Yes
TXN03557,2024-01-11,S001,Hyderabad Central,Hyderabad,Electronics,Mobile Phone,9978.87,3.0,20.0,29936.61,5987.32,23949.29,Cash,Online,No
TXN03558,2024-06-30,S001,Hyderabad Central,Hyderabad,Clothing,Jeans,1304.22,6.0,20.0,7825.32,1565.06,6260.26,Cash,Online,No
TXN03559,2024-02-29,S001,Hyderabad Central,Hyderabad,Clothing,Saree,2481.71,5.0,20.0,12408.55,2481.71,9926.84,UPI,Walk-in,No
TXN03560,2024-10-30,S003,Chennai Express,Chennai,Grocery,Flour (10kg),287.57,8.0,15.0,2300.56,345.08,1955.48,UPI,Corporate,No
TXN03561,2024-10-20,S001,Hyderabad Central,Hyderabad,Electronics,Smart Watch,5706.99,3.0,5.0,17120.97,856.05,16264.92,Cash,Walk-in,No
TXN03562,2024-08-28,S002,Banjara Hills Mart,Hyderabad,Stationery,Pen Box,103.49,6.0,0.0,620.94,0.0,620.94,UPI,Walk-in,No
TXN03563,2024-02-01,S004,Mumbai Metro Store,Mumbai,Stationery,Stapler,144.61,6.0,20.0,867.66,173.53,694.13,Net Banking,Corporate,No
TXN03564,2024-06-21,S005,Pune Retail Hub,Pune,Home Appliances,Microwave,6461.39,3.0,20.0,19384.17,3876.83,15507.34,Net Banking,Walk-in,No
TXN03565,,S001,Hyderabad Central,Hyderabad,Home Appliances,Iron Box,937.3,,-5.0,,,,UPI,Corporate,No
TXN03566,2024-12-20,S002,Banjara Hills Mart,Hyderabad,Home Appliances,Water Purifier,8802.2,8.0,0.0,70417.6,0.0,70417.6,Cash,Online,No
TXN03567,2024-09-14,S004,Mumbai Metro Store,Mumbai,Home Appliances,Mixer Grinder,2850.63,4.0,5.0,11402.52,570.13,10832.39,Debit Card,Online,No
TXN03568,2024-05-18,S003,Chennai Express,Chennai,Stationery,Stapler,153.29,7.0,0.0,1073.03,0.0,1073.03,Cash,Walk-in,No
TXN03569,,S003,Chennai Express,Chennai,Grocery,Spices Pack,102.53,,101.0,,,,Cash,Online,No
TXN03570,2024-12-13,S005,Pune Retail Hub,Pune,Grocery,Spices Pack,94.54,3.0,5.0,283.62,14.18,269.44,Cash,Walk-in,No
TXN03571,2024-02-27,S001,Hyderabad Central,Hyderabad,Electronics,Smart Watch,6120.14,2.0,10.0,12240.28,1224.03,11016.25,UPI,Walk-in,No
TXN03572,2024-11-04,S003,Chennai Express,Chennai,Grocery,Pulses,154.94,3.0,10.0,464.82,46.48,418.34,Net Banking,Walk-in,No
TXN03573,2024-09-12,S003,Chennai Express,Chennai,Clothing,Jacket,2098.07,8.0,15.0,16784.56,2517.68,14266.88,Debit Card,Walk-in,No
TXN03574,2024-02-14,S002,Banjara Hills Mart,Hyderabad,Clothing,Jacket,2079.3,6.0,0.0,12475.8,0.0,12475.8,Credit Card,Corporate,No
TXN03575,2024-01-18,S001,Hyderabad Central,Hyderabad,Clothing,Formal Shirt,884.8,6.0,15.0,5308.8,796.32,4512.48,Net Banking,Corporate,No
TXN03576,2024-06-15,S004,Mumbai Metro Store,Mumbai,Grocery,Flour (10kg),287.94,4.0,10.0,1151.76,115.18,1036.58,UPI,Corporate,No
TXN03577,2024-03-10,S004,Mumbai Metro Store,Mumbai,Home Appliances,Fan,1572.71,2.0,20.0,3145.42,629.08,2516.34,Cash,Loyalty Member,No
TXN03578,2024-05-10,S002,Banjara Hills Mart,Hyderabad,Electronics,Tablet,19917.46,8.0,20.0,159339.68,31867.94,127471.74,Credit Card,Corporate,No
TXN03579,2024-06-18,S001,Hyderabad Central,Hyderabad,Stationery,Pen Box,102.75,1.0,0.0,102.75,0.0,102.75,Credit Card,Corporate,No
TXN03580,2024-12-15,S003,Chennai Express,Chennai,Clothing,Jeans,1272.03,4.0,10.0,5088.12,508.81,4579.31,Debit Card,Loyalty Member,No
TXN03581,2024-06-17,S001,Hyderabad Central,Hyderabad,Electronics,Mobile Phone,10249.19,7.0,5.0,71744.33,3587.22,68157.11,Debit Card,Loyalty Member,No
TXN03582,2024-02-02,S002,Banjara Hills Mart,Hyderabad,Home Appliances,Microwave,6233.56,4.0,15.0,24934.24,3740.14,21194.1,Net Banking,Loyalty Member,No
TXN03583,2024-08-31,S003,Chennai Express,Chennai,Clothing,Jeans,1286.55,8.0,15.0,10292.4,1543.86,8748.54,UPI,Corporate,No
TXN03584,2024-04-19,S001,Hyderabad Central,Hyderabad,Electronics,Laptop,46616.46,7.0,10.0,326315.22,32631.52,293683.7,Debit Card,Corporate,Yes
TXN03585,2024-11-25,S002,Banjara Hills Mart,Hyderabad,Home Appliances,Mixer Grinder,2797.98,2.0,0.0,5595.96,0.0,5595.96,Debit Card,Corporate,No
TXN03586,2024-03-09,S005,Pune Retail Hub,Pune,Stationery,Notebook Set,199.13,1.0,20.0,199.13,39.83,159.3,UPI,Online,No
TXN03587,2024-02-10,S005,Pune Retail Hub,Pune,Grocery,Rice (5kg),338.13,6.0,20.0,2028.78,405.76,1623.02,Cash,Walk-in,No
TXN03588,2024-06-21,S003,Chennai Express,Chennai,Electronics,Earphones,1429.08,7.0,20.0,10003.56,2000.71,8002.85,UPI,Online,No
TXN03589,2024-06-02,S004,Mumbai Metro Store,Mumbai,Clothing,Jacket,2041.95,2.0,0.0,4083.9,0.0,4083.9,Cash,Loyalty Member,No
TXN03590,2024-03-15,S005,Pune Retail Hub,Pune,Home Appliances,Fan,1622.42,2.0,20.0,3244.84,648.97,2595.87,UPI,Walk-in,No
TXN03591,2024-10-30,S001,Hyderabad Central,Hyderabad,Stationery,File Folder,79.4,3.0,10.0,238.2,23.82,214.38,Debit Card,Walk-in,No
TXN03592,2024-03-17,S003,Chennai Express,Chennai,Electronics,Mobile Phone,9640.81,4.0,10.0,38563.24,3856.32,34706.92,Net Banking,Loyalty Member,No
TXN03593,2024-02-02,S004,Mumbai Metro Store,Mumbai,Electronics,Mobile Phone,9885.63,4.0,5.0,39542.52,1977.13,37565.39,UPI,Walk-in,No
TXN03594,2024-07-13,S002,Banjara Hills Mart,Hyderabad,Stationery,Notebook Set,198.52,1.0,5.0,198.52,9.93,188.59,Net Banking,Online,No
TXN03595,2024-02-23,S003,Chennai Express,Chennai,Stationery,Stapler,141.96,2.0,15.0,283.92,42.59,241.33,Cash,Online,No
TXN03596,2024-05-20,S002,Banjara Hills Mart,Hyderabad,Clothing,Saree,2565.7,6.0,10.0,15394.2,1539.42,13854.78,UPI,Walk-in,No
TXN03597,2024-03-02,S003,Chennai Express,Chennai,Clothing,Formal Shirt,873.32,4.0,20.0,3493.28,698.66,2794.62,Debit Card,Corporate,No
TXN03598,2024-03-04,S005,Pune Retail Hub,Pune,Stationery,Pen Box,102.2,4.0,5.0,408.8,20.44,388.36,Credit Card,Online,No
TXN03599,2024-01-04,S001,Hyderabad Central,Hyderabad,Home Appliances,Water Purifier,8695.51,2.0,10.0,17391.02,1739.1,15651.92,UPI,Corporate,No
TXN03600,2024-04-29,S005,Pune Retail Hub,Pune,Stationery,Pen Box,99.49,1.0,15.0,99.49,14.92,84.57,UPI,Corporate,No
TXN03601,2024-10-22,S003,Chennai Express,Chennai,Stationery,File Folder,75.21,3.0,10.0,225.63,22.56,203.07,UPI,Online,No
TXN03602,2024-10-19,S003,Chennai Express,Chennai,Stationery,Calculator,405.17,3.0,10.0,1215.51,121.55,1093.96,UPI,Loyalty Member,No
TXN03603,2024-04-15,S004,Mumbai Metro Store,Mumbai,Grocery,Rice (5kg),353.6,5.0,5.0,1768.0,88.4,1679.6,Credit Card,Walk-in,No
TXN03604,2024-01-15,S001,Hyderabad Central,Hyderabad,Clothing,Jacket,1927.0,8.0,5.0,15416.0,770.8,14645.2,Credit Card,Walk-in,No
TXN03605,2024-03-08,S002,Banjara Hills Mart,Hyderabad,Electronics,Mobile Phone,10447.83,1.0,15.0,10447.83,1567.17,8880.66,Cash,Corporate,No
TXN03606,2024-08-04,S003,Chennai Express,Chennai,Grocery,Rice (5kg),344.14,8.0,10.0,2753.12,275.31,2477.81,Cash,Walk-in,No
TXN03607,2024-05-18,S004,Mumbai Metro Store,Mumbai,Home Appliances,Mixer Grinder,2826.52,5.0,20.0,14132.6,2826.52,11306.08,Credit Card,Loyalty Member,No
TXN03608,2024-08-09,S003,Chennai Express,Chennai,Grocery,Flour (10kg),284.38,2.0,0.0,568.76,0.0,568.76,Cash,Walk-in,No
TXN03609,2024-11-17,S002,Banjara Hills Mart,Hyderabad,Clothing,Formal Shirt,854.23,1.0,5.0,854.23,42.71,811.52,Debit Card,Corporate,No
TXN03610,2024-12-20,S004,Mumbai Metro Store,Mumbai,Grocery,Spices Pack,95.62,4.0,15.0,382.48,57.37,325.11,Cash,Loyalty Member,No
TXN03611,2024-02-21,S001,Hyderabad Central,Hyderabad,Electronics,Earphones,1470.27,5.0,15.0,7351.35,1102.7,6248.65,Cash,Walk-in,No
TXN03612,2024-12-04,S005,Pune Retail Hub,Pune,Grocery,Cooking Oil,195.37,5.0,15.0,976.85,146.53,830.32,Net Banking,Online,No
TXN03613,2024-11-07,S004,Mumbai Metro Store,Mumbai,Grocery,Spices Pack,98.08,4.0,15.0,392.32,58.85,333.47,Cash,Walk-in,No
TXN03614,2024-11-01,S003,Chennai Express,Chennai,Home Appliances,Fan,1644.03,4.0,10.0,6576.12,657.61,5918.51,Cash,Walk-in,No
TXN03615,2024-09-18,S002,Banjara Hills Mart,Hyderabad,Stationery,Calculator,394.24,7.0,20.0,2759.68,551.94,2207.74,Net Banking,Corporate,No
TXN03616,2024-06-18,S001,Hyderabad Central,Hyderabad,Stationery,Notebook Set,205.66,5.0,20.0,1028.3,205.66,822.64,Credit Card,Corporate,No
TXN03617,2024-08-06,S002,Banjara Hills Mart,Hyderabad,Clothing,Formal Shirt,942.48,6.0,5.0,5654.88,282.74,5372.14,Net Banking,Walk-in,No
TXN03618,2024-06-13,S002,Banjara Hills Mart,Hyderabad,Stationery,Calculator,417.78,7.0,15.0,2924.46,438.67,2485.79,Cash,Online,No
TXN03619,2024-05-30,S002,Banjara Hills Mart,Hyderabad,Electronics,Earphones,1463.48,7.0,5.0,10244.36,512.22,9732.14,UPI,Corporate,No
TXN03620,2024-05-08,S004,Mumbai Metro Store,Mumbai,Stationery,Stapler,152.91,4.0,10.0,611.64,61.16,550.48,Debit Card,Online,No
TXN03621,2024-05-05,S001,Hyderabad Central,Hyderabad,Home Appliances,Fan,1657.65,7.0,20.0,11603.55,2320.71,9282.84,Credit Card,Online,No
TXN03622,2024-05-30,S005,Pune Retail Hub,Pune,Grocery,Spices Pack,102.06,4.0,20.0,408.24,81.65,326.59,UPI,Corporate,No
TXN03623,2024-03-04,S004,Mumbai Metro Store,Mumbai,Stationery,Pen Box,100.68,1.0,15.0,100.68,15.1,85.58,Credit Card,Walk-in,No
TXN03624,2024-05-18,S004,Mumbai Metro Store,Mumbai,Grocery,Pulses,146.44,4.0,20.0,585.76,117.15,468.61,Net Banking,Online,No
TXN03625,2024-05-03,S001,Hyderabad Central,Hyderabad,Electronics,Tablet,18737.67,5.0,0.0,93688.35,0.0,93688.35,Credit Card,Corporate,No
TXN03626,2024-07-27,S001,Hyderabad Central,Hyderabad,Clothing,Saree,2592.33,7.0,15.0,18146.31,2721.95,15424.36,Net Banking,Loyalty Member,No
TXN03627,2024-12-06,S005,Pune Retail Hub,Pune,Home Appliances,Microwave,6497.79,6.0,10.0,38986.74,3898.67,35088.07,Net Banking,Walk-in,No
TXN03628,,S001,Hyderabad Central,Hyderabad,Grocery,Cooking Oil,193.49,,101.0,,,,Cash,Walk-in,No
TXN03629,,S005,Pune Retail Hub,Pune,Home Appliances,Microwave,6801.59,7.0,-5.0,,,,Net Banking,Online,No
TXN03630,2024-05-14,S003,Chennai Express,Chennai,Stationery,File Folder,77.99,5.0,10.0,389.95,38.99,350.96,Cash,Loyalty Member,No
TXN03631,2024-08-27,S001,Hyderabad Central,Hyderabad,Clothing,Saree,2417.59,4.0,0.0,9670.36,0.0,9670.36,Cash,Walk-in,No
TXN03632,2024-03-21,S003,Chennai Express,Chennai,Clothing,Saree,2587.53,5.0,0.0,12937.65,0.0,12937.65,Debit Card,Corporate,No
TXN03633,2024-06-04,S005,Pune Retail Hub,Pune,Clothing,Jacket,1914.15,7.0,10.0,13399.05,1339.9,12059.15,Net Banking,Loyalty Member,No
TXN03634,2024-02-11,S004,Mumbai Metro Store,Mumbai,Grocery,Rice (5kg),337.06,2.0,15.0,674.12,101.12,573.0,Cash,Corporate,No
TXN03635,2024-10-04,S004,Mumbai Metro Store,Mumbai,Clothing,T-Shirt,600.74,2.0,10.0,1201.48,120.15,1081.33,Debit Card,Walk-in,No
TXN03636,2024-09-27,S002,Banjara Hills Mart,Hyderabad,Electronics,Laptop,44280.94,1.0,0.0,44280.94,0.0,44280.94,Cash,Online,No
TXN03637,2024-01-31,S004,Mumbai Metro Store,Mumbai,Stationery,Calculator,417.66,3.0,0.0,1252.98,0.0,1252.98,UPI,Walk-in,No
TXN03638,2024-05-04,S001,Hyderabad Central,Hyderabad,Stationery,Calculator,417.86,1.0,0.0,417.86,0.0,417.86,Credit Card,Online,No
TXN03639,2024-01-17,S005,Pune Retail Hub,Pune,Stationery,File Folder,79.11,3.0,20.0,237.33,47.47,189.86,Cash,Corporate,No
TXN03640,2024-02-23,S004,Mumbai Metro Store,Mumbai,Stationery,Notebook Set,203.91,2.0,15.0,407.82,61.17,346.65,Net Banking,Walk-in,No
TXN03641,2024-02-14,S005,Pune Retail Hub,Pune,Clothing,Jacket,1968.73,1.0,10.0,1968.73,196.87,1771.86,Credit Card,Online,No
TXN03642,2024-07-10,S002,Banjara Hills Mart,Hyderabad,Home Appliances,Mixer Grinder,2735.67,2.0,0.0,5471.34,0.0,5471.34,UPI,Walk-in,No
TXN03643,2024-09-15,S002,Banjara Hills Mart,Hyderabad,Stationery,Notebook Set,191.66,1.0,0.0,191.66,0.0,191.66,Debit Card,Corporate,No
TXN03644,2024-06-30,S001,Hyderabad Central,Hyderabad,Home Appliances,Mixer Grinder,2859.46,2.0,20.0,5718.92,1143.78,4575.14,Credit Card,Loyalty Member,No
TXN03645,2024-02-23,S001,Hyderabad Central,Hyderabad,Grocery,Pulses,155.69,3.0,0.0,467.07,0.0,467.07,Net Banking,Online,No
TXN03646,2024-06-19,S002,Banjara Hills Mart,Hyderabad,Clothing,Saree,2577.73,7.0,15.0,18044.11,2706.62,15337.49,Credit Card,Corporate,No
TXN03647,2024-06-05,S001,Hyderabad Central,Hyderabad,Home Appliances,Iron Box,880.17,7.0,10.0,6161.19,616.12,5545.07,Credit Card,Walk-in,No
TXN03648,2024-12-23,S002,Banjara Hills Mart,Hyderabad,Home Appliances,Water Purifier,8726.47,3.0,20.0,26179.41,5235.88,20943.53,Debit Card,Corporate,No
TXN03649,2024-11-07,S001,Hyderabad Central,Hyderabad,Electronics,Earphones,1538.02,3.0,0.0,4614.06,0.0,4614.06,UPI,Online,No
TXN03650,2024-04-11,S001,Hyderabad Central,Hyderabad,Electronics,Smart Watch,6079.9,3.0,15.0,18239.7,2735.95,15503.75,Debit Card,Online,No
TXN03651,2024-06-12,S001,Hyderabad Central,Hyderabad,Clothing,Jacket,2065.35,1.0,20.0,2065.35,413.07,1652.28,UPI,Corporate,No
TXN03652,2024-10-22,S003,Chennai Express,Chennai,Electronics,Earphones,1538.18,5.0,20.0,7690.9,1538.18,6152.72,Debit Card,Corporate,Yes
TXN03653,2024-07-23,S002,Banjara Hills Mart,Hyderabad,Clothing,T-Shirt,624.54,1.0,10.0,624.54,62.45,562.09,Net Banking,Corporate,No
TXN03654,2024-05-15,S004,Mumbai Metro Store,Mumbai,Clothing,Saree,2481.09,1.0,15.0,2481.09,372.16,2108.93,UPI,Loyalty Member,No
TXN03655,2024-10-13,S005,Pune Retail Hub,Pune,Stationery,Stapler,142.92,3.0,5.0,428.76,21.44,407.32,Net Banking,Loyalty Member,No
TXN03656,,S005,Pune Retail Hub,Pune,Electronics,Tablet,19113.86,9.0,-5.0,,,,Credit Card,Online,No
TXN03657,2024-12-15,S004,Mumbai Metro Store,Mumbai,Stationery,Notebook Set,207.76,5.0,10.0,1038.8,103.88,934.92,UPI,Loyalty Member,No
TXN03658,2024-05-13,S002,Banjara Hills Mart,Hyderabad,Clothing,Formal Shirt,878.21,4.0,10.0,3512.84,351.28,3161.56,Cash,Walk-in,No
TXN03659,2024-10-30,S004,Mumbai Metro Store,Mumbai,Stationery,Notebook Set,207.35,1.0,15.0,207.35,31.1,176.25,Cash,Walk-in,No
TXN03660,2024-05-31,S004,Mumbai Metro Store,Mumbai,Stationery,Pen Box,96.7,8.0,20.0,773.6,154.72,618.88,UPI,Corporate,No
TXN03661,2024-04-24,S005,Pune Retail Hub,Pune,Stationery,File Folder,76.03,8.0,15.0,608.24,91.24,517.0,Net Banking,Loyalty Member,Yes
TXN03662,2024-06-15,S002,Banjara Hills Mart,Hyderabad,Grocery,Spices Pack,103.05,4.0,20.0,412.2,82.44,329.76,Cash,Corporate,No
TXN03663,2024-12-27,S004,Mumbai Metro Store,Mumbai,Grocery,Rice (5kg),341.13,3.0,20.0,1023.39,204.68,818.71,Cash,Loyalty Member,No
TXN03664,2024-11-11,S002,Banjara Hills Mart,Hyderabad,Clothing,Jeans,1269.74,6.0,5.0,7618.44,380.92,7237.52,Cash,Loyalty Member,Yes
TXN03665,2024-10-23,S001,Hyderabad Central,Hyderabad,Electronics,Smart Watch,6182.25,3.0,10.0,18546.75,1854.67,16692.08,Credit Card,Walk-in,No
TXN03666,2024-07-28,S003,Chennai Express,Chennai,Home Appliances,Fan,1663.47,6.0,15.0,9980.82,1497.12,8483.7,Debit Card,Loyalty Member,No
TXN03667,2024-07-01,S003,Chennai Express,Chennai,Stationery,File Folder,75.36,6.0,0.0,452.16,0.0,452.16,Debit Card,Loyalty Member,No
TXN03668,,S002,Banjara Hills Mart,Hyderabad,Grocery,Spices Pack,94.49,10.0,,,,,Debit Card,Corporate,No
TXN03669,2024-09-29,S002,Banjara Hills Mart,Hyderabad,Grocery,Pulses,142.17,7.0,5.0,995.19,49.76,945.43,Net Banking,Loyalty Member,No
TXN03670,2024-04-18,S002,Banjara Hills Mart,Hyderabad,Home Appliances,Mixer Grinder,2847.75,4.0,0.0,11391.0,0.0,11391.0,Net Banking,Online,No
TXN03671,2024-07-15,S002,Banjara Hills Mart,Hyderabad,Electronics,Tablet,18072.85,8.0,15.0,144582.8,21687.42,122895.38,Credit Card,Online,No
TXN03672,2024-06-21,S004,Mumbai Metro Store,Mumbai,Clothing,Jeans,1337.75,5.0,20.0,6688.75,1337.75,5351.0,UPI,Corporate,No
TXN03673,2024-11-13,S004,Mumbai Metro Store,Mumbai,Clothing,T-Shirt,625.62,5.0,10.0,3128.1,312.81,2815.29,UPI,Walk-in,No
TXN03674,2024-01-16,S003,Chennai Express,Chennai,Clothing,Formal Shirt,938.41,7.0,15.0,6568.87,985.33,5583.54,Debit Card,Online,No
TXN03675,2024-05-24,S005,Pune Retail Hub,Pune,Home Appliances,Iron Box,929.02,6.0,0.0,5574.12,0.0,5574.12,UPI,Walk-in,No
TXN03676,2024-09-28,S005,Pune Retail Hub,Pune,Electronics,Mobile Phone,10061.9,4.0,10.0,40247.6,4024.76,36222.84,Debit Card,Online,No
TXN03677,2024-05-14,S002,Banjara Hills Mart,Hyderabad,Home Appliances,Water Purifier,8567.12,6.0,15.0,51402.72,7710.41,43692.31,Cash,Walk-in,No
TXN03678,2024-09-14,S003,Chennai Express,Chennai,Home Appliances,Iron Box,881.06,8.0,5.0,7048.48,352.42,6696.06,UPI,Walk-in,No
TXN03679,2024-01-22,S002,Banjara Hills Mart,Hyderabad,Grocery,Cooking Oil,181.37,1.0,20.0,181.37,36.27,145.1,Credit Card,Online,No
TXN03680,2024-09-22,S001,Hyderabad Central,Hyderabad,Clothing,Saree,2551.7,8.0,0.0,20413.6,0.0,20413.6,UPI,Online,No
TXN03681,2024-04-15,S005,Pune Retail Hub,Pune,Electronics,Smart Watch,6135.55,2.0,15.0,12271.1,1840.66,10430.44,Net Banking,Online,No
TXN03682,2024-12-16,S004,Mumbai Metro Store,Mumbai,Stationery,Pen Box,100.53,1.0,5.0,100.53,5.03,95.5,Debit Card,Walk-in,No
TXN03683,2024-05-09,S002,Banjara Hills Mart,Hyderabad,Home Appliances,Microwave,6659.04,7.0,15.0,46613.28,6991.99,39621.29,Credit Card,Corporate,No
TXN03684,2024-06-29,S003,Chennai Express,Chennai,Grocery,Cooking Oil,189.13,4.0,10.0,756.52,75.65,680.87,UPI,Loyalty Member,No
TXN03685,2024-12-01,S002,Banjara Hills Mart,Hyderabad,Home Appliances,Mixer Grinder,2846.85,4.0,10.0,11387.4,1138.74,10248.66,Debit Card,Online,No
TXN03686,2024-01-26,S004,Mumbai Metro Store,Mumbai,Stationery,Stapler,149.93,4.0,10.0,599.72,59.97,539.75,Net Banking,Walk-in,No
TXN03687,2024-01-05,S005,Pune Retail Hub,Pune,Home Appliances,Fan,1593.22,1.0,10.0,1593.22,159.32,1433.9,Net Banking,Loyalty Member,No
TXN03688,2024-11-15,S003,Chennai Express,Chennai,Home Appliances,Microwave,6734.76,5.0,5.0,33673.8,1683.69,31990.11,Cash,Online,No
TXN03689,2024-07-17,S005,Pune Retail Hub,Pune,Electronics,Laptop,46664.8,5.0,10.0,233324.0,23332.4,209991.6,UPI,Loyalty Member,No
TXN03690,2024-11-19,S005,Pune Retail Hub,Pune,Clothing,Saree,2431.34,2.0,15.0,4862.68,729.4,4133.28,Net Banking,Walk-in,No
TXN03691,2024-10-28,S004,Mumbai Metro Store,Mumbai,Grocery,Cooking Oil,183.57,7.0,10.0,1284.99,128.5,1156.49,Net Banking,Walk-in,No
TXN03692,2024-12-08,S005,Pune Retail Hub,Pune,Home Appliances,Water Purifier,8819.99,5.0,15.0,44099.95,6614.99,37484.96,Debit Card,Online,No
TXN03693,2024-05-25,S003,Chennai Express,Chennai,Home Appliances,Fan,1523.72,5.0,5.0,7618.6,380.93,7237.67,UPI,Loyalty Member,No
TXN03694,2024-09-03,S003,Chennai Express,Chennai,Grocery,Spices Pack,98.39,1.0,15.0,98.39,14.76,83.63,Credit Card,Loyalty Member,No
TXN03695,2024-01-02,S003,Chennai Express,Chennai,Home Appliances,Microwave,6282.71,4.0,0.0,25130.84,0.0,25130.84,Cash,Loyalty Member,No
TXN03696,,S003,Chennai Express,Chennai,Home Appliances,Water Purifier,8939.97,10.0,-5.0,,,,Cash,Loyalty Member,No
TXN03697,2024-03-27,S002,Banjara Hills Mart,Hyderabad,Stationery,Calculator,384.76,6.0,10.0,2308.56,230.86,2077.7,Net Banking,Walk-in,No
TXN03698,,S005,Pune Retail Hub,Pune,Home Appliances,Mixer Grinder,2770.71,,-5.0,,,,UPI,Online,No
TXN03699,2024-10-11,S003,Chennai Express,Chennai,Grocery,Pulses,148.72,6.0,10.0,892.32,89.23,803.09,Debit Card,Loyalty Member,No
TXN03700,2024-11-02,S002,Banjara Hills Mart,Hyderabad,Grocery,Spices Pack,94.93,4.0,0.0,379.72,0.0,379.72,Cash,Walk-in,Yes
TXN03701,2024-08-02,S002,Banjara Hills Mart,Hyderabad,Stationery,Pen Box,99.84,7.0,15.0,698.88,104.83,594.05,Debit Card,Loyalty Member,No
TXN03702,2024-03-29,S002,Banjara Hills Mart,Hyderabad,Electronics,Laptop,44422.56,4.0,0.0,177690.24,0.0,177690.24,Credit Card,Walk-in,No
TXN03703,2024-10-24,S004,Mumbai Metro Store,Mumbai,Home Appliances,Iron Box,899.21,5.0,10.0,4496.05,449.61,4046.44,Credit Card,Online,No
TXN03704,2024-06-05,S002,Banjara Hills Mart,Hyderabad,Stationery,Calculator,408.32,6.0,15.0,2449.92,367.49,2082.43,Net Banking,Walk-in,No
TXN03705,2024-06-15,S002,Banjara Hills Mart,Hyderabad,Grocery,Spices Pack,94.41,6.0,0.0,566.46,0.0,566.46,Credit Card,Walk-in,No
TXN03706,2024-06-20,S002,Banjara Hills Mart,Hyderabad,Stationery,Notebook Set,201.33,3.0,15.0,603.99,90.6,513.39,Net Banking,Walk-in,No
TXN03707,,S002,Banjara Hills Mart,Hyderabad,Stationery,Pen Box,97.95,9.0,,,,,Net Banking,Loyalty Member,No
TXN03708,,S002,Banjara Hills Mart,Hyderabad,Grocery,Rice (5kg),358.51,,-5.0,,,,Cash,Online,No
TXN03709,2024-09-13,S003,Chennai Express,Chennai,Home Appliances,Microwave,6503.17,5.0,20.0,32515.85,6503.17,26012.68,Credit Card,Online,No
TXN03710,2024-04-29,S002,Banjara Hills Mart,Hyderabad,Stationery,Pen Box,96.47,1.0,15.0,96.47,14.47,82.0,Debit Card,Corporate,No
TXN03711,2024-09-30,S003,Chennai Express,Chennai,Clothing,Jeans,1291.0,6.0,10.0,7746.0,774.6,6971.4,Debit Card,Corporate,No
TXN03712,2024-09-20,S003,Chennai Express,Chennai,Electronics,Tablet,18420.66,4.0,20.0,73682.64,14736.53,58946.11,Cash,Corporate,No
TXN03713,2024-03-08,S001,Hyderabad Central,Hyderabad,Stationery,File Folder,82.19,5.0,0.0,410.95,0.0,410.95,Net Banking,Walk-in,No
TXN03714,2024-11-18,S001,Hyderabad Central,Hyderabad,Stationery,File Folder,75.35,6.0,5.0,452.1,22.61,429.49,Debit Card,Walk-in,No
TXN03715,2024-10-23,S004,Mumbai Metro Store,Mumbai,Clothing,Jacket,1998.01,1.0,15.0,1998.01,299.7,1698.31,UPI,Loyalty Member,Yes
TXN03716,2024-04-28,S004,Mumbai Metro Store,Mumbai,Grocery,Rice (5kg),333.97,6.0,0.0,2003.82,0.0,2003.82,Debit Card,Online,No
TXN03717,2024-10-29,S005,Pune Retail Hub,Pune,Grocery,Cooking Oil,184.56,7.0,5.0,1291.92,64.6,1227.32,UPI,Walk-in,No
TXN03718,2024-12-04,S005,Pune Retail Hub,Pune,Clothing,Jacket,2048.91,5.0,20.0,10244.55,2048.91,8195.64,Net Banking,Corporate,No
TXN03719,2024-03-28,S002,Banjara Hills Mart,Hyderabad,Stationery,Notebook Set,197.1,7.0,5.0,1379.7,68.98,1310.72,Net Banking,Loyalty Member,No
TXN03720,2024-03-21,S005,Pune Retail Hub,Pune,Home Appliances,Microwave,6254.3,4.0,20.0,25017.2,5003.44,20013.76,Debit Card,Online,No
TXN03721,2024-08-28,S001,Hyderabad Central,Hyderabad,Electronics,Smart Watch,6291.93,2.0,0.0,12583.86,0.0,12583.86,UPI,Corporate,No
TXN03722,2024-12-12,S005,Pune Retail Hub,Pune,Stationery,File Folder,76.44,6.0,20.0,458.64,91.73,366.91,Net Banking,Walk-in,No
TXN03723,2024-05-01,S004,Mumbai Metro Store,Mumbai,Grocery,Pulses,143.35,3.0,15.0,430.05,64.51,365.54,Credit Card,Loyalty Member,No
TXN03724,2024-03-31,S001,Hyderabad Central,Hyderabad,Clothing,Saree,2581.64,6.0,5.0,15489.84,774.49,14715.35,Cash,Corporate,No
TXN03725,2024-06-23,S004,Mumbai Metro Store,Mumbai,Electronics,Laptop,46258.87,4.0,0.0,185035.48,0.0,185035.48,Cash,Walk-in,No
TXN03726,2024-01-04,S001,Hyderabad Central,Hyderabad,Stationery,Calculator,418.91,6.0,0.0,2513.46,0.0,2513.46,Debit Card,Loyalty Member,Yes
TXN03727,2024-07-27,S001,Hyderabad Central,Hyderabad,Electronics,Earphones,1545.41,1.0,10.0,1545.41,154.54,1390.87,Credit Card,Walk-in,No
TXN03728,2024-12-01,S004,Mumbai Metro Store,Mumbai,Home Appliances,Water Purifier,9129.44,5.0,5.0,45647.2,2282.36,43364.84,Credit Card,Loyalty Member,No
TXN03729,2024-12-28,S003,Chennai Express,Chennai,Clothing,T-Shirt,602.61,7.0,0.0,4218.27,0.0,4218.27,Credit Card,Corporate,No
TXN03730,2024-03-17,S005,Pune Retail Hub,Pune,Grocery,Pulses,143.24,3.0,5.0,429.72,21.49,408.23,Credit Card,Online,No
TXN03731,2024-07-26,S002,Banjara Hills Mart,Hyderabad,Electronics,Earphones,1459.63,6.0,15.0,8757.78,1313.67,7444.11,Debit Card,Walk-in,No
TXN03732,2024-09-02,S001,Hyderabad Central,Hyderabad,Clothing,T-Shirt,588.01,7.0,0.0,4116.07,0.0,4116.07,Debit Card,Online,No
TXN03733,2024-05-04,S003,Chennai Express,Chennai,Electronics,Smart Watch,6060.07,7.0,20.0,42420.49,8484.1,33936.39,Debit Card,Corporate,No
TXN03734,2024-02-07,S001,Hyderabad Central,Hyderabad,Stationery,Notebook Set,203.94,7.0,20.0,1427.58,285.52,1142.06,Credit Card,Loyalty Member,No
TXN03735,,S002,Banjara Hills Mart,Hyderabad,Grocery,Rice (5kg),333.74,9.0,101.0,,,,Debit Card,Walk-in,No
TXN03736,2024-05-08,S005,Pune Retail Hub,Pune,Stationery,Notebook Set,205.76,3.0,10.0,617.28,61.73,555.55,Net Banking,Online,No
TXN03737,2024-05-04,S003,Chennai Express,Chennai,Stationery,Notebook Set,192.57,3.0,0.0,577.71,0.0,577.71,Net Banking,Online,No
TXN03738,2024-01-11,S005,Pune Retail Hub,Pune,Grocery,Flour (10kg),295.13,2.0,5.0,590.26,29.51,560.75,UPI,Walk-in,No
TXN03739,2024-04-19,S004,Mumbai Metro Store,Mumbai,Clothing,T-Shirt,626.88,2.0,5.0,1253.76,62.69,1191.07,Net Banking,Walk-in,Yes
TXN03740,2024-06-29,S004,Mumbai Metro Store,Mumbai,Stationery,Pen Box,98.92,2.0,15.0,197.84,29.68,168.16,Cash,Corporate,No
TXN03741,2024-03-18,S002,Banjara Hills Mart,Hyderabad,Grocery,Flour (10kg),287.49,2.0,5.0,574.98,28.75,546.23,UPI,Online,No
TXN03742,,S002,Banjara Hills Mart,Hyderabad,Clothing,Jeans,1241.25,,101.0,,,,UPI,Corporate,No
TXN03743,2024-05-03,S002,Banjara Hills Mart,Hyderabad,Stationery,Calculator,416.76,5.0,0.0,2083.8,0.0,2083.8,UPI,Corporate,No
TXN03744,2024-03-16,S005,Pune Retail Hub,Pune,Grocery,Flour (10kg),303.4,2.0,0.0,606.8,0.0,606.8,Cash,Loyalty Member,Yes
TXN03745,2024-08-21,S005,Pune Retail Hub,Pune,Home Appliances,Mixer Grinder,2761.45,6.0,0.0,16568.7,0.0,16568.7,Net Banking,Corporate,No
TXN03746,2024-08-09,S004,Mumbai Metro Store,Mumbai,Stationery,Calculator,391.56,8.0,15.0,3132.48,469.87,2662.61,Debit Card,Corporate,No
TXN03747,2024-03-06,S004,Mumbai Metro Store,Mumbai,Stationery,Notebook Set,203.35,7.0,0.0,1423.45,0.0,1423.45,UPI,Corporate,No
TXN03748,2024-11-24,S004,Mumbai Metro Store,Mumbai,Grocery,Spices Pack,97.94,6.0,5.0,587.64,29.38,558.26,Net Banking,Loyalty Member,No
TXN03749,2024-04-29,S003,Chennai Express,Chennai,Home Appliances,Water Purifier,9197.9,7.0,20.0,64385.3,12877.06,51508.24,Debit Card,Corporate,No
TXN03750,2024-04-17,S005,Pune Retail Hub,Pune,Grocery,Pulses,142.53,8.0,10.0,1140.24,114.02,1026.22,Debit Card,Corporate,Yes
TXN03751,2024-11-25,S005,Pune Retail Hub,Pune,Grocery,Cooking Oil,194.27,3.0,20.0,582.81,116.56,466.25,Net Banking,Online,No
TXN03752,2024-04-21,S001,Hyderabad Central,Hyderabad,Electronics,Mobile Phone,10322.99,4.0,10.0,41291.96,4129.2,37162.76,UPI,Corporate,Yes
TXN03753,2024-08-22,S004,Mumbai Metro Store,Mumbai,Clothing,Formal Shirt,869.42,8.0,15.0,6955.36,1043.3,5912.06,UPI,Online,No
TXN03754,2024-03-22,S003,Chennai Express,Chennai,Stationery,Calculator,402.87,3.0,5.0,1208.61,60.43,1148.18,Credit Card,Loyalty Member,Yes
TXN03755,2024-05-31,S001,Hyderabad Central,Hyderabad,Home Appliances,Microwave,6386.68,3.0,20.0,19160.04,3832.01,15328.03,Credit Card,Online,No
TXN03756,,S003,Chennai Express,Chennai,Electronics,Earphones,1473.02,,-5.0,,,,Net Banking,Corporate,No
TXN03757,2024-08-19,S002,Banjara Hills Mart,Hyderabad,Grocery,Rice (5kg),359.8,7.0,10.0,2518.6,251.86,2266.74,Credit Card,Loyalty Member,No
TXN03758,2024-11-27,S002,Banjara Hills Mart,Hyderabad,Electronics,Laptop,46386.36,8.0,5.0,371090.88,18554.54,352536.34,Credit Card,Loyalty Member,No
TXN03759,2024-07-13,S005,Pune Retail Hub,Pune,Electronics,Earphones,1464.0,5.0,5.0,7320.0,366.0,6954.0,Net Banking,Walk-in,No
TXN03760,2024-04-13,S005,Pune Retail Hub,Pune,Stationery,Calculator,403.17,8.0,15.0,3225.36,483.8,2741.56,Debit Card,Walk-in,No
TXN03761,2024-03-22,S003,Chennai Express,Chennai,Electronics,Laptop,46548.95,5.0,5.0,232744.75,11637.24,221107.51,Net Banking,Online,No
TXN03762,,S002,Banjara Hills Mart,Hyderabad,Grocery,Spices Pack,101.13,,-5.0,,,,UPI,Corporate,No
TXN03763,2024-01-30,S003,Chennai Express,Chennai,Home Appliances,Microwave,6697.76,4.0,5.0,26791.04,1339.55,25451.49,Debit Card,Walk-in,Yes
TXN03764,2024-03-31,S003,Chennai Express,Chennai,Home Appliances,Microwave,6804.29,1.0,10.0,6804.29,680.43,6123.86,Credit Card,Walk-in,No
TXN03765,2024-06-20,S002,Banjara Hills Mart,Hyderabad,Grocery,Pulses,143.62,6.0,10.0,861.72,86.17,775.55,UPI,Online,Yes
TXN03766,2024-12-12,S002,Banjara Hills Mart,Hyderabad,Clothing,Saree,2461.0,3.0,10.0,7383.0,738.3,6644.7,Credit Card,Loyalty Member,No
TXN03767,2024-10-26,S005,Pune Retail Hub,Pune,Grocery,Cooking Oil,191.66,2.0,15.0,383.32,57.5,325.82,Cash,Corporate,No
TXN03768,,S003,Chennai Express,Chennai,Stationery,Calculator,408.5,,-5.0,,,,Debit Card,Corporate,No
TXN03769,2024-06-03,S004,Mumbai Metro Store,Mumbai,Electronics,Tablet,19873.71,8.0,5.0,158989.68,7949.48,151040.2,Credit Card,Walk-in,No
TXN03770,2024-04-03,S002,Banjara Hills Mart,Hyderabad,Grocery,Cooking Oil,193.88,8.0,0.0,1551.04,0.0,1551.04,Cash,Corporate,No
TXN03771,2024-02-04,S003,Chennai Express,Chennai,Home Appliances,Iron Box,905.94,6.0,0.0,5435.64,0.0,5435.64,Net Banking,Online,No
TXN03772,2024-06-02,S001,Hyderabad Central,Hyderabad,Clothing,Jeans,1352.37,1.0,10.0,1352.37,135.24,1217.13,Credit Card,Loyalty Member,No
TXN03773,2024-12-29,S002,Banjara Hills Mart,Hyderabad,Clothing,T-Shirt,588.84,6.0,0.0,3533.04,0.0,3533.04,Credit Card,Online,No
TXN03774,2024-10-02,S003,Chennai Express,Chennai,Stationery,Calculator,416.74,5.0,15.0,2083.7,312.55,1771.15,Cash,Online,No
TXN03775,2024-06-19,S005,Pune Retail Hub,Pune,Home Appliances,Water Purifier,8964.69,4.0,5.0,35858.76,1792.94,34065.82,UPI,Walk-in,No
TXN03776,2024-10-30,S005,Pune Retail Hub,Pune,Clothing,Saree,2466.17,5.0,0.0,12330.85,0.0,12330.85,Cash,Walk-in,No
TXN03777,2024-03-29,S005,Pune Retail Hub,Pune,Clothing,T-Shirt,591.46,6.0,10.0,3548.76,354.88,3193.88,Debit Card,Online,Yes
TXN03778,2024-05-31,S003,Chennai Express,Chennai,Home Appliances,Microwave,6457.97,7.0,10.0,45205.79,4520.58,40685.21,Cash,Corporate,No
TXN03779,2024-06-10,S004,Mumbai Metro Store,Mumbai,Grocery,Flour (10kg),301.28,6.0,0.0,1807.68,0.0,1807.68,Cash,Walk-in,No
TXN03780,2024-06-08,S005,Pune Retail Hub,Pune,Electronics,Laptop,46388.17,5.0,15.0,231940.85,34791.13,197149.72,Credit Card,Loyalty Member,No
TXN03781,2024-09-14,S004,Mumbai Metro Store,Mumbai,Stationery,Stapler,153.13,8.0,20.0,1225.04,245.01,980.03,Net Banking,Walk-in,No
TXN03782,2024-02-06,S004,Mumbai Metro Store,Mumbai,Clothing,Formal Shirt,934.65,1.0,10.0,934.65,93.47,841.18,Net Banking,Corporate,No
TXN03783,2024-02-25,S001,Hyderabad Central,Hyderabad,Electronics,Laptop,47562.35,8.0,10.0,380498.8,38049.88,342448.92,Credit Card,Loyalty Member,No
TXN03784,2024-08-04,S002,Banjara Hills Mart,Hyderabad,Home Appliances,Microwave,6710.95,1.0,0.0,6710.95,0.0,6710.95,Net Banking,Corporate,Yes
TXN03785,2024-12-01,S003,Chennai Express,Chennai,Grocery,Cooking Oil,191.77,8.0,15.0,1534.16,230.12,1304.04,Credit Card,Online,No
TXN03786,2024-06-30,S005,Pune Retail Hub,Pune,Electronics,Tablet,18364.21,5.0,5.0,91821.05,4591.05,87230.0,Cash,Corporate,No
TXN03787,2024-11-19,S003,Chennai Express,Chennai,Clothing,Formal Shirt,913.45,8.0,20.0,7307.6,1461.52,5846.08,Debit Card,Walk-in,No
TXN03788,2024-03-09,S005,Pune Retail Hub,Pune,Home Appliances,Microwave,6625.68,3.0,5.0,19877.04,993.85,18883.19,Credit Card,Loyalty Member,No
TXN03789,2024-09-04,S005,Pune Retail Hub,Pune,Home Appliances,Microwave,6445.9,8.0,0.0,51567.2,0.0,51567.2,Cash,Loyalty Member,No
TXN03790,,S003,Chennai Express,Chennai,Clothing,Jacket,1947.11,2.0,-5.0,,,,Cash,Walk-in,No
TXN03791,2024-09-22,S005,Pune Retail Hub,Pune,Clothing,Jacket,1930.68,3.0,5.0,5792.04,289.6,5502.44,Debit Card,Loyalty Member,No
TXN03792,2024-03-26,S003,Chennai Express,Chennai,Home Appliances,Mixer Grinder,2934.86,1.0,10.0,2934.86,293.49,2641.37,Net Banking,Loyalty Member,No
TXN03793,2024-06-22,S001,Hyderabad Central,Hyderabad,Clothing,Jacket,2052.73,3.0,10.0,6158.19,615.82,5542.37,Cash,Loyalty Member,No
TXN03794,2024-01-01,S005,Pune Retail Hub,Pune,Grocery,Cooking Oil,191.11,2.0,15.0,382.22,57.33,324.89,Debit Card,Corporate,Yes
TXN03795,2024-06-25,S001,Hyderabad Central,Hyderabad,Electronics,Smart Watch,6008.22,6.0,15.0,36049.32,5407.4,30641.92,Debit Card,Loyalty Member,No
TXN03796,2024-08-26,S002,Banjara Hills Mart,Hyderabad,Grocery,Flour (10kg),288.09,5.0,10.0,1440.45,144.04,1296.41,Net Banking,Loyalty Member,Yes
TXN03797,2024-09-27,S001,Hyderabad Central,Hyderabad,Clothing,T-Shirt,617.38,7.0,0.0,4321.66,0.0,4321.66,Debit Card,Corporate,No
TXN03798,2024-07-14,S001,Hyderabad Central,Hyderabad,Home Appliances,Iron Box,928.72,3.0,5.0,2786.16,139.31,2646.85,Credit Card,Online,No
TXN03799,2024-05-07,S003,Chennai Express,Chennai,Home Appliances,Water Purifier,9003.4,5.0,20.0,45017.0,9003.4,36013.6,Credit Card,Walk-in,No
TXN03800,2024-06-21,S003,Chennai Express,Chennai,Clothing,Jacket,2042.61,6.0,5.0,12255.66,612.78,11642.88,Net Banking,Loyalty Member,No
TXN03801,,S003,Chennai Express,Chennai,Clothing,Formal Shirt,927.15,4.0,-5.0,,,,Net Banking,Online,No
TXN03802,2024-01-03,S003,Chennai Express,Chennai,Home Appliances,Water Purifier,9318.97,4.0,5.0,37275.88,1863.79,35412.09,Debit Card,Online,No
TXN03803,2024-12-10,S005,Pune Retail Hub,Pune,Grocery,Rice (5kg),358.62,3.0,10.0,1075.86,107.59,968.27,Credit Card,Online,No
TXN03804,2024-03-21,S004,Mumbai Metro Store,Mumbai,Electronics,Smart Watch,6150.47,6.0,15.0,36902.82,5535.42,31367.4,Credit Card,Online,No
TXN03805,2024-10-11,S001,Hyderabad Central,Hyderabad,Electronics,Tablet,19026.91,5.0,15.0,95134.55,14270.18,80864.37,Net Banking,Online,No
TXN03806,2024-12-04,S005,Pune Retail Hub,Pune,Clothing,Saree,2374.17,3.0,0.0,7122.51,0.0,7122.51,Debit Card,Online,No
TXN03807,2024-07-01,S005,Pune Retail Hub,Pune,Clothing,Saree,2480.46,4.0,5.0,9921.84,496.09,9425.75,Credit Card,Online,No
TXN03808,2024-01-16,S005,Pune Retail Hub,Pune,Electronics,Laptop,45347.61,7.0,10.0,317433.27,31743.33,285689.94,UPI,Online,No
TXN03809,2024-11-15,S003,Chennai Express,Chennai,Grocery,Flour (10kg),309.4,3.0,0.0,928.2,0.0,928.2,Debit Card,Online,No
TXN03810,2024-03-24,S004,Mumbai Metro Store,Mumbai,Electronics,Smart Watch,5798.24,1.0,20.0,5798.24,1159.65,4638.59,Cash,Loyalty Member,No
TXN03811,2024-11-12,S004,Mumbai Metro Store,Mumbai,Stationery,Pen Box,94.62,3.0,20.0,283.86,56.77,227.09,Net Banking,Corporate,No
TXN03812,2024-03-07,S001,Hyderabad Central,Hyderabad,Clothing,Saree,2416.08,7.0,0.0,16912.56,0.0,16912.56,UPI,Loyalty Member,Yes
TXN03813,2024-07-06,S001,Hyderabad Central,Hyderabad,Grocery,Rice (5kg),363.19,2.0,0.0,726.38,0.0,726.38,Debit Card,Walk-in,No
TXN03814,2024-09-30,S003,Chennai Express,Chennai,Home Appliances,Fan,1562.56,2.0,15.0,3125.12,468.77,2656.35,Debit Card,Walk-in,No
TXN03815,2024-02-20,S004,Mumbai Metro Store,Mumbai,Clothing,T-Shirt,602.18,8.0,15.0,4817.44,722.62,4094.82,Net Banking,Loyalty Member,No
TXN03816,2024-04-04,S001,Hyderabad Central,Hyderabad,Home Appliances,Iron Box,872.93,7.0,10.0,6110.51,611.05,5499.46,UPI,Loyalty Member,No
TXN03817,2024-01-30,S004,Mumbai Metro Store,Mumbai,Stationery,Pen Box,94.43,1.0,20.0,94.43,18.89,75.54,Cash,Loyalty Member,Yes
TXN03818,2024-10-05,S002,Banjara Hills Mart,Hyderabad,Clothing,Saree,2447.02,5.0,15.0,12235.1,1835.27,10399.83,Debit Card,Online,No
TXN03819,2024-06-16,S001,Hyderabad Central,Hyderabad,Stationery,Notebook Set,201.23,2.0,10.0,402.46,40.25,362.21,Credit Card,Online,No
TXN03820,2024-10-02,S005,Pune Retail Hub,Pune,Grocery,Rice (5kg),363.22,7.0,15.0,2542.54,381.38,2161.16,UPI,Corporate,No
TXN03821,,S004,Mumbai Metro Store,Mumbai,Home Appliances,Fan,1583.2,,101.0,,,,Debit Card,Corporate,No
TXN03822,,S002,Banjara Hills Mart,Hyderabad,Clothing,Jeans,1302.44,,,,,,Credit Card,Online,No
TXN03823,2024-06-28,S003,Chennai Express,Chennai,Grocery,Rice (5kg),340.6,8.0,0.0,2724.8,0.0,2724.8,Debit Card,Corporate,No
TXN03824,2024-10-05,S004,Mumbai Metro Store,Mumbai,Grocery,Spices Pack,103.14,1.0,20.0,103.14,20.63,82.51,Debit Card,Loyalty Member,No
TXN03825,2024-06-24,S002,Banjara Hills Mart,Hyderabad,Clothing,Jacket,2058.47,7.0,15.0,14409.29,2161.39,12247.9,Debit Card,Loyalty Member,No
TXN03826,2024-09-24,S005,Pune Retail Hub,Pune,Electronics,Tablet,18463.67,4.0,20.0,73854.68,14770.94,59083.74,Cash,Online,No
TXN03827,2024-10-29,S002,Banjara Hills Mart,Hyderabad,Grocery,Flour (10kg),285.01,3.0,20.0,855.03,171.01,684.02,UPI,Loyalty Member,Yes
TXN03828,2024-05-25,S005,Pune Retail Hub,Pune,Home Appliances,Iron Box,943.5,7.0,0.0,6604.5,0.0,6604.5,Credit Card,Corporate,No
TXN03829,2024-12-08,S005,Pune Retail Hub,Pune,Clothing,Jeans,1334.41,8.0,0.0,10675.28,0.0,10675.28,Cash,Online,No
TXN03830,2024-04-21,S003,Chennai Express,Chennai,Grocery,Spices Pack,99.6,2.0,0.0,199.2,0.0,199.2,Cash,Loyalty Member,No
TXN03831,2024-04-09,S004,Mumbai Metro Store,Mumbai,Electronics,Earphones,1518.71,1.0,15.0,1518.71,227.81,1290.9,Cash,Online,No
TXN03832,2024-04-08,S003,Chennai Express,Chennai,Clothing,Saree,2462.83,7.0,15.0,17239.81,2585.97,14653.84,Credit Card,Online,No
TXN03833,2024-11-24,S001,Hyderabad Central,Hyderabad,Stationery,Calculator,400.86,6.0,15.0,2405.16,360.77,2044.39,UPI,Walk-in,No
TXN03834,2024-10-02,S001,Hyderabad Central,Hyderabad,Clothing,Saree,2559.55,6.0,10.0,15357.3,1535.73,13821.57,Debit Card,Corporate,No
TXN03835,,S005,Pune Retail Hub,Pune,Grocery,Flour (10kg),307.28,,101.0,,,,Net Banking,Walk-in,Yes
TXN03836,2024-09-30,S004,Mumbai Metro Store,Mumbai,Home Appliances,Water Purifier,8889.25,4.0,20.0,35557.0,7111.4,28445.6,Credit Card,Corporate,No
TXN03837,2024-06-20,S004,Mumbai Metro Store,Mumbai,Home Appliances,Iron Box,918.4,7.0,10.0,6428.8,642.88,5785.92,Net Banking,Corporate,No
TXN03838,2024-10-28,S001,Hyderabad Central,Hyderabad,Home Appliances,Microwave,6285.81,1.0,0.0,6285.81,0.0,6285.81,Debit Card,Walk-in,Yes
TXN03839,2024-05-01,S005,Pune Retail Hub,Pune,Home Appliances,Mixer Grinder,2680.38,3.0,20.0,8041.14,1608.23,6432.91,Debit Card,Walk-in,No
TXN03840,2024-09-03,S004,Mumbai Metro Store,Mumbai,Grocery,Flour (10kg),311.08,2.0,0.0,622.16,0.0,622.16,Credit Card,Corporate,No
TXN03841,2024-06-09,S005,Pune Retail Hub,Pune,Home Appliances,Water Purifier,9215.02,3.0,10.0,27645.06,2764.51,24880.55,Debit Card,Loyalty Member,No
TXN03842,2024-09-15,S005,Pune Retail Hub,Pune,Home Appliances,Iron Box,929.64,3.0,10.0,2788.92,278.89,2510.03,Credit Card,Loyalty Member,No
TXN03843,2024-01-14,S001,Hyderabad Central,Hyderabad,Clothing,T-Shirt,572.14,3.0,15.0,1716.42,257.46,1458.96,Net Banking,Online,No
TXN03844,2024-02-06,S001,Hyderabad Central,Hyderabad,Electronics,Mobile Phone,10301.86,7.0,5.0,72113.02,3605.65,68507.37,Debit Card,Online,No
TXN03845,,S005,Pune Retail Hub,Pune,Stationery,File Folder,82.29,2.0,,,,,UPI,Online,Yes
TXN03846,2024-12-04,S003,Chennai Express,Chennai,Electronics,Smart Watch,6202.84,5.0,5.0,31014.2,1550.71,29463.49,Net Banking,Loyalty Member,No
TXN03847,2024-08-23,S003,Chennai Express,Chennai,Clothing,Jeans,1340.33,5.0,0.0,6701.65,0.0,6701.65,Debit Card,Online,No
TXN03848,2024-06-26,S003,Chennai Express,Chennai,Electronics,Tablet,18946.94,3.0,20.0,56840.82,11368.16,45472.66,Credit Card,Loyalty Member,No
TXN03849,2024-10-14,S004,Mumbai Metro Store,Mumbai,Home Appliances,Mixer Grinder,2764.02,4.0,0.0,11056.08,0.0,11056.08,Net Banking,Corporate,No
TXN03850,2024-05-22,S005,Pune Retail Hub,Pune,Grocery,Rice (5kg),338.22,4.0,10.0,1352.88,135.29,1217.59,Debit Card,Loyalty Member,No
TXN03851,2024-10-28,S003,Chennai Express,Chennai,Home Appliances,Water Purifier,9226.0,8.0,20.0,73808.0,14761.6,59046.4,Debit Card,Walk-in,No
TXN03852,2024-05-15,S002,Banjara Hills Mart,Hyderabad,Clothing,Saree,2514.18,2.0,5.0,5028.36,251.42,4776.94,Cash,Corporate,No
TXN03853,2024-05-24,S002,Banjara Hills Mart,Hyderabad,Stationery,Calculator,403.78,8.0,15.0,3230.24,484.54,2745.7,Debit Card,Online,No
TXN03854,2024-12-24,S001,Hyderabad Central,Hyderabad,Home Appliances,Microwave,6240.03,2.0,0.0,12480.06,0.0,12480.06,Credit Card,Walk-in,No
TXN03855,2024-04-01,S004,Mumbai Metro Store,Mumbai,Electronics,Mobile Phone,9601.48,2.0,10.0,19202.96,1920.3,17282.66,UPI,Loyalty Member,No
TXN03856,2024-10-21,S001,Hyderabad Central,Hyderabad,Stationery,Notebook Set,198.9,3.0,10.0,596.7,59.67,537.03,Net Banking,Loyalty Member,No
TXN03857,2024-09-03,S004,Mumbai Metro Store,Mumbai,Home Appliances,Microwave,6449.96,5.0,20.0,32249.8,6449.96,25799.84,UPI,Online,No
TXN03858,2024-05-16,S001,Hyderabad Central,Hyderabad,Stationery,Pen Box,98.02,3.0,10.0,294.06,29.41,264.65,Cash,Corporate,No
TXN03859,2024-10-08,S002,Banjara Hills Mart,Hyderabad,Grocery,Rice (5kg),356.36,7.0,0.0,2494.52,0.0,2494.52,Debit Card,Walk-in,No
TXN03860,2024-12-23,S002,Banjara Hills Mart,Hyderabad,Clothing,Jeans,1301.03,1.0,10.0,1301.03,130.1,1170.93,Net Banking,Online,No
TXN03861,2024-03-09,S004,Mumbai Metro Store,Mumbai,Grocery,Cooking Oil,194.61,2.0,20.0,389.22,77.84,311.38,Debit Card,Loyalty Member,No
TXN03862,2024-01-26,S002,Banjara Hills Mart,Hyderabad,Stationery,File Folder,75.97,1.0,15.0,75.97,11.4,64.57,UPI,Loyalty Member,No
TXN03863,2024-11-16,S002,Banjara Hills Mart,Hyderabad,Stationery,Calculator,394.3,7.0,20.0,2760.1,552.02,2208.08,UPI,Loyalty Member,No
TXN03864,2024-02-27,S003,Chennai Express,Chennai,Stationery,Pen Box,99.25,5.0,15.0,496.25,74.44,421.81,Cash,Walk-in,No
TXN03865,2024-02-21,S003,Chennai Express,Chennai,Grocery,Rice (5kg),348.99,3.0,20.0,1046.97,209.39,837.58,Credit Card,Corporate,No
TXN03866,2024-01-03,S001,Hyderabad Central,Hyderabad,Electronics,Earphones,1468.88,7.0,20.0,10282.16,2056.43,8225.73,Credit Card,Loyalty Member,No
TXN03867,2024-07-24,S003,Chennai Express,Chennai,Stationery,File Folder,78.7,5.0,20.0,393.5,78.7,314.8,Net Banking,Corporate,No
TXN03868,2024-09-21,S003,Chennai Express,Chennai,Home Appliances,Microwave,6406.1,2.0,0.0,12812.2,0.0,12812.2,Credit Card,Loyalty Member,No
TXN03869,2024-11-25,S003,Chennai Express,Chennai,Grocery,Rice (5kg),360.68,8.0,0.0,2885.44,0.0,2885.44,Credit Card,Online,No
TXN03870,2024-02-03,S003,Chennai Express,Chennai,Grocery,Rice (5kg),336.74,4.0,5.0,1346.96,67.35,1279.61,UPI,Walk-in,No
TXN03871,2024-12-07,S002,Banjara Hills Mart,Hyderabad,Electronics,Smart Watch,6208.01,2.0,10.0,12416.02,1241.6,11174.42,Credit Card,Loyalty Member,No
TXN03872,,S002,Banjara Hills Mart,Hyderabad,Electronics,Laptop,45152.98,4.0,-5.0,,,,Debit Card,Online,No
TXN03873,2024-07-08,S005,Pune Retail Hub,Pune,Grocery,Rice (5kg),364.72,1.0,20.0,364.72,72.94,291.78,Net Banking,Loyalty Member,No
TXN03874,2024-10-27,S004,Mumbai Metro Store,Mumbai,Clothing,Saree,2544.1,3.0,0.0,7632.3,0.0,7632.3,Net Banking,Corporate,No
TXN03875,2024-11-05,S004,Mumbai Metro Store,Mumbai,Electronics,Tablet,18225.12,3.0,10.0,54675.36,5467.54,49207.82,Net Banking,Loyalty Member,No
TXN03876,2024-09-02,S005,Pune Retail Hub,Pune,Home Appliances,Iron Box,928.57,6.0,10.0,5571.42,557.14,5014.28,Cash,Loyalty Member,No
TXN03877,2024-01-10,S004,Mumbai Metro Store,Mumbai,Electronics,Mobile Phone,9647.96,2.0,15.0,19295.92,2894.39,16401.53,Cash,Online,No
TXN03878,2024-09-23,S005,Pune Retail Hub,Pune,Clothing,Jeans,1330.59,8.0,10.0,10644.72,1064.47,9580.25,Net Banking,Corporate,No
TXN03879,2024-02-03,S001,Hyderabad Central,Hyderabad,Grocery,Rice (5kg),364.35,4.0,15.0,1457.4,218.61,1238.79,Debit Card,Corporate,No
TXN03880,2024-06-06,S004,Mumbai Metro Store,Mumbai,Home Appliances,Iron Box,872.1,7.0,0.0,6104.7,0.0,6104.7,Debit Card,Loyalty Member,No
TXN03881,2024-10-28,S002,Banjara Hills Mart,Hyderabad,Electronics,Smart Watch,5708.49,2.0,20.0,11416.98,2283.4,9133.58,Net Banking,Walk-in,No
TXN03882,2024-12-26,S004,Mumbai Metro Store,Mumbai,Electronics,Mobile Phone,9632.83,6.0,5.0,57796.98,2889.85,54907.13,Credit Card,Online,Yes
TXN03883,2024-02-12,S005,Pune Retail Hub,Pune,Home Appliances,Iron Box,921.53,4.0,5.0,3686.12,184.31,3501.81,Credit Card,Corporate,Yes
TXN03884,2024-06-26,S003,Chennai Express,Chennai,Stationery,Stapler,149.7,4.0,15.0,598.8,89.82,508.98,Credit Card,Walk-in,No
TXN03885,2024-05-18,S002,Banjara Hills Mart,Hyderabad,Electronics,Mobile Phone,9986.32,6.0,15.0,59917.92,8987.69,50930.23,Credit Card,Online,No
TXN03886,2024-01-31,S003,Chennai Express,Chennai,Electronics,Smart Watch,6097.48,7.0,0.0,42682.36,0.0,42682.36,Cash,Loyalty Member,No
TXN03887,2024-08-15,S004,Mumbai Metro Store,Mumbai,Clothing,Jeans,1339.38,5.0,15.0,6696.9,1004.53,5692.37,Credit Card,Walk-in,No
TXN03888,2024-06-13,S004,Mumbai Metro Store,Mumbai,Clothing,Jacket,2097.12,4.0,15.0,8388.48,1258.27,7130.21,Net Banking,Walk-in,No
TXN03889,2024-02-29,S001,Hyderabad Central,Hyderabad,Home Appliances,Mixer Grinder,2900.28,3.0,20.0,8700.84,1740.17,6960.67,Credit Card,Online,No
TXN03890,2024-08-06,S005,Pune Retail Hub,Pune,Clothing,Saree,2485.21,5.0,5.0,12426.05,621.3,11804.75,Credit Card,Corporate,No
TXN03891,2024-10-25,S001,Hyderabad Central,Hyderabad,Electronics,Tablet,18797.63,1.0,20.0,18797.63,3759.53,15038.1,UPI,Corporate,No
TXN03892,2024-03-05,S003,Chennai Express,Chennai,Stationery,Calculator,381.29,7.0,20.0,2669.03,533.81,2135.22,Net Banking,Loyalty Member,Yes
TXN03893,2024-06-07,S005,Pune Retail Hub,Pune,Electronics,Laptop,47083.05,2.0,20.0,94166.1,18833.22,75332.88,Debit Card,Online,No
TXN03894,,S002,Banjara Hills Mart,Hyderabad,Home Appliances,Microwave,6533.87,1.0,101.0,,,,Cash,Online,No
TXN03895,2024-05-31,S003,Chennai Express,Chennai,Home Appliances,Iron Box,872.85,7.0,0.0,6109.95,0.0,6109.95,UPI,Corporate,No
TXN03896,2024-03-15,S004,Mumbai Metro Store,Mumbai,Grocery,Cooking Oil,190.36,1.0,0.0,190.36,0.0,190.36,UPI,Walk-in,No
TXN03897,2024-05-19,S002,Banjara Hills Mart,Hyderabad,Grocery,Flour (10kg),293.52,7.0,20.0,2054.64,410.93,1643.71,Debit Card,Walk-in,No
TXN03898,2024-09-21,S001,Hyderabad Central,Hyderabad,Stationery,Pen Box,94.7,6.0,0.0,568.2,0.0,568.2,Cash,Loyalty Member,No
TXN03899,2024-08-15,S005,Pune Retail Hub,Pune,Stationery,Stapler,151.75,7.0,10.0,1062.25,106.22,956.03,Debit Card,Walk-in,No
TXN03900,2024-05-06,S002,Banjara Hills Mart,Hyderabad,Stationery,Stapler,147.4,2.0,20.0,294.8,58.96,235.84,Credit Card,Online,No
TXN03901,2024-01-19,S001,Hyderabad Central,Hyderabad,Home Appliances,Mixer Grinder,2709.23,6.0,5.0,16255.38,812.77,15442.61,Credit Card,Online,No
TXN03902,2024-05-14,S002,Banjara Hills Mart,Hyderabad,Clothing,Jeans,1252.55,3.0,0.0,3757.65,0.0,3757.65,Debit Card,Loyalty Member,No
TXN03903,2024-12-23,S001,Hyderabad Central,Hyderabad,Home Appliances,Fan,1589.3,1.0,5.0,1589.3,79.47,1509.83,UPI,Walk-in,No
TXN03904,2024-09-03,S005,Pune Retail Hub,Pune,Grocery,Flour (10kg),286.79,6.0,10.0,1720.74,172.07,1548.67,Cash,Loyalty Member,No
TXN03905,2024-12-13,S005,Pune Retail Hub,Pune,Home Appliances,Mixer Grinder,2887.69,4.0,0.0,11550.76,0.0,11550.76,UPI,Loyalty Member,No
TXN03906,2024-06-13,S001,Hyderabad Central,Hyderabad,Home Appliances,Mixer Grinder,2884.36,6.0,15.0,17306.16,2595.92,14710.24,Credit Card,Online,No
TXN03907,,S002,Banjara Hills Mart,Hyderabad,Grocery,Spices Pack,100.21,,-5.0,,,,Net Banking,Corporate,Yes
TXN03908,,S003,Chennai Express,Chennai,Electronics,Smart Watch,6037.99,2.0,,,,,Debit Card,Online,No
TXN03909,2024-12-10,S004,Mumbai Metro Store,Mumbai,Stationery,Notebook Set,196.3,5.0,10.0,981.5,98.15,883.35,Net Banking,Walk-in,No
TXN03910,2024-01-11,S004,Mumbai Metro Store,Mumbai,Electronics,Mobile Phone,10344.91,2.0,5.0,20689.82,1034.49,19655.33,Debit Card,Walk-in,No
TXN03911,2024-01-01,S005,Pune Retail Hub,Pune,Stationery,File Folder,77.69,1.0,10.0,77.69,7.77,69.92,Credit Card,Loyalty Member,No
TXN03912,2024-04-16,S004,Mumbai Metro Store,Mumbai,Stationery,Pen Box,96.58,3.0,0.0,289.74,0.0,289.74,UPI,Online,No
TXN03913,2024-10-10,S003,Chennai Express,Chennai,Home Appliances,Iron Box,865.36,7.0,0.0,6057.52,0.0,6057.52,Cash,Walk-in,No
TXN03914,2024-08-26,S001,Hyderabad Central,Hyderabad,Grocery,Pulses,151.27,2.0,15.0,302.54,45.38,257.16,Debit Card,Loyalty Member,No
TXN03915,2024-11-22,S001,Hyderabad Central,Hyderabad,Clothing,Saree,2503.72,5.0,0.0,12518.6,0.0,12518.6,Credit Card,Walk-in,No
TXN03916,2024-05-20,S005,Pune Retail Hub,Pune,Electronics,Smart Watch,6286.25,2.0,20.0,12572.5,2514.5,10058.0,Debit Card,Loyalty Member,No
TXN03917,2024-05-21,S005,Pune Retail Hub,Pune,Clothing,Saree,2605.94,6.0,0.0,15635.64,0.0,15635.64,UPI,Corporate,No
TXN03918,2024-02-17,S004,Mumbai Metro Store,Mumbai,Clothing,Jacket,2045.62,7.0,10.0,14319.34,1431.93,12887.41,UPI,Loyalty Member,No
TXN03919,2024-02-21,S003,Chennai Express,Chennai,Clothing,Saree,2576.8,1.0,0.0,2576.8,0.0,2576.8,Credit Card,Online,No
TXN03920,2024-02-13,S004,Mumbai Metro Store,Mumbai,Clothing,Jeans,1271.68,5.0,10.0,6358.4,635.84,5722.56,Cash,Online,No
TXN03921,2024-06-17,S005,Pune Retail Hub,Pune,Electronics,Smart Watch,6255.81,2.0,20.0,12511.62,2502.32,10009.3,Debit Card,Corporate,No
TXN03922,2024-09-14,S002,Banjara Hills Mart,Hyderabad,Clothing,Formal Shirt,881.13,2.0,5.0,1762.26,88.11,1674.15,Cash,Corporate,No
TXN03923,2024-03-23,S003,Chennai Express,Chennai,Electronics,Smart Watch,5924.85,4.0,20.0,23699.4,4739.88,18959.52,Debit Card,Online,No
TXN03924,2024-10-01,S004,Mumbai Metro Store,Mumbai,Home Appliances,Microwave,6342.93,6.0,15.0,38057.58,5708.64,32348.94,Debit Card,Corporate,No
TXN03925,2024-10-18,S001,Hyderabad Central,Hyderabad,Grocery,Flour (10kg),312.62,4.0,20.0,1250.48,250.1,1000.38,Net Banking,Loyalty Member,No
TXN03926,2024-03-14,S003,Chennai Express,Chennai,Stationery,Pen Box,100.39,2.0,15.0,200.78,30.12,170.66,Net Banking,Corporate,No
TXN03927,2024-01-31,S002,Banjara Hills Mart,Hyderabad,Electronics,Laptop,44278.55,1.0,10.0,44278.55,4427.85,39850.7,UPI,Loyalty Member,Yes
TXN03928,2024-03-02,S001,Hyderabad Central,Hyderabad,Electronics,Earphones,1446.94,4.0,20.0,5787.76,1157.55,4630.21,Debit Card,Loyalty Member,No
TXN03929,2024-09-21,S001,Hyderabad Central,Hyderabad,Grocery,Spices Pack,94.71,5.0,10.0,473.55,47.35,426.2,Net Banking,Corporate,Yes
TXN03930,2024-10-28,S003,Chennai Express,Chennai,Electronics,Laptop,47008.54,5.0,10.0,235042.7,23504.27,211538.43,Net Banking,Walk-in,No
TXN03931,2024-09-27,S003,Chennai Express,Chennai,Stationery,Stapler,154.41,2.0,0.0,308.82,0.0,308.82,Cash,Loyalty Member,No
TXN03932,2024-04-23,S001,Hyderabad Central,Hyderabad,Electronics,Smart Watch,5765.0,6.0,10.0,34590.0,3459.0,31131.0,Cash,Online,No
TXN03933,2024-10-16,S002,Banjara Hills Mart,Hyderabad,Home Appliances,Water Purifier,8927.42,8.0,5.0,71419.36,3570.97,67848.39,UPI,Online,No
TXN03934,2024-12-28,S002,Banjara Hills Mart,Hyderabad,Stationery,Stapler,148.97,5.0,10.0,744.85,74.48,670.37,Credit Card,Loyalty Member,No
TXN03935,2024-07-15,S001,Hyderabad Central,Hyderabad,Stationery,Calculator,409.43,6.0,10.0,2456.58,245.66,2210.92,Net Banking,Corporate,No
TXN03936,2024-12-29,S003,Chennai Express,Chennai,Electronics,Earphones,1511.46,3.0,20.0,4534.38,906.88,3627.5,Cash,Loyalty Member,No
TXN03937,2024-10-29,S001,Hyderabad Central,Hyderabad,Home Appliances,Microwave,6570.93,7.0,10.0,45996.51,4599.65,41396.86,UPI,Walk-in,No
TXN03938,2024-04-20,S002,Banjara Hills Mart,Hyderabad,Grocery,Pulses,143.27,8.0,20.0,1146.16,229.23,916.93,Credit Card,Online,No
TXN03939,2024-02-15,S005,Pune Retail Hub,Pune,Clothing,Formal Shirt,929.73,1.0,20.0,929.73,185.95,743.78,Debit Card,Walk-in,No
TXN03940,2024-06-17,S005,Pune Retail Hub,Pune,Grocery,Rice (5kg),339.3,6.0,10.0,2035.8,203.58,1832.22,Debit Card,Walk-in,No
TXN03941,2024-05-21,S001,Hyderabad Central,Hyderabad,Electronics,Laptop,48055.49,1.0,0.0,48055.49,0.0,48055.49,Net Banking,Corporate,No
TXN03942,2024-10-18,S005,Pune Retail Hub,Pune,Electronics,Laptop,43866.15,6.0,5.0,263196.9,13159.84,250037.06,Debit Card,Online,No
TXN03943,2024-10-31,S001,Hyderabad Central,Hyderabad,Clothing,Formal Shirt,922.28,4.0,10.0,3689.12,368.91,3320.21,Credit Card,Online,Yes
TXN03944,2024-09-24,S004,Mumbai Metro Store,Mumbai,Home Appliances,Water Purifier,8836.99,4.0,15.0,35347.96,5302.19,30045.77,Cash,Online,No
TXN03945,2024-07-09,S002,Banjara Hills Mart,Hyderabad,Stationery,Pen Box,100.42,8.0,0.0,803.36,0.0,803.36,Net Banking,Walk-in,No
TXN03946,2024-04-15,S001,Hyderabad Central,Hyderabad,Home Appliances,Microwave,6672.69,6.0,0.0,40036.14,0.0,40036.14,Cash,Online,No
TXN03947,2024-07-06,S004,Mumbai Metro Store,Mumbai,Clothing,Formal Shirt,916.31,2.0,10.0,1832.62,183.26,1649.36,UPI,Loyalty Member,No
TXN03948,2024-09-17,S003,Chennai Express,Chennai,Clothing,Jacket,1938.94,7.0,0.0,13572.58,0.0,13572.58,UPI,Online,Yes
TXN03949,2024-04-06,S004,Mumbai Metro Store,Mumbai,Electronics,Earphones,1553.31,8.0,20.0,12426.48,2485.3,9941.18,UPI,Loyalty Member,No
TXN03950,2024-10-08,S005,Pune Retail Hub,Pune,Stationery,Calculator,401.72,4.0,10.0,1606.88,160.69,1446.19,Net Banking,Loyalty Member,No
TXN03951,2024-12-21,S002,Banjara Hills Mart,Hyderabad,Grocery,Spices Pack,95.25,4.0,10.0,381.0,38.1,342.9,Debit Card,Corporate,No
TXN03952,2024-03-05,S005,Pune Retail Hub,Pune,Grocery,Flour (10kg),286.35,3.0,5.0,859.05,42.95,816.1,UPI,Loyalty Member,No
TXN03953,2024-05-25,S001,Hyderabad Central,Hyderabad,Electronics,Earphones,1440.13,7.0,0.0,10080.91,0.0,10080.91,Debit Card,Loyalty Member,No
TXN03954,2024-08-25,S001,Hyderabad Central,Hyderabad,Electronics,Smart Watch,5925.87,8.0,5.0,47406.96,2370.35,45036.61,Net Banking,Walk-in,Yes
TXN03955,2024-03-07,S005,Pune Retail Hub,Pune,Home Appliances,Fan,1533.28,3.0,0.0,4599.84,0.0,4599.84,Credit Card,Loyalty Member,No
TXN03956,2024-05-21,S001,Hyderabad Central,Hyderabad,Electronics,Earphones,1437.86,4.0,5.0,5751.44,287.57,5463.87,UPI,Walk-in,No
TXN03957,2024-05-29,S001,Hyderabad Central,Hyderabad,Electronics,Earphones,1458.28,1.0,5.0,1458.28,72.91,1385.37,Debit Card,Walk-in,No
TXN03958,2024-03-08,S004,Mumbai Metro Store,Mumbai,Stationery,File Folder,77.5,5.0,10.0,387.5,38.75,348.75,Credit Card,Loyalty Member,No
TXN03959,2024-03-18,S001,Hyderabad Central,Hyderabad,Home Appliances,Water Purifier,9160.03,8.0,0.0,73280.24,0.0,73280.24,UPI,Online,No
TXN03960,2024-04-25,S001,Hyderabad Central,Hyderabad,Clothing,Jacket,2050.64,6.0,5.0,12303.84,615.19,11688.65,Cash,Online,No
TXN03961,2024-11-14,S004,Mumbai Metro Store,Mumbai,Electronics,Mobile Phone,10405.38,7.0,10.0,72837.66,7283.77,65553.89,Net Banking,Online,No
TXN03962,2024-10-30,S003,Chennai Express,Chennai,Electronics,Earphones,1432.77,3.0,20.0,4298.31,859.66,3438.65,Credit Card,Walk-in,No
TXN03963,2024-07-18,S003,Chennai Express,Chennai,Electronics,Laptop,47243.55,6.0,15.0,283461.3,42519.19,240942.11,Credit Card,Walk-in,No
TXN03964,2024-11-12,S004,Mumbai Metro Store,Mumbai,Clothing,T-Shirt,573.4,4.0,0.0,2293.6,0.0,2293.6,Credit Card,Corporate,Yes
TXN03965,2024-06-26,S004,Mumbai Metro Store,Mumbai,Electronics,Tablet,19719.3,1.0,20.0,19719.3,3943.86,15775.44,UPI,Loyalty Member,No
TXN03966,2024-06-25,S004,Mumbai Metro Store,Mumbai,Home Appliances,Microwave,6318.54,8.0,20.0,50548.32,10109.66,40438.66,Net Banking,Walk-in,No
TXN03967,2024-11-10,S004,Mumbai Metro Store,Mumbai,Electronics,Smart Watch,6086.53,7.0,20.0,42605.71,8521.14,34084.57,Net Banking,Walk-in,No
TXN03968,2024-09-10,S005,Pune Retail Hub,Pune,Stationery,Calculator,397.53,3.0,15.0,1192.59,178.89,1013.7,Credit Card,Walk-in,No
TXN03969,2024-12-12,S001,Hyderabad Central,Hyderabad,Stationery,Pen Box,94.87,8.0,10.0,758.96,75.9,683.06,Credit Card,Corporate,Yes
TXN03970,2024-12-11,S005,Pune Retail Hub,Pune,Clothing,Jacket,1939.63,6.0,20.0,11637.78,2327.56,9310.22,Cash,Online,No
TXN03971,2024-09-15,S001,Hyderabad Central,Hyderabad,Grocery,Rice (5kg),343.66,7.0,15.0,2405.62,360.84,2044.78,Cash,Online,No
TXN03972,2024-11-23,S001,Hyderabad Central,Hyderabad,Clothing,T-Shirt,594.37,5.0,0.0,2971.85,0.0,2971.85,UPI,Loyalty Member,No
TXN03973,2024-01-28,S002,Banjara Hills Mart,Hyderabad,Clothing,Jeans,1342.55,3.0,5.0,4027.65,201.38,3826.27,Cash,Online,No
TXN03974,2024-08-26,S004,Mumbai Metro Store,Mumbai,Home Appliances,Microwave,6242.38,8.0,5.0,49939.04,2496.95,47442.09,Credit Card,Loyalty Member,No
TXN03975,2024-07-09,S004,Mumbai Metro Store,Mumbai,Grocery,Cooking Oil,191.75,8.0,20.0,1534.0,306.8,1227.2,Debit Card,Online,No
TXN03976,2024-03-04,S003,Chennai Express,Chennai,Grocery,Flour (10kg),296.52,7.0,0.0,2075.64,0.0,2075.64,Credit Card,Online,No
TXN03977,2024-10-18,S001,Hyderabad Central,Hyderabad,Grocery,Rice (5kg),363.33,3.0,15.0,1089.99,163.5,926.49,Cash,Walk-in,No
TXN03978,2024-10-22,S002,Banjara Hills Mart,Hyderabad,Grocery,Flour (10kg),310.84,8.0,5.0,2486.72,124.34,2362.38,Credit Card,Online,No
TXN03979,2024-01-19,S003,Chennai Express,Chennai,Electronics,Mobile Phone,9800.95,1.0,15.0,9800.95,1470.14,8330.81,UPI,Online,No
TXN03980,2024-10-29,S004,Mumbai Metro Store,Mumbai,Electronics,Mobile Phone,10096.19,7.0,15.0,70673.33,10601.0,60072.33,Debit Card,Online,No
TXN03981,2024-10-11,S002,Banjara Hills Mart,Hyderabad,Home Appliances,Water Purifier,8652.31,4.0,10.0,34609.24,3460.92,31148.32,Net Banking,Walk-in,No
TXN03982,2024-09-28,S004,Mumbai Metro Store,Mumbai,Electronics,Tablet,19865.44,4.0,15.0,79461.76,11919.26,67542.5,Cash,Loyalty Member,No
TXN03983,2024-10-22,S002,Banjara Hills Mart,Hyderabad,Home Appliances,Iron Box,927.66,3.0,5.0,2782.98,139.15,2643.83,UPI,Corporate,No
TXN03984,2024-04-04,S002,Banjara Hills Mart,Hyderabad,Grocery,Rice (5kg),336.59,7.0,20.0,2356.13,471.23,1884.9,Cash,Loyalty Member,No
TXN03985,2024-07-07,S003,Chennai Express,Chennai,Stationery,Calculator,417.08,8.0,15.0,3336.64,500.5,2836.14,Credit Card,Loyalty Member,No
TXN03986,2024-09-18,S004,Mumbai Metro Store,Mumbai,Clothing,T-Shirt,623.6,5.0,0.0,3118.0,0.0,3118.0,Debit Card,Loyalty Member,Yes
TXN03987,2024-06-13,S004,Mumbai Metro Store,Mumbai,Home Appliances,Mixer Grinder,2767.62,6.0,5.0,16605.72,830.29,15775.43,UPI,Online,No
TXN03988,2024-07-13,S002,Banjara Hills Mart,Hyderabad,Grocery,Spices Pack,98.6,3.0,20.0,295.8,59.16,236.64,UPI,Online,No
TXN03989,2024-09-08,S002,Banjara Hills Mart,Hyderabad,Stationery,Stapler,148.69,6.0,5.0,892.14,44.61,847.53,Debit Card,Loyalty Member,Yes
TXN03990,2024-01-03,S004,Mumbai Metro Store,Mumbai,Stationery,Pen Box,94.36,5.0,0.0,471.8,0.0,471.8,UPI,Corporate,No
TXN03991,2024-09-18,S003,Chennai Express,Chennai,Home Appliances,Water Purifier,8957.8,1.0,15.0,8957.8,1343.67,7614.13,Net Banking,Online,No
TXN03992,2024-10-11,S003,Chennai Express,Chennai,Home Appliances,Water Purifier,9085.6,5.0,10.0,45428.0,4542.8,40885.2,UPI,Loyalty Member,No
TXN03993,2024-11-03,S002,Banjara Hills Mart,Hyderabad,Grocery,Rice (5kg),354.69,6.0,10.0,2128.14,212.81,1915.33,Cash,Loyalty Member,No
TXN03994,2024-05-20,S005,Pune Retail Hub,Pune,Clothing,Jeans,1301.24,6.0,10.0,7807.44,780.74,7026.7,Debit Card,Online,No
TXN03995,2024-05-13,S005,Pune Retail Hub,Pune,Home Appliances,Water Purifier,8600.97,7.0,0.0,60206.79,0.0,60206.79,Debit Card,Walk-in,No
TXN03996,2024-09-06,S004,Mumbai Metro Store,Mumbai,Electronics,Smart Watch,6166.36,6.0,5.0,36998.16,1849.91,35148.25,Cash,Walk-in,No
TXN03997,2024-12-15,S003,Chennai Express,Chennai,Electronics,Mobile Phone,9670.65,2.0,5.0,19341.3,967.07,18374.23,Debit Card,Walk-in,No
TXN03998,2024-03-30,S001,Hyderabad Central,Hyderabad,Stationery,File Folder,75.89,8.0,10.0,607.12,60.71,546.41,Credit Card,Online,Yes
TXN03999,2024-08-21,S001,Hyderabad Central,Hyderabad,Stationery,Notebook Set,203.67,5.0,0.0,1018.35,0.0,1018.35,Cash,Walk-in,Yes
TXN04000,2024-03-30,S003,Chennai Express,Chennai,Clothing,Jeans,1257.34,3.0,5.0,3772.02,188.6,3583.42,UPI,Loyalty Member,No
TXN04001,2024-01-01,S004,Mumbai Metro Store,Mumbai,Electronics,Mobile Phone,10148.0,4.0,20.0,40592.0,8118.4,32473.6,Credit Card,Walk-in,No
TXN04002,2024-04-11,S001,Hyderabad Central,Hyderabad,Stationery,Notebook Set,203.22,4.0,10.0,812.88,81.29,731.59,Net Banking,Walk-in,No
TXN04003,2024-11-09,S002,Banjara Hills Mart,Hyderabad,Electronics,Laptop,44166.9,8.0,15.0,353335.2,53000.28,300334.92,Credit Card,Loyalty Member,No
TXN04004,2024-06-26,S002,Banjara Hills Mart,Hyderabad,Home Appliances,Mixer Grinder,2732.01,3.0,15.0,8196.03,1229.4,6966.63,UPI,Online,No
TXN04005,2024-09-11,S001,Hyderabad Central,Hyderabad,Electronics,Tablet,18942.43,3.0,0.0,56827.29,0.0,56827.29,UPI,Loyalty Member,No
TXN04006,2024-03-14,S004,Mumbai Metro Store,Mumbai,Clothing,Formal Shirt,863.38,4.0,15.0,3453.52,518.03,2935.49,Debit Card,Online,No
TXN04007,,S001,Hyderabad Central,Hyderabad,Electronics,Tablet,18287.61,4.0,,,,,Net Banking,Corporate,No
TXN04008,2024-01-07,S003,Chennai Express,Chennai,Electronics,Tablet,19800.03,1.0,5.0,19800.03,990.0,18810.03,Debit Card,Walk-in,No
TXN04009,2024-10-26,S004,Mumbai Metro Store,Mumbai,Home Appliances,Iron Box,925.39,1.0,0.0,925.39,0.0,925.39,Net Banking,Online,No
TXN04010,2024-01-18,S001,Hyderabad Central,Hyderabad,Electronics,Tablet,18777.23,4.0,20.0,75108.92,15021.78,60087.14,Cash,Corporate,No
TXN04011,2024-10-14,S003,Chennai Express,Chennai,Stationery,File Folder,78.18,2.0,5.0,156.36,7.82,148.54,Credit Card,Walk-in,No
TXN04012,2024-09-27,S001,Hyderabad Central,Hyderabad,Clothing,Jacket,2084.97,2.0,0.0,4169.94,0.0,4169.94,Credit Card,Corporate,No
TXN04013,2024-02-04,S001,Hyderabad Central,Hyderabad,Stationery,Pen Box,100.85,8.0,10.0,806.8,80.68,726.12,Credit Card,Corporate,No
TXN04014,2024-08-31,S004,Mumbai Metro Store,Mumbai,Electronics,Smart Watch,5729.59,7.0,10.0,40107.13,4010.71,36096.42,Cash,Loyalty Member,No
TXN04015,2024-09-17,S005,Pune Retail Hub,Pune,Stationery,Stapler,154.28,1.0,15.0,154.28,23.14,131.14,Net Banking,Online,No
TXN04016,2024-10-27,S003,Chennai Express,Chennai,Stationery,Calculator,382.59,1.0,10.0,382.59,38.26,344.33,Credit Card,Corporate,No
TXN04017,2024-10-27,S001,Hyderabad Central,Hyderabad,Stationery,Calculator,409.89,8.0,20.0,3279.12,655.82,2623.3,Debit Card,Loyalty Member,No
TXN04018,2024-05-16,S002,Banjara Hills Mart,Hyderabad,Home Appliances,Water Purifier,8928.53,4.0,10.0,35714.12,3571.41,32142.71,Debit Card,Loyalty Member,No
TXN04019,2024-12-16,S004,Mumbai Metro Store,Mumbai,Electronics,Laptop,45353.42,2.0,10.0,90706.84,9070.68,81636.16,UPI,Corporate,No
TXN04020,2024-11-22,S005,Pune Retail Hub,Pune,Electronics,Laptop,45676.95,8.0,5.0,365415.6,18270.78,347144.82,Cash,Corporate,Yes
TXN04021,2024-01-12,S001,Hyderabad Central,Hyderabad,Grocery,Rice (5kg),364.95,1.0,5.0,364.95,18.25,346.7,UPI,Walk-in,No
TXN04022,2024-06-02,S002,Banjara Hills Mart,Hyderabad,Electronics,Laptop,46481.07,1.0,5.0,46481.07,2324.05,44157.02,Net Banking,Walk-in,No
TXN04023,2024-05-31,S005,Pune Retail Hub,Pune,Electronics,Tablet,19771.18,4.0,20.0,79084.72,15816.94,63267.78,UPI,Corporate,No
TXN04024,2024-08-29,S002,Banjara Hills Mart,Hyderabad,Stationery,File Folder,75.14,7.0,10.0,525.98,52.6,473.38,Net Banking,Corporate,No
TXN04025,2024-12-04,S004,Mumbai Metro Store,Mumbai,Home Appliances,Mixer Grinder,2902.21,3.0,0.0,8706.63,0.0,8706.63,Net Banking,Loyalty Member,No
TXN04026,2024-08-28,S005,Pune Retail Hub,Pune,Grocery,Cooking Oil,191.25,3.0,15.0,573.75,86.06,487.69,Cash,Walk-in,No
TXN04027,2024-08-10,S005,Pune Retail Hub,Pune,Grocery,Spices Pack,97.9,6.0,15.0,587.4,88.11,499.29,Debit Card,Corporate,No
TXN04028,2024-03-02,S003,Chennai Express,Chennai,Electronics,Earphones,1507.76,8.0,15.0,12062.08,1809.31,10252.77,Debit Card,Online,No
TXN04029,2024-12-23,S005,Pune Retail Hub,Pune,Electronics,Tablet,19140.14,8.0,20.0,153121.12,30624.22,122496.9,Credit Card,Corporate,No
TXN04030,2024-07-21,S004,Mumbai Metro Store,Mumbai,Grocery,Cooking Oil,180.21,8.0,0.0,1441.68,0.0,1441.68,Cash,Loyalty Member,No
TXN04031,2024-09-07,S002,Banjara Hills Mart,Hyderabad,Electronics,Mobile Phone,9674.63,2.0,5.0,19349.26,967.46,18381.8,Cash,Online,Yes
TXN04032,2024-10-25,S002,Banjara Hills Mart,Hyderabad,Home Appliances,Iron Box,912.99,5.0,5.0,4564.95,228.25,4336.7,Cash,Online,No
TXN04033,,S002,Banjara Hills Mart,Hyderabad,Stationery,Stapler,144.17,8.0,-5.0,,,,Cash,Online,No
TXN04034,2024-03-17,S005,Pune Retail Hub,Pune,Electronics,Earphones,1458.23,2.0,5.0,2916.46,145.82,2770.64,Net Banking,Online,No
TXN04035,2024-08-28,S002,Banjara Hills Mart,Hyderabad,Stationery,Calculator,406.83,5.0,5.0,2034.15,101.71,1932.44,Debit Card,Walk-in,No
TXN04036,2024-12-29,S002,Banjara Hills Mart,Hyderabad,Stationery,Stapler,142.09,4.0,5.0,568.36,28.42,539.94,Net Banking,Walk-in,No
TXN04037,2024-06-01,S001,Hyderabad Central,Hyderabad,Grocery,Pulses,149.79,6.0,15.0,898.74,134.81,763.93,UPI,Corporate,Yes
TXN04038,2024-08-17,S005,Pune Retail Hub,Pune,Stationery,Calculator,391.58,1.0,10.0,391.58,39.16,352.42,Debit Card,Loyalty Member,No
TXN04039,2024-06-23,S001,Hyderabad Central,Hyderabad,Stationery,File Folder,76.53,2.0,10.0,153.06,15.31,137.75,Debit Card,Walk-in,No
TXN04040,2024-12-06,S002,Banjara Hills Mart,Hyderabad,Clothing,Jacket,2055.12,3.0,15.0,6165.36,924.8,5240.56,UPI,Online,No
TXN04041,2024-12-07,S003,Chennai Express,Chennai,Stationery,Stapler,143.3,2.0,5.0,286.6,14.33,272.27,UPI,Online,No
TXN04042,2024-08-20,S002,Banjara Hills Mart,Hyderabad,Home Appliances,Mixer Grinder,2879.14,5.0,0.0,14395.7,0.0,14395.7,Debit Card,Corporate,No
TXN04043,2024-11-23,S004,Mumbai Metro Store,Mumbai,Home Appliances,Water Purifier,9058.65,2.0,10.0,18117.3,1811.73,16305.57,Cash,Online,No
TXN04044,2024-11-18,S001,Hyderabad Central,Hyderabad,Clothing,T-Shirt,590.92,7.0,10.0,4136.44,413.64,3722.8,Net Banking,Corporate,No
TXN04045,2024-03-19,S001,Hyderabad Central,Hyderabad,Stationery,Notebook Set,192.88,5.0,0.0,964.4,0.0,964.4,Credit Card,Corporate,No
TXN04046,2024-07-16,S005,Pune Retail Hub,Pune,Stationery,Pen Box,94.6,4.0,15.0,378.4,56.76,321.64,Debit Card,Walk-in,No
TXN04047,2024-01-06,S003,Chennai Express,Chennai,Clothing,Jacket,1937.16,2.0,5.0,3874.32,193.72,3680.6,Debit Card,Corporate,No
TXN04048,2024-06-02,S005,Pune Retail Hub,Pune,Home Appliances,Iron Box,912.37,6.0,0.0,5474.22,0.0,5474.22,UPI,Loyalty Member,No
TXN04049,2024-01-11,S004,Mumbai Metro Store,Mumbai,Electronics,Mobile Phone,10344.47,3.0,20.0,31033.41,6206.68,24826.73,Cash,Walk-in,No
TXN04050,2024-02-20,S001,Hyderabad Central,Hyderabad,Clothing,Saree,2621.75,2.0,5.0,5243.5,262.18,4981.32,Credit Card,Corporate,No
TXN04051,2024-01-18,S005,Pune Retail Hub,Pune,Grocery,Rice (5kg),360.96,3.0,20.0,1082.88,216.58,866.3,UPI,Walk-in,No
TXN04052,2024-01-06,S001,Hyderabad Central,Hyderabad,Grocery,Spices Pack,101.52,5.0,20.0,507.6,101.52,406.08,UPI,Walk-in,No
TXN04053,2024-12-05,S001,Hyderabad Central,Hyderabad,Home Appliances,Fan,1574.52,5.0,20.0,7872.6,1574.52,6298.08,Credit Card,Loyalty Member,No
TXN04054,2024-05-03,S003,Chennai Express,Chennai,Grocery,Spices Pack,99.69,3.0,15.0,299.07,44.86,254.21,Debit Card,Loyalty Member,No
TXN04055,2024-09-15,S004,Mumbai Metro Store,Mumbai,Grocery,Rice (5kg),362.6,5.0,10.0,1813.0,181.3,1631.7,Debit Card,Loyalty Member,No
TXN04056,2024-05-24,S004,Mumbai Metro Store,Mumbai,Clothing,T-Shirt,593.93,3.0,0.0,1781.79,0.0,1781.79,Cash,Loyalty Member,No
TXN04057,2024-10-21,S003,Chennai Express,Chennai,Grocery,Flour (10kg),302.33,6.0,20.0,1813.98,362.8,1451.18,Debit Card,Corporate,No
TXN04058,2024-11-20,S003,Chennai Express,Chennai,Home Appliances,Fan,1609.48,5.0,15.0,8047.4,1207.11,6840.29,Credit Card,Walk-in,No
TXN04059,2024-12-05,S004,Mumbai Metro Store,Mumbai,Clothing,Formal Shirt,940.57,5.0,0.0,4702.85,0.0,4702.85,UPI,Online,No
TXN04060,2024-03-16,S001,Hyderabad Central,Hyderabad,Grocery,Rice (5kg),360.01,5.0,15.0,1800.05,270.01,1530.04,Net Banking,Loyalty Member,No
TXN04061,2024-04-11,S001,Hyderabad Central,Hyderabad,Electronics,Earphones,1518.76,7.0,0.0,10631.32,0.0,10631.32,UPI,Loyalty Member,No
TXN04062,2024-01-19,S005,Pune Retail Hub,Pune,Home Appliances,Mixer Grinder,2856.54,5.0,15.0,14282.7,2142.41,12140.29,Cash,Walk-in,No
TXN04063,2024-03-27,S005,Pune Retail Hub,Pune,Stationery,Calculator,384.25,3.0,0.0,1152.75,0.0,1152.75,Cash,Walk-in,No
TXN04064,2024-11-15,S005,Pune Retail Hub,Pune,Home Appliances,Mixer Grinder,2774.06,6.0,15.0,16644.36,2496.65,14147.71,Credit Card,Online,No
TXN04065,2024-11-01,S005,Pune Retail Hub,Pune,Clothing,Jacket,2090.15,5.0,5.0,10450.75,522.54,9928.21,Credit Card,Online,No
TXN04066,2024-06-03,S003,Chennai Express,Chennai,Stationery,Notebook Set,198.34,5.0,10.0,991.7,99.17,892.53,Credit Card,Corporate,No
TXN04067,2024-06-13,S001,Hyderabad Central,Hyderabad,Grocery,Flour (10kg),302.61,8.0,5.0,2420.88,121.04,2299.84,Credit Card,Corporate,No
TXN04068,2024-05-17,S002,Banjara Hills Mart,Hyderabad,Grocery,Cooking Oil,184.55,7.0,5.0,1291.85,64.59,1227.26,Cash,Walk-in,No
TXN04069,2024-03-07,S001,Hyderabad Central,Hyderabad,Clothing,Jeans,1351.62,6.0,20.0,8109.72,1621.94,6487.78,Credit Card,Corporate,No
TXN04070,2024-04-09,S004,Mumbai Metro Store,Mumbai,Grocery,Cooking Oil,184.26,4.0,5.0,737.04,36.85,700.19,Debit Card,Corporate,No
TXN04071,2024-09-07,S005,Pune Retail Hub,Pune,Grocery,Rice (5kg),358.2,4.0,5.0,1432.8,71.64,1361.16,Credit Card,Online,No
TXN04072,2024-11-19,S004,Mumbai Metro Store,Mumbai,Stationery,Stapler,144.01,2.0,10.0,288.02,28.8,259.22,Credit Card,Walk-in,No
TXN04073,2024-03-27,S005,Pune Retail Hub,Pune,Electronics,Earphones,1516.48,4.0,10.0,6065.92,606.59,5459.33,Debit Card,Corporate,No
TXN04074,2024-07-18,S002,Banjara Hills Mart,Hyderabad,Electronics,Earphones,1501.91,4.0,15.0,6007.64,901.15,5106.49,UPI,Online,No
TXN04075,2024-05-10,S001,Hyderabad Central,Hyderabad,Home Appliances,Fan,1676.59,1.0,20.0,1676.59,335.32,1341.27,Credit Card,Corporate,Yes
TXN04076,2024-05-24,S003,Chennai Express,Chennai,Home Appliances,Iron Box,899.6,6.0,5.0,5397.6,269.88,5127.72,Cash,Walk-in,Yes
TXN04077,2024-07-12,S005,Pune Retail Hub,Pune,Clothing,Formal Shirt,900.33,2.0,15.0,1800.66,270.1,1530.56,UPI,Online,Yes
TXN04078,2024-01-17,S003,Chennai Express,Chennai,Electronics,Earphones,1449.62,4.0,20.0,5798.48,1159.7,4638.78,Credit Card,Corporate,No
TXN04079,2024-03-20,S002,Banjara Hills Mart,Hyderabad,Electronics,Earphones,1565.1,4.0,15.0,6260.4,939.06,5321.34,Net Banking,Online,No
TXN04080,2024-09-13,S004,Mumbai Metro Store,Mumbai,Electronics,Earphones,1426.29,3.0,20.0,4278.87,855.77,3423.1,Debit Card,Loyalty Member,No
TXN04081,2024-09-07,S004,Mumbai Metro Store,Mumbai,Clothing,Jacket,1913.57,1.0,10.0,1913.57,191.36,1722.21,UPI,Loyalty Member,No
TXN04082,2024-05-13,S005,Pune Retail Hub,Pune,Electronics,Smart Watch,5927.8,1.0,5.0,5927.8,296.39,5631.41,Debit Card,Loyalty Member,No
TXN04083,2024-06-23,S005,Pune Retail Hub,Pune,Stationery,Notebook Set,193.02,4.0,20.0,772.08,154.42,617.66,Net Banking,Corporate,No
TXN04084,2024-06-08,S005,Pune Retail Hub,Pune,Home Appliances,Fan,1585.75,2.0,10.0,3171.5,317.15,2854.35,Debit Card,Walk-in,No
TXN04085,2024-02-07,S004,Mumbai Metro Store,Mumbai,Grocery,Spices Pack,97.82,7.0,5.0,684.74,34.24,650.5,UPI,Loyalty Member,No
TXN04086,2024-09-08,S004,Mumbai Metro Store,Mumbai,Grocery,Spices Pack,99.26,3.0,0.0,297.78,0.0,297.78,Cash,Walk-in,Yes
TXN04087,2024-11-05,S001,Hyderabad Central,Hyderabad,Grocery,Spices Pack,95.71,8.0,5.0,765.68,38.28,727.4,UPI,Corporate,Yes
TXN04088,2024-11-20,S001,Hyderabad Central,Hyderabad,Clothing,Saree,2399.69,2.0,20.0,4799.38,959.88,3839.5,Debit Card,Walk-in,No
TXN04089,2024-07-07,S002,Banjara Hills Mart,Hyderabad,Home Appliances,Mixer Grinder,2801.39,1.0,15.0,2801.39,420.21,2381.18,Credit Card,Online,No
TXN04090,2024-01-10,S004,Mumbai Metro Store,Mumbai,Electronics,Laptop,44754.22,5.0,0.0,223771.1,0.0,223771.1,Net Banking,Loyalty Member,No
TXN04091,2024-11-12,S002,Banjara Hills Mart,Hyderabad,Home Appliances,Microwave,6534.56,4.0,15.0,26138.24,3920.74,22217.5,UPI,Online,No
TXN04092,2024-05-28,S004,Mumbai Metro Store,Mumbai,Stationery,Pen Box,95.86,7.0,5.0,671.02,33.55,637.47,Cash,Walk-in,No
TXN04093,,S001,Hyderabad Central,Hyderabad,Stationery,Notebook Set,207.39,,-5.0,,,,Debit Card,Online,No
TXN04094,2024-09-20,S003,Chennai Express,Chennai,Home Appliances,Fan,1625.21,8.0,10.0,13001.68,1300.17,11701.51,Cash,Online,No
TXN04095,2024-02-20,S001,Hyderabad Central,Hyderabad,Clothing,Jeans,1251.29,8.0,5.0,10010.32,500.52,9509.8,Net Banking,Corporate,No
TXN04096,2024-09-03,S005,Pune Retail Hub,Pune,Home Appliances,Iron Box,911.44,4.0,0.0,3645.76,0.0,3645.76,UPI,Corporate,No
TXN04097,2024-06-22,S002,Banjara Hills Mart,Hyderabad,Clothing,Jeans,1320.31,1.0,0.0,1320.31,0.0,1320.31,Cash,Corporate,No
TXN04098,,S003,Chennai Express,Chennai,Grocery,Pulses,145.21,2.0,-5.0,,,,UPI,Loyalty Member,No
TXN04099,2024-08-05,S004,Mumbai Metro Store,Mumbai,Stationery,Pen Box,97.41,5.0,20.0,487.05,97.41,389.64,Net Banking,Loyalty Member,No
TXN04100,2024-03-20,S003,Chennai Express,Chennai,Electronics,Laptop,43787.79,7.0,15.0,306514.53,45977.18,260537.35,Credit Card,Loyalty Member,No
TXN04101,2024-01-23,S003,Chennai Express,Chennai,Stationery,Notebook Set,204.95,5.0,10.0,1024.75,102.47,922.28,Debit Card,Corporate,No
TXN04102,2024-12-06,S003,Chennai Express,Chennai,Clothing,Saree,2501.54,7.0,15.0,17510.78,2626.62,14884.16,Cash,Corporate,No
TXN04103,2024-11-12,S003,Chennai Express,Chennai,Home Appliances,Fan,1615.29,1.0,5.0,1615.29,80.76,1534.53,UPI,Walk-in,No
TXN04104,2024-06-28,S001,Hyderabad Central,Hyderabad,Electronics,Laptop,45168.74,7.0,5.0,316181.18,15809.06,300372.12,Credit Card,Loyalty Member,No
TXN04105,2024-10-22,S002,Banjara Hills Mart,Hyderabad,Electronics,Smart Watch,5733.15,3.0,10.0,17199.45,1719.94,15479.51,UPI,Corporate,No
TXN04106,2024-01-31,S005,Pune Retail Hub,Pune,Clothing,Formal Shirt,868.79,1.0,15.0,868.79,130.32,738.47,Credit Card,Loyalty Member,No
TXN04107,2024-04-12,S001,Hyderabad Central,Hyderabad,Electronics,Laptop,48234.75,5.0,0.0,241173.75,0.0,241173.75,Cash,Corporate,No
TXN04108,2024-10-01,S005,Pune Retail Hub,Pune,Home Appliances,Iron Box,900.54,8.0,15.0,7204.32,1080.65,6123.67,Cash,Loyalty Member,No
TXN04109,2024-01-16,S005,Pune Retail Hub,Pune,Clothing,Jacket,2059.46,3.0,10.0,6178.38,617.84,5560.54,Credit Card,Online,No
TXN04110,2024-04-17,S003,Chennai Express,Chennai,Home Appliances,Iron Box,909.4,6.0,5.0,5456.4,272.82,5183.58,UPI,Loyalty Member,No
TXN04111,2024-11-17,S001,Hyderabad Central,Hyderabad,Stationery,Stapler,154.08,7.0,15.0,1078.56,161.78,916.78,Net Banking,Walk-in,No
TXN04112,2024-07-30,S003,Chennai Express,Chennai,Stationery,File Folder,80.29,8.0,15.0,642.32,96.35,545.97,Net Banking,Loyalty Member,No
TXN04113,2024-02-13,S004,Mumbai Metro Store,Mumbai,Grocery,Rice (5kg),344.93,6.0,20.0,2069.58,413.92,1655.66,Debit Card,Corporate,No
TXN04114,2024-09-22,S003,Chennai Express,Chennai,Home Appliances,Fan,1633.98,1.0,5.0,1633.98,81.7,1552.28,Net Banking,Online,No
TXN04115,2024-02-01,S005,Pune Retail Hub,Pune,Electronics,Tablet,18937.81,8.0,5.0,151502.48,7575.12,143927.36,Debit Card,Walk-in,No
TXN04116,2024-07-21,S002,Banjara Hills Mart,Hyderabad,Grocery,Cooking Oil,182.75,5.0,0.0,913.75,0.0,913.75,Cash,Walk-in,No
TXN04117,2024-11-20,S004,Mumbai Metro Store,Mumbai,Stationery,File Folder,78.08,7.0,10.0,546.56,54.66,491.9,Net Banking,Online,No
TXN04118,2024-05-19,S005,Pune Retail Hub,Pune,Electronics,Laptop,47443.95,2.0,5.0,94887.9,4744.4,90143.5,Cash,Corporate,No
TXN04119,2024-10-14,S005,Pune Retail Hub,Pune,Electronics,Earphones,1551.05,7.0,20.0,10857.35,2171.47,8685.88,Cash,Loyalty Member,No
TXN04120,2024-01-24,S003,Chennai Express,Chennai,Stationery,Notebook Set,200.6,4.0,15.0,802.4,120.36,682.04,Debit Card,Online,No
TXN04121,2024-04-12,S001,Hyderabad Central,Hyderabad,Home Appliances,Fan,1534.7,6.0,0.0,9208.2,0.0,9208.2,UPI,Online,No
TXN04122,2024-12-26,S003,Chennai Express,Chennai,Electronics,Mobile Phone,9629.34,4.0,5.0,38517.36,1925.87,36591.49,Cash,Corporate,No
TXN04123,2024-09-08,S001,Hyderabad Central,Hyderabad,Stationery,File Folder,77.48,4.0,0.0,309.92,0.0,309.92,Debit Card,Corporate,No
TXN04124,2024-04-29,S004,Mumbai Metro Store,Mumbai,Electronics,Earphones,1469.02,2.0,20.0,2938.04,587.61,2350.43,UPI,Loyalty Member,No
TXN04125,2024-01-11,S001,Hyderabad Central,Hyderabad,Electronics,Mobile Phone,10385.44,3.0,15.0,31156.32,4673.45,26482.87,Debit Card,Loyalty Member,Yes
TXN04126,2024-07-16,S005,Pune Retail Hub,Pune,Home Appliances,Iron Box,931.38,6.0,5.0,5588.28,279.41,5308.87,Credit Card,Walk-in,No
TXN04127,2024-04-15,S005,Pune Retail Hub,Pune,Electronics,Smart Watch,6082.03,5.0,20.0,30410.15,6082.03,24328.12,Net Banking,Online,No
TXN04128,2024-12-30,S002,Banjara Hills Mart,Hyderabad,Stationery,File Folder,82.45,3.0,5.0,247.35,12.37,234.98,Cash,Online,No
TXN04129,2024-06-18,S001,Hyderabad Central,Hyderabad,Electronics,Mobile Phone,10489.92,1.0,0.0,10489.92,0.0,10489.92,Cash,Corporate,No
TXN04130,2024-06-27,S001,Hyderabad Central,Hyderabad,Clothing,Formal Shirt,855.74,8.0,15.0,6845.92,1026.89,5819.03,Cash,Corporate,No
TXN04131,2024-11-03,S001,Hyderabad Central,Hyderabad,Electronics,Smart Watch,5872.66,5.0,0.0,29363.3,0.0,29363.3,Debit Card,Loyalty Member,No
TXN04132,2024-11-22,S001,Hyderabad Central,Hyderabad,Clothing,Jacket,2024.23,3.0,20.0,6072.69,1214.54,4858.15,Cash,Walk-in,No
TXN04133,2024-06-27,S005,Pune Retail Hub,Pune,Electronics,Smart Watch,6157.62,8.0,20.0,49260.96,9852.19,39408.77,Debit Card,Loyalty Member,No
TXN04134,2024-09-06,S002,Banjara Hills Mart,Hyderabad,Grocery,Cooking Oil,194.99,4.0,10.0,779.96,78.0,701.96,Cash,Loyalty Member,No
TXN04135,2024-03-16,S005,Pune Retail Hub,Pune,Electronics,Smart Watch,6292.2,2.0,5.0,12584.4,629.22,11955.18,Net Banking,Corporate,No
TXN04136,2024-12-12,S004,Mumbai Metro Store,Mumbai,Electronics,Smart Watch,6225.99,6.0,10.0,37355.94,3735.59,33620.35,UPI,Loyalty Member,No
TXN04137,2024-09-28,S002,Banjara Hills Mart,Hyderabad,Home Appliances,Mixer Grinder,2776.62,1.0,0.0,2776.62,0.0,2776.62,Cash,Loyalty Member,No
TXN04138,2024-03-17,S001,Hyderabad Central,Hyderabad,Electronics,Earphones,1486.53,6.0,10.0,8919.18,891.92,8027.26,Net Banking,Online,No
TXN04139,2024-08-09,S002,Banjara Hills Mart,Hyderabad,Stationery,Stapler,155.82,1.0,20.0,155.82,31.16,124.66,UPI,Online,Yes
TXN04140,2024-03-17,S003,Chennai Express,Chennai,Grocery,Flour (10kg),287.41,6.0,0.0,1724.46,0.0,1724.46,UPI,Loyalty Member,No
TXN04141,2024-09-14,S002,Banjara Hills Mart,Hyderabad,Grocery,Pulses,150.18,5.0,0.0,750.9,0.0,750.9,Debit Card,Walk-in,No
TXN04142,2024-07-20,S003,Chennai Express,Chennai,Stationery,Notebook Set,189.22,1.0,10.0,189.22,18.92,170.3,Cash,Loyalty Member,No
TXN04143,2024-03-12,S002,Banjara Hills Mart,Hyderabad,Electronics,Laptop,43824.47,6.0,20.0,262946.82,52589.36,210357.46,Net Banking,Corporate,No
TXN04144,2024-11-22,S004,Mumbai Metro Store,Mumbai,Electronics,Tablet,19019.52,7.0,0.0,133136.64,0.0,133136.64,Net Banking,Online,No
TXN04145,2024-10-30,S001,Hyderabad Central,Hyderabad,Stationery,File Folder,82.87,5.0,15.0,414.35,62.15,352.2,Debit Card,Online,No
TXN04146,2024-10-12,S002,Banjara Hills Mart,Hyderabad,Stationery,File Folder,82.25,6.0,20.0,493.5,98.7,394.8,Cash,Walk-in,No
TXN04147,2024-12-19,S001,Hyderabad Central,Hyderabad,Clothing,T-Shirt,617.16,7.0,0.0,4320.12,0.0,4320.12,Debit Card,Loyalty Member,No
TXN04148,2024-12-18,S001,Hyderabad Central,Hyderabad,Clothing,Formal Shirt,943.61,6.0,15.0,5661.66,849.25,4812.41,Cash,Loyalty Member,No
TXN04149,2024-07-23,S005,Pune Retail Hub,Pune,Clothing,Saree,2475.01,4.0,0.0,9900.04,0.0,9900.04,Debit Card,Corporate,No
TXN04150,2024-04-05,S004,Mumbai Metro Store,Mumbai,Home Appliances,Microwave,6712.92,1.0,15.0,6712.92,1006.94,5705.98,Credit Card,Loyalty Member,No
TXN04151,2024-05-20,S002,Banjara Hills Mart,Hyderabad,Stationery,Pen Box,98.92,1.0,0.0,98.92,0.0,98.92,UPI,Corporate,No
TXN04152,2024-06-05,S002,Banjara Hills Mart,Hyderabad,Home Appliances,Fan,1636.12,5.0,15.0,8180.6,1227.09,6953.51,Credit Card,Corporate,No
TXN04153,2024-11-09,S005,Pune Retail Hub,Pune,Clothing,Formal Shirt,899.21,8.0,20.0,7193.68,1438.74,5754.94,Cash,Corporate,No
TXN04154,2024-06-01,S005,Pune Retail Hub,Pune,Electronics,Mobile Phone,9892.96,3.0,0.0,29678.88,0.0,29678.88,Credit Card,Loyalty Member,No
TXN04155,2024-02-24,S005,Pune Retail Hub,Pune,Clothing,Saree,2562.91,2.0,20.0,5125.82,1025.16,4100.66,UPI,Online,No
TXN04156,2024-12-15,S004,Mumbai Metro Store,Mumbai,Electronics,Smart Watch,6158.78,3.0,20.0,18476.34,3695.27,14781.07,Credit Card,Online,No
TXN04157,2024-06-18,S005,Pune Retail Hub,Pune,Grocery,Pulses,155.95,3.0,20.0,467.85,93.57,374.28,Credit Card,Loyalty Member,No
TXN04158,,S005,Pune Retail Hub,Pune,Stationery,Pen Box,100.62,6.0,-5.0,,,,Credit Card,Online,No
TXN04159,2024-04-15,S001,Hyderabad Central,Hyderabad,Clothing,Jeans,1332.66,6.0,0.0,7995.96,0.0,7995.96,Net Banking,Online,No
TXN04160,2024-06-17,S003,Chennai Express,Chennai,Grocery,Pulses,153.71,6.0,20.0,922.26,184.45,737.81,Cash,Walk-in,No
TXN04161,2024-10-18,S005,Pune Retail Hub,Pune,Clothing,Jacket,1938.09,3.0,10.0,5814.27,581.43,5232.84,Debit Card,Loyalty Member,No
TXN04162,2024-02-16,S003,Chennai Express,Chennai,Clothing,T-Shirt,608.49,3.0,0.0,1825.47,0.0,1825.47,Cash,Walk-in,No
TXN04163,2024-10-05,S005,Pune Retail Hub,Pune,Electronics,Smart Watch,5812.08,3.0,5.0,17436.24,871.81,16564.43,UPI,Online,No
TXN04164,2024-03-03,S002,Banjara Hills Mart,Hyderabad,Grocery,Spices Pack,96.16,1.0,10.0,96.16,9.62,86.54,UPI,Online,No
TXN04165,2024-04-07,S003,Chennai Express,Chennai,Stationery,Stapler,144.25,2.0,20.0,288.5,57.7,230.8,Net Banking,Corporate,No
TXN04166,2024-10-13,S003,Chennai Express,Chennai,Grocery,Flour (10kg),308.01,6.0,0.0,1848.06,0.0,1848.06,UPI,Corporate,Yes
TXN04167,2024-06-29,S005,Pune Retail Hub,Pune,Grocery,Rice (5kg),343.07,4.0,0.0,1372.28,0.0,1372.28,UPI,Walk-in,No
TXN04168,2024-12-18,S002,Banjara Hills Mart,Hyderabad,Stationery,Calculator,382.71,1.0,15.0,382.71,57.41,325.3,Credit Card,Corporate,No
TXN04169,2024-04-07,S005,Pune Retail Hub,Pune,Clothing,Jeans,1318.31,1.0,20.0,1318.31,263.66,1054.65,Credit Card,Online,No
TXN04170,2024-04-12,S001,Hyderabad Central,Hyderabad,Stationery,Calculator,417.25,1.0,15.0,417.25,62.59,354.66,Credit Card,Walk-in,Yes
TXN04171,2024-04-27,S002,Banjara Hills Mart,Hyderabad,Grocery,Cooking Oil,183.67,8.0,5.0,1469.36,73.47,1395.89,Cash,Corporate,No
TXN04172,2024-09-19,S001,Hyderabad Central,Hyderabad,Home Appliances,Mixer Grinder,2870.99,8.0,10.0,22967.92,2296.79,20671.13,Debit Card,Corporate,No
TXN04173,2024-01-07,S001,Hyderabad Central,Hyderabad,Clothing,Jeans,1349.36,4.0,5.0,5397.44,269.87,5127.57,Net Banking,Walk-in,No
TXN04174,2024-10-14,S001,Hyderabad Central,Hyderabad,Stationery,Calculator,396.35,8.0,20.0,3170.8,634.16,2536.64,Credit Card,Walk-in,No
TXN04175,2024-04-28,S002,Banjara Hills Mart,Hyderabad,Home Appliances,Fan,1601.72,3.0,0.0,4805.16,0.0,4805.16,Credit Card,Online,No
TXN04176,2024-04-23,S004,Mumbai Metro Store,Mumbai,Clothing,T-Shirt,609.7,4.0,10.0,2438.8,243.88,2194.92,Net Banking,Corporate,No
TXN04177,2024-01-22,S001,Hyderabad Central,Hyderabad,Home Appliances,Fan,1676.8,3.0,0.0,5030.4,0.0,5030.4,Cash,Online,No
TXN04178,2024-10-15,S002,Banjara Hills Mart,Hyderabad,Grocery,Pulses,143.31,6.0,10.0,859.86,85.99,773.87,Credit Card,Corporate,No
TXN04179,2024-08-09,S003,Chennai Express,Chennai,Clothing,Jeans,1305.56,6.0,5.0,7833.36,391.67,7441.69,UPI,Loyalty Member,No
TXN04180,2024-12-06,S002,Banjara Hills Mart,Hyderabad,Clothing,Saree,2479.56,5.0,10.0,12397.8,1239.78,11158.02,UPI,Online,No
TXN04181,,S004,Mumbai Metro Store,Mumbai,Electronics,Tablet,19301.2,3.0,-5.0,,,,Debit Card,Walk-in,No
TXN04182,2024-03-05,S003,Chennai Express,Chennai,Stationery,File Folder,77.29,3.0,20.0,231.87,46.37,185.5,Credit Card,Online,No
TXN04183,2024-12-21,S003,Chennai Express,Chennai,Home Appliances,Water Purifier,9238.2,2.0,5.0,18476.4,923.82,17552.58,Credit Card,Corporate,No
TXN04184,,S002,Banjara Hills Mart,Hyderabad,Home Appliances,Mixer Grinder,2681.74,,-5.0,,,,UPI,Walk-in,No
TXN04185,2024-12-24,S002,Banjara Hills Mart,Hyderabad,Home Appliances,Microwave,6817.14,3.0,15.0,20451.42,3067.71,17383.71,Cash,Online,Yes
TXN04186,2024-03-30,S001,Hyderabad Central,Hyderabad,Grocery,Spices Pack,94.32,3.0,5.0,282.96,14.15,268.81,Net Banking,Corporate,No
TXN04187,2024-07-08,S001,Hyderabad Central,Hyderabad,Home Appliances,Mixer Grinder,2933.15,5.0,0.0,14665.75,0.0,14665.75,Net Banking,Walk-in,No
TXN04188,,S001,Hyderabad Central,Hyderabad,Grocery,Cooking Oil,183.46,,-5.0,,,,UPI,Corporate,No
TXN04189,,S004,Mumbai Metro Store,Mumbai,Clothing,Saree,2546.28,,,,,,UPI,Online,No
TXN04190,2024-07-17,S001,Hyderabad Central,Hyderabad,Stationery,Pen Box,97.19,5.0,0.0,485.95,0.0,485.95,Net Banking,Corporate,No
TXN04191,2024-08-22,S002,Banjara Hills Mart,Hyderabad,Electronics,Mobile Phone,9946.04,5.0,15.0,49730.2,7459.53,42270.67,Cash,Corporate,No
TXN04192,2024-01-14,S001,Hyderabad Central,Hyderabad,Grocery,Flour (10kg),287.82,1.0,20.0,287.82,57.56,230.26,Cash,Corporate,No
TXN04193,2024-12-08,S004,Mumbai Metro Store,Mumbai,Clothing,Saree,2381.85,6.0,10.0,14291.1,1429.11,12861.99,Debit Card,Walk-in,No
TXN04194,2024-05-12,S003,Chennai Express,Chennai,Electronics,Mobile Phone,9757.64,4.0,0.0,39030.56,0.0,39030.56,Debit Card,Loyalty Member,No
TXN04195,2024-11-15,S002,Banjara Hills Mart,Hyderabad,Grocery,Spices Pack,100.65,4.0,10.0,402.6,40.26,362.34,Debit Card,Loyalty Member,No
TXN04196,2024-02-26,S003,Chennai Express,Chennai,Grocery,Spices Pack,98.31,5.0,20.0,491.55,98.31,393.24,Debit Card,Corporate,No
TXN04197,2024-06-03,S004,Mumbai Metro Store,Mumbai,Home Appliances,Microwave,6549.47,2.0,10.0,13098.94,1309.89,11789.05,Net Banking,Corporate,No
TXN04198,2024-07-03,S001,Hyderabad Central,Hyderabad,Electronics,Tablet,19162.54,2.0,0.0,38325.08,0.0,38325.08,Credit Card,Online,No
TXN04199,2024-11-17,S002,Banjara Hills Mart,Hyderabad,Clothing,Jeans,1331.05,5.0,20.0,6655.25,1331.05,5324.2,Credit Card,Corporate,No
TXN04200,2024-10-19,S002,Banjara Hills Mart,Hyderabad,Stationery,File Folder,82.48,7.0,20.0,577.36,115.47,461.89,Net Banking,Online,No
TXN04201,2024-04-20,S004,Mumbai Metro Store,Mumbai,Stationery,Pen Box,98.22,3.0,15.0,294.66,44.2,250.46,Cash,Walk-in,No
TXN04202,2024-12-04,S003,Chennai Express,Chennai,Clothing,Jacket,1968.5,4.0,15.0,7874.0,1181.1,6692.9,Credit Card,Loyalty Member,No
TXN04203,2024-04-19,S004,Mumbai Metro Store,Mumbai,Home Appliances,Iron Box,911.82,7.0,0.0,6382.74,0.0,6382.74,Debit Card,Loyalty Member,No
TXN04204,2024-12-13,S003,Chennai Express,Chennai,Clothing,Formal Shirt,923.39,3.0,10.0,2770.17,277.02,2493.15,Credit Card,Online,No
TXN04205,2024-05-20,S001,Hyderabad Central,Hyderabad,Stationery,Stapler,144.16,6.0,15.0,864.96,129.74,735.22,Debit Card,Corporate,No
TXN04206,2024-10-10,S001,Hyderabad Central,Hyderabad,Electronics,Earphones,1559.23,5.0,20.0,7796.15,1559.23,6236.92,Credit Card,Walk-in,No
TXN04207,2024-03-20,S004,Mumbai Metro Store,Mumbai,Electronics,Smart Watch,6250.19,8.0,5.0,50001.52,2500.08,47501.44,Credit Card,Corporate,No
TXN04208,2024-11-28,S005,Pune Retail Hub,Pune,Grocery,Spices Pack,97.41,1.0,20.0,97.41,19.48,77.93,Credit Card,Corporate,No
TXN04209,2024-05-11,S003,Chennai Express,Chennai,Grocery,Spices Pack,101.6,2.0,10.0,203.2,20.32,182.88,Net Banking,Online,No
TXN04210,2024-05-07,S004,Mumbai Metro Store,Mumbai,Electronics,Mobile Phone,10158.54,4.0,15.0,40634.16,6095.12,34539.04,Credit Card,Loyalty Member,No
TXN04211,2024-07-02,S004,Mumbai Metro Store,Mumbai,Home Appliances,Iron Box,930.48,3.0,20.0,2791.44,558.29,2233.15,Net Banking,Loyalty Member,No
TXN04212,2024-04-18,S005,Pune Retail Hub,Pune,Stationery,Notebook Set,189.81,2.0,10.0,379.62,37.96,341.66,Net Banking,Walk-in,No
TXN04213,2024-02-14,S003,Chennai Express,Chennai,Clothing,Formal Shirt,902.01,2.0,20.0,1804.02,360.8,1443.22,Debit Card,Online,No
TXN04214,2024-12-29,S005,Pune Retail Hub,Pune,Stationery,Pen Box,100.97,4.0,20.0,403.88,80.78,323.1,UPI,Loyalty Member,No
TXN04215,2024-12-13,S002,Banjara Hills Mart,Hyderabad,Home Appliances,Water Purifier,9411.76,2.0,20.0,18823.52,3764.7,15058.82,UPI,Walk-in,No
TXN04216,2024-10-25,S003,Chennai Express,Chennai,Electronics,Smart Watch,5963.43,6.0,10.0,35780.58,3578.06,32202.52,Credit Card,Walk-in,No
TXN04217,2024-10-06,S001,Hyderabad Central,Hyderabad,Electronics,Mobile Phone,9947.25,2.0,15.0,19894.5,2984.18,16910.32,Credit Card,Online,No
TXN04218,2024-08-31,S002,Banjara Hills Mart,Hyderabad,Grocery,Cooking Oil,194.75,8.0,5.0,1558.0,77.9,1480.1,Debit Card,Online,No
TXN04219,2024-03-11,S005,Pune Retail Hub,Pune,Grocery,Cooking Oil,183.08,1.0,20.0,183.08,36.62,146.46,Net Banking,Loyalty Member,No
TXN04220,2024-05-08,S004,Mumbai Metro Store,Mumbai,Electronics,Smart Watch,6217.15,6.0,0.0,37302.9,0.0,37302.9,Net Banking,Corporate,No
TXN04221,2024-05-02,S002,Banjara Hills Mart,Hyderabad,Grocery,Rice (5kg),343.38,7.0,10.0,2403.66,240.37,2163.29,Cash,Online,No
TXN04222,2024-04-01,S004,Mumbai Metro Store,Mumbai,Clothing,Saree,2512.0,8.0,0.0,20096.0,0.0,20096.0,UPI,Corporate,Yes
TXN04223,2024-12-13,S002,Banjara Hills Mart,Hyderabad,Home Appliances,Fan,1540.18,1.0,10.0,1540.18,154.02,1386.16,Credit Card,Online,No
TXN04224,2024-04-28,S005,Pune Retail Hub,Pune,Grocery,Flour (10kg),312.81,2.0,15.0,625.62,93.84,531.78,UPI,Walk-in,No
TXN04225,2024-08-29,S003,Chennai Express,Chennai,Clothing,T-Shirt,624.25,3.0,5.0,1872.75,93.64,1779.11,UPI,Corporate,No
TXN04226,2024-05-11,S003,Chennai Express,Chennai,Home Appliances,Water Purifier,8947.76,7.0,10.0,62634.32,6263.43,56370.89,Net Banking,Loyalty Member,No
TXN04227,2024-08-23,S005,Pune Retail Hub,Pune,Electronics,Laptop,45927.45,1.0,0.0,45927.45,0.0,45927.45,Net Banking,Loyalty Member,No
TXN04228,2024-08-27,S005,Pune Retail Hub,Pune,Electronics,Smart Watch,6069.97,4.0,20.0,24279.88,4855.98,19423.9,Cash,Walk-in,No
TXN04229,2024-07-04,S003,Chennai Express,Chennai,Stationery,Notebook Set,203.56,4.0,10.0,814.24,81.42,732.82,Net Banking,Online,Yes
TXN04230,2024-01-14,S002,Banjara Hills Mart,Hyderabad,Electronics,Smart Watch,5946.91,8.0,5.0,47575.28,2378.76,45196.52,Cash,Corporate,Yes
TXN04231,2024-02-14,S003,Chennai Express,Chennai,Home Appliances,Iron Box,869.89,1.0,20.0,869.89,173.98,695.91,Net Banking,Loyalty Member,Yes
TXN04232,2024-08-29,S005,Pune Retail Hub,Pune,Grocery,Cooking Oil,193.94,1.0,15.0,193.94,29.09,164.85,Net Banking,Walk-in,No
TXN04233,2024-05-23,S002,Banjara Hills Mart,Hyderabad,Home Appliances,Water Purifier,8639.86,4.0,5.0,34559.44,1727.97,32831.47,Cash,Corporate,No
TXN04234,2024-07-16,S005,Pune Retail Hub,Pune,Electronics,Laptop,46782.57,8.0,20.0,374260.56,74852.11,299408.45,Net Banking,Walk-in,Yes
TXN04235,2024-05-14,S004,Mumbai Metro Store,Mumbai,Home Appliances,Mixer Grinder,2708.33,7.0,20.0,18958.31,3791.66,15166.65,Net Banking,Corporate,No
TXN04236,2024-01-13,S001,Hyderabad Central,Hyderabad,Stationery,Calculator,383.18,3.0,15.0,1149.54,172.43,977.11,UPI,Corporate,No
TXN04237,2024-02-07,S003,Chennai Express,Chennai,Stationery,Calculator,410.26,7.0,0.0,2871.82,0.0,2871.82,Net Banking,Corporate,No
TXN04238,2024-01-15,S002,Banjara Hills Mart,Hyderabad,Electronics,Mobile Phone,10100.91,5.0,5.0,50504.55,2525.23,47979.32,UPI,Walk-in,No
TXN04239,2024-06-29,S001,Hyderabad Central,Hyderabad,Electronics,Earphones,1535.87,1.0,0.0,1535.87,0.0,1535.87,Net Banking,Walk-in,No
TXN04240,2024-08-02,S005,Pune Retail Hub,Pune,Grocery,Spices Pack,102.01,5.0,0.0,510.05,0.0,510.05,Net Banking,Corporate,No
TXN04241,2024-01-01,S001,Hyderabad Central,Hyderabad,Clothing,Jeans,1281.63,4.0,5.0,5126.52,256.33,4870.19,Cash,Online,No
TXN04242,2024-09-25,S003,Chennai Express,Chennai,Clothing,T-Shirt,613.4,8.0,20.0,4907.2,981.44,3925.76,Credit Card,Walk-in,No
TXN04243,2024-06-16,S001,Hyderabad Central,Hyderabad,Grocery,Rice (5kg),332.7,3.0,5.0,998.1,49.91,948.19,Debit Card,Walk-in,No
TXN04244,2024-12-12,S005,Pune Retail Hub,Pune,Grocery,Pulses,153.41,2.0,10.0,306.82,30.68,276.14,Net Banking,Corporate,No
TXN04245,2024-02-14,S004,Mumbai Metro Store,Mumbai,Clothing,Formal Shirt,932.3,8.0,0.0,7458.4,0.0,7458.4,Debit Card,Loyalty Member,No
TXN04246,2024-11-15,S002,Banjara Hills Mart,Hyderabad,Stationery,Stapler,149.81,7.0,10.0,1048.67,104.87,943.8,Net Banking,Online,No
TXN04247,2024-06-27,S003,Chennai Express,Chennai,Clothing,Jacket,1978.44,2.0,20.0,3956.88,791.38,3165.5,UPI,Corporate,No
TXN04248,2024-03-05,S005,Pune Retail Hub,Pune,Clothing,Saree,2611.03,4.0,5.0,10444.12,522.21,9921.91,Debit Card,Walk-in,No
TXN04249,2024-09-25,S004,Mumbai Metro Store,Mumbai,Stationery,Calculator,410.37,8.0,15.0,3282.96,492.44,2790.52,Cash,Walk-in,Yes
TXN04250,2024-01-09,S003,Chennai Express,Chennai,Stationery,Pen Box,100.67,8.0,10.0,805.36,80.54,724.82,UPI,Loyalty Member,No
TXN04251,2024-02-08,S003,Chennai Express,Chennai,Electronics,Earphones,1485.28,2.0,20.0,2970.56,594.11,2376.45,UPI,Online,No
TXN04252,2024-01-28,S005,Pune Retail Hub,Pune,Stationery,File Folder,79.39,3.0,20.0,238.17,47.63,190.54,UPI,Walk-in,No
TXN04253,2024-10-20,S003,Chennai Express,Chennai,Electronics,Mobile Phone,10246.13,5.0,20.0,51230.65,10246.13,40984.52,Debit Card,Walk-in,No
TXN04254,2024-08-18,S001,Hyderabad Central,Hyderabad,Home Appliances,Mixer Grinder,2844.93,8.0,5.0,22759.44,1137.97,21621.47,Debit Card,Online,No
TXN04255,2024-12-02,S003,Chennai Express,Chennai,Electronics,Earphones,1505.5,1.0,15.0,1505.5,225.82,1279.68,Credit Card,Online,No
TXN04256,2024-06-19,S004,Mumbai Metro Store,Mumbai,Electronics,Mobile Phone,10279.17,6.0,0.0,61675.02,0.0,61675.02,Net Banking,Walk-in,No
TXN04257,2024-03-18,S002,Banjara Hills Mart,Hyderabad,Stationery,Stapler,155.85,2.0,20.0,311.7,62.34,249.36,Cash,Corporate,No
TXN04258,2024-11-12,S002,Banjara Hills Mart,Hyderabad,Stationery,Pen Box,98.98,5.0,20.0,494.9,98.98,395.92,Debit Card,Online,No
TXN04259,2024-05-26,S001,Hyderabad Central,Hyderabad,Clothing,T-Shirt,627.4,6.0,10.0,3764.4,376.44,3387.96,Net Banking,Loyalty Member,Yes
TXN04260,2024-12-06,S002,Banjara Hills Mart,Hyderabad,Clothing,Formal Shirt,923.42,3.0,10.0,2770.26,277.03,2493.23,Net Banking,Corporate,No
TXN04261,,S002,Banjara Hills Mart,Hyderabad,Electronics,Smart Watch,5708.21,,,,,,UPI,Walk-in,No
TXN04262,2024-07-12,S001,Hyderabad Central,Hyderabad,Clothing,T-Shirt,607.93,6.0,5.0,3647.58,182.38,3465.2,Credit Card,Loyalty Member,No
TXN04263,2024-10-30,S005,Pune Retail Hub,Pune,Grocery,Spices Pack,101.03,4.0,5.0,404.12,20.21,383.91,Net Banking,Walk-in,No
TXN04264,2024-02-04,S001,Hyderabad Central,Hyderabad,Home Appliances,Microwave,6731.35,4.0,0.0,26925.4,0.0,26925.4,UPI,Loyalty Member,No
TXN04265,2024-07-13,S005,Pune Retail Hub,Pune,Electronics,Tablet,18345.69,8.0,10.0,146765.52,14676.55,132088.97,UPI,Corporate,No
TXN04266,2024-10-15,S002,Banjara Hills Mart,Hyderabad,Electronics,Mobile Phone,9704.48,3.0,10.0,29113.44,2911.34,26202.1,Cash,Corporate,No
TXN04267,2024-01-29,S005,Pune Retail Hub,Pune,Clothing,T-Shirt,590.61,6.0,10.0,3543.66,354.37,3189.29,Net Banking,Walk-in,No
TXN04268,2024-12-20,S004,Mumbai Metro Store,Mumbai,Stationery,Notebook Set,197.02,8.0,20.0,1576.16,315.23,1260.93,Credit Card,Walk-in,No
TXN04269,2024-06-28,S001,Hyderabad Central,Hyderabad,Electronics,Laptop,45318.61,7.0,15.0,317230.27,47584.54,269645.73,Debit Card,Walk-in,No
TXN04270,2024-07-09,S004,Mumbai Metro Store,Mumbai,Electronics,Smart Watch,6169.81,6.0,20.0,37018.86,7403.77,29615.09,Credit Card,Corporate,No
TXN04271,2024-02-24,S005,Pune Retail Hub,Pune,Clothing,Jacket,2000.88,5.0,10.0,10004.4,1000.44,9003.96,Net Banking,Corporate,No
TXN04272,2024-07-15,S004,Mumbai Metro Store,Mumbai,Electronics,Laptop,48109.96,6.0,10.0,288659.76,28865.98,259793.78,Credit Card,Walk-in,No
TXN04273,2024-11-12,S005,Pune Retail Hub,Pune,Electronics,Earphones,1489.0,1.0,0.0,1489.0,0.0,1489.0,Credit Card,Corporate,No
TXN04274,,S001,Hyderabad Central,Hyderabad,Stationery,File Folder,82.65,,,,,,UPI,Walk-in,No
TXN04275,2024-03-28,S003,Chennai Express,Chennai,Grocery,Spices Pack,102.24,6.0,10.0,613.44,61.34,552.1,Net Banking,Online,No
TXN04276,2024-07-10,S003,Chennai Express,Chennai,Clothing,Saree,2462.87,1.0,5.0,2462.87,123.14,2339.73,UPI,Corporate,No
TXN04277,2024-12-15,S004,Mumbai Metro Store,Mumbai,Home Appliances,Mixer Grinder,2738.72,6.0,15.0,16432.32,2464.85,13967.47,UPI,Loyalty Member,No
TXN04278,2024-02-10,S005,Pune Retail Hub,Pune,Stationery,Notebook Set,191.13,6.0,10.0,1146.78,114.68,1032.1,Cash,Loyalty Member,No
TXN04279,2024-05-03,S003,Chennai Express,Chennai,Clothing,T-Shirt,573.66,7.0,0.0,4015.62,0.0,4015.62,Net Banking,Walk-in,No
TXN04280,2024-02-21,S003,Chennai Express,Chennai,Home Appliances,Mixer Grinder,2894.49,8.0,10.0,23155.92,2315.59,20840.33,Debit Card,Corporate,No
TXN04281,2024-05-30,S004,Mumbai Metro Store,Mumbai,Grocery,Spices Pack,96.81,2.0,5.0,193.62,9.68,183.94,Net Banking,Walk-in,No
TXN04282,2024-05-29,S005,Pune Retail Hub,Pune,Grocery,Rice (5kg),344.49,1.0,10.0,344.49,34.45,310.04,Cash,Corporate,No
TXN04283,2024-08-20,S003,Chennai Express,Chennai,Stationery,Calculator,383.55,7.0,10.0,2684.85,268.49,2416.36,UPI,Walk-in,Yes
TXN04284,2024-01-31,S005,Pune Retail Hub,Pune,Electronics,Earphones,1525.83,2.0,0.0,3051.66,0.0,3051.66,Credit Card,Walk-in,No
TXN04285,2024-10-25,S003,Chennai Express,Chennai,Stationery,Stapler,143.65,7.0,20.0,1005.55,201.11,804.44,Cash,Walk-in,No
TXN04286,2024-06-26,S004,Mumbai Metro Store,Mumbai,Stationery,Notebook Set,190.2,8.0,0.0,1521.6,0.0,1521.6,Net Banking,Walk-in,Yes
TXN04287,2024-05-08,S004,Mumbai Metro Store,Mumbai,Stationery,Calculator,393.98,2.0,15.0,787.96,118.19,669.77,Net Banking,Corporate,No
TXN04288,2024-10-22,S005,Pune Retail Hub,Pune,Grocery,Cooking Oil,187.32,7.0,10.0,1311.24,131.12,1180.12,Debit Card,Walk-in,No
TXN04289,2024-11-11,S004,Mumbai Metro Store,Mumbai,Grocery,Cooking Oil,186.47,6.0,0.0,1118.82,0.0,1118.82,Net Banking,Corporate,No
TXN04290,2024-02-13,S002,Banjara Hills Mart,Hyderabad,Stationery,Pen Box,94.11,4.0,10.0,376.44,37.64,338.8,Credit Card,Online,No
TXN04291,2024-10-20,S004,Mumbai Metro Store,Mumbai,Clothing,Saree,2458.31,5.0,0.0,12291.55,0.0,12291.55,Cash,Corporate,No
TXN04292,2024-04-27,S002,Banjara Hills Mart,Hyderabad,Grocery,Spices Pack,98.79,4.0,20.0,395.16,79.03,316.13,UPI,Loyalty Member,No
TXN04293,,S002,Banjara Hills Mart,Hyderabad,Grocery,Spices Pack,98.68,9.0,101.0,,,,Cash,Walk-in,No
TXN04294,2024-12-21,S005,Pune Retail Hub,Pune,Clothing,T-Shirt,585.51,1.0,5.0,585.51,29.28,556.23,Cash,Walk-in,No
TXN04295,2024-11-29,S001,Hyderabad Central,Hyderabad,Stationery,Pen Box,98.88,7.0,0.0,692.16,0.0,692.16,UPI,Walk-in,No
TXN04296,2024-04-27,S002,Banjara Hills Mart,Hyderabad,Clothing,T-Shirt,586.64,3.0,15.0,1759.92,263.99,1495.93,UPI,Loyalty Member,No
TXN04297,2024-07-14,S001,Hyderabad Central,Hyderabad,Stationery,Pen Box,95.07,3.0,0.0,285.21,0.0,285.21,Cash,Corporate,No
TXN04298,,S004,Mumbai Metro Store,Mumbai,Electronics,Earphones,1531.33,,101.0,,,,Debit Card,Loyalty Member,No
TXN04299,2024-11-17,S001,Hyderabad Central,Hyderabad,Stationery,Stapler,143.55,6.0,15.0,861.3,129.19,732.11,Cash,Loyalty Member,No
TXN04300,2024-02-22,S004,Mumbai Metro Store,Mumbai,Home Appliances,Water Purifier,8808.63,3.0,10.0,26425.89,2642.59,23783.3,Credit Card,Walk-in,No
TXN04301,2024-12-08,S004,Mumbai Metro Store,Mumbai,Clothing,T-Shirt,588.48,5.0,0.0,2942.4,0.0,2942.4,Credit Card,Walk-in,No
TXN04302,2024-02-22,S001,Hyderabad Central,Hyderabad,Electronics,Tablet,18593.41,6.0,0.0,111560.46,0.0,111560.46,Debit Card,Online,No
TXN04303,2024-12-02,S004,Mumbai Metro Store,Mumbai,Home Appliances,Mixer Grinder,2704.98,5.0,5.0,13524.9,676.25,12848.65,Debit Card,Corporate,No
TXN04304,,S002,Banjara Hills Mart,Hyderabad,Electronics,Laptop,45702.44,8.0,,,,,Net Banking,Walk-in,No
TXN04305,2024-12-01,S004,Mumbai Metro Store,Mumbai,Electronics,Earphones,1483.1,5.0,5.0,7415.5,370.77,7044.73,UPI,Corporate,No
TXN04306,2024-08-24,S005,Pune Retail Hub,Pune,Stationery,File Folder,78.76,1.0,15.0,78.76,11.81,66.95,Net Banking,Corporate,No
TXN04307,2024-10-21,S005,Pune Retail Hub,Pune,Home Appliances,Fan,1596.2,3.0,15.0,4788.6,718.29,4070.31,Debit Card,Corporate,No
TXN04308,2024-05-21,S001,Hyderabad Central,Hyderabad,Clothing,Formal Shirt,920.58,5.0,5.0,4602.9,230.15,4372.75,Debit Card,Online,No
TXN04309,2024-12-27,S005,Pune Retail Hub,Pune,Grocery,Cooking Oil,184.25,2.0,0.0,368.5,0.0,368.5,UPI,Online,No
TXN04310,2024-07-18,S004,Mumbai Metro Store,Mumbai,Home Appliances,Water Purifier,8829.65,5.0,5.0,44148.25,2207.41,41940.84,Cash,Loyalty Member,Yes
TXN04311,2024-10-14,S003,Chennai Express,Chennai,Grocery,Pulses,152.81,6.0,0.0,916.86,0.0,916.86,Credit Card,Loyalty Member,No
TXN04312,2024-07-27,S003,Chennai Express,Chennai,Grocery,Rice (5kg),364.7,7.0,0.0,2552.9,0.0,2552.9,UPI,Online,Yes
TXN04313,2024-09-05,S004,Mumbai Metro Store,Mumbai,Home Appliances,Microwave,6650.94,5.0,15.0,33254.7,4988.2,28266.5,UPI,Loyalty Member,No
TXN04314,2024-10-25,S003,Chennai Express,Chennai,Stationery,Stapler,147.68,8.0,20.0,1181.44,236.29,945.15,Credit Card,Loyalty Member,No
TXN04315,2024-02-19,S002,Banjara Hills Mart,Hyderabad,Stationery,Notebook Set,206.71,1.0,15.0,206.71,31.01,175.7,UPI,Online,No
TXN04316,2024-01-15,S005,Pune Retail Hub,Pune,Clothing,Formal Shirt,897.83,4.0,20.0,3591.32,718.26,2873.06,Credit Card,Online,No
TXN04317,2024-09-17,S001,Hyderabad Central,Hyderabad,Grocery,Cooking Oil,196.11,7.0,0.0,1372.77,0.0,1372.77,Net Banking,Loyalty Member,Yes
TXN04318,,S002,Banjara Hills Mart,Hyderabad,Stationery,Notebook Set,194.75,9.0,101.0,,,,Net Banking,Corporate,No
TXN04319,2024-01-21,S001,Hyderabad Central,Hyderabad,Home Appliances,Iron Box,905.52,7.0,10.0,6338.64,633.86,5704.78,Cash,Loyalty Member,No
TXN04320,2024-07-11,S003,Chennai Express,Chennai,Home Appliances,Mixer Grinder,2806.91,8.0,20.0,22455.28,4491.06,17964.22,Net Banking,Walk-in,No
TXN04321,2024-01-05,S005,Pune Retail Hub,Pune,Stationery,Pen Box,95.43,1.0,10.0,95.43,9.54,85.89,Credit Card,Online,No
TXN04322,2024-11-04,S001,Hyderabad Central,Hyderabad,Clothing,Jacket,1952.23,5.0,15.0,9761.15,1464.17,8296.98,Cash,Corporate,Yes
TXN04323,2024-05-11,S004,Mumbai Metro Store,Mumbai,Electronics,Earphones,1496.39,4.0,20.0,5985.56,1197.11,4788.45,UPI,Corporate,No
TXN04324,2024-06-14,S004,Mumbai Metro Store,Mumbai,Electronics,Laptop,44370.6,5.0,15.0,221853.0,33277.95,188575.05,Cash,Walk-in,No
TXN04325,2024-01-18,S001,Hyderabad Central,Hyderabad,Clothing,T-Shirt,597.62,1.0,0.0,597.62,0.0,597.62,UPI,Online,No
TXN04326,,S001,Hyderabad Central,Hyderabad,Grocery,Flour (10kg),289.37,9.0,101.0,,,,UPI,Loyalty Member,No
TXN04327,2024-08-19,S001,Hyderabad Central,Hyderabad,Grocery,Spices Pack,99.52,7.0,15.0,696.64,104.5,592.14,Net Banking,Online,No
TXN04328,2024-08-17,S001,Hyderabad Central,Hyderabad,Home Appliances,Water Purifier,9307.59,2.0,5.0,18615.18,930.76,17684.42,Cash,Corporate,No
TXN04329,2024-01-24,S003,Chennai Express,Chennai,Grocery,Rice (5kg),347.51,1.0,5.0,347.51,17.38,330.13,Cash,Corporate,Yes
TXN04330,2024-11-18,S001,Hyderabad Central,Hyderabad,Home Appliances,Mixer Grinder,2674.23,1.0,10.0,2674.23,267.42,2406.81,Net Banking,Walk-in,No
TXN04331,2024-10-12,S001,Hyderabad Central,Hyderabad,Clothing,Jeans,1302.14,3.0,5.0,3906.42,195.32,3711.1,Net Banking,Walk-in,No
TXN04332,2024-06-17,S002,Banjara Hills Mart,Hyderabad,Stationery,Pen Box,94.72,2.0,20.0,189.44,37.89,151.55,Net Banking,Online,No
TXN04333,2024-05-08,S002,Banjara Hills Mart,Hyderabad,Stationery,Calculator,391.96,5.0,0.0,1959.8,0.0,1959.8,Credit Card,Corporate,No
TXN04334,2024-01-22,S003,Chennai Express,Chennai,Stationery,Pen Box,101.49,2.0,0.0,202.98,0.0,202.98,Cash,Online,No
TXN04335,2024-03-09,S003,Chennai Express,Chennai,Home Appliances,Water Purifier,9264.14,6.0,20.0,55584.84,11116.97,44467.87,Debit Card,Online,No
TXN04336,2024-09-10,S005,Pune Retail Hub,Pune,Stationery,Pen Box,94.32,8.0,0.0,754.56,0.0,754.56,Debit Card,Online,No
TXN04337,2024-10-11,S003,Chennai Express,Chennai,Grocery,Cooking Oil,181.57,3.0,5.0,544.71,27.24,517.47,Debit Card,Loyalty Member,No
TXN04338,2024-08-09,S003,Chennai Express,Chennai,Stationery,Notebook Set,203.6,4.0,5.0,814.4,40.72,773.68,Cash,Loyalty Member,Yes
TXN04339,2024-07-13,S003,Chennai Express,Chennai,Clothing,Saree,2440.58,1.0,5.0,2440.58,122.03,2318.55,Credit Card,Walk-in,No
TXN04340,2024-09-24,S003,Chennai Express,Chennai,Grocery,Cooking Oil,195.45,8.0,5.0,1563.6,78.18,1485.42,Credit Card,Loyalty Member,No
TXN04341,2024-02-01,S001,Hyderabad Central,Hyderabad,Electronics,Earphones,1517.48,4.0,15.0,6069.92,910.49,5159.43,Credit Card,Corporate,No
TXN04342,2024-04-30,S002,Banjara Hills Mart,Hyderabad,Electronics,Earphones,1503.09,2.0,15.0,3006.18,450.93,2555.25,UPI,Walk-in,No
TXN04343,2024-12-08,S005,Pune Retail Hub,Pune,Home Appliances,Microwave,6603.8,2.0,10.0,13207.6,1320.76,11886.84,Cash,Walk-in,No
TXN04344,2024-07-20,S002,Banjara Hills Mart,Hyderabad,Electronics,Earphones,1504.8,2.0,15.0,3009.6,451.44,2558.16,Credit Card,Corporate,No
TXN04345,2024-11-03,S001,Hyderabad Central,Hyderabad,Home Appliances,Water Purifier,9401.19,1.0,0.0,9401.19,0.0,9401.19,Net Banking,Corporate,No
TXN04346,2024-01-24,S005,Pune Retail Hub,Pune,Clothing,Formal Shirt,914.77,6.0,20.0,5488.62,1097.72,4390.9,Debit Card,Loyalty Member,No
TXN04347,,S001,Hyderabad Central,Hyderabad,Grocery,Rice (5kg),347.84,,-5.0,,,,UPI,Corporate,No
TXN04348,2024-05-03,S003,Chennai Express,Chennai,Stationery,Pen Box,98.06,4.0,20.0,392.24,78.45,313.79,Debit Card,Online,No
TXN04349,2024-02-25,S001,Hyderabad Central,Hyderabad,Clothing,Jacket,2089.1,2.0,5.0,4178.2,208.91,3969.29,Cash,Loyalty Member,No
TXN04350,2024-08-27,S001,Hyderabad Central,Hyderabad,Clothing,Jacket,2025.03,1.0,20.0,2025.03,405.01,1620.02,Credit Card,Corporate,No
TXN04351,2024-10-29,S004,Mumbai Metro Store,Mumbai,Stationery,Pen Box,97.34,7.0,0.0,681.38,0.0,681.38,UPI,Corporate,No
TXN04352,2024-11-30,S002,Banjara Hills Mart,Hyderabad,Home Appliances,Fan,1525.77,7.0,5.0,10680.39,534.02,10146.37,Cash,Walk-in,No
TXN04353,2024-10-11,S001,Hyderabad Central,Hyderabad,Stationery,Calculator,385.45,8.0,5.0,3083.6,154.18,2929.42,Cash,Loyalty Member,No
TXN04354,2024-06-21,S001,Hyderabad Central,Hyderabad,Home Appliances,Water Purifier,8805.38,7.0,15.0,61637.66,9245.65,52392.01,Debit Card,Online,No
TXN04355,2024-09-18,S002,Banjara Hills Mart,Hyderabad,Home Appliances,Iron Box,891.19,1.0,15.0,891.19,133.68,757.51,Cash,Walk-in,No
TXN04356,2024-07-06,S003,Chennai Express,Chennai,Electronics,Tablet,18901.5,1.0,20.0,18901.5,3780.3,15121.2,Cash,Loyalty Member,No
TXN04357,2024-12-26,S001,Hyderabad Central,Hyderabad,Electronics,Earphones,1554.89,1.0,0.0,1554.89,0.0,1554.89,UPI,Loyalty Member,No
TXN04358,2024-06-29,S003,Chennai Express,Chennai,Grocery,Spices Pack,96.55,7.0,10.0,675.85,67.58,608.27,Cash,Online,Yes
TXN04359,2024-09-22,S003,Chennai Express,Chennai,Electronics,Tablet,18562.83,4.0,0.0,74251.32,0.0,74251.32,Debit Card,Loyalty Member,No
TXN04360,2024-03-05,S001,Hyderabad Central,Hyderabad,Electronics,Smart Watch,6053.43,7.0,5.0,42374.01,2118.7,40255.31,UPI,Online,No
TXN04361,2024-02-07,S003,Chennai Express,Chennai,Home Appliances,Water Purifier,8602.72,1.0,20.0,8602.72,1720.54,6882.18,Debit Card,Online,No
TXN04362,2024-12-30,S003,Chennai Express,Chennai,Clothing,T-Shirt,579.41,7.0,15.0,4055.87,608.38,3447.49,Debit Card,Corporate,No
TXN04363,2024-11-30,S001,Hyderabad Central,Hyderabad,Home Appliances,Microwave,6445.84,8.0,5.0,51566.72,2578.34,48988.38,Credit Card,Walk-in,No
TXN04364,2024-06-30,S005,Pune Retail Hub,Pune,Stationery,Calculator,398.16,3.0,10.0,1194.48,119.45,1075.03,UPI,Online,No
TXN04365,2024-04-25,S004,Mumbai Metro Store,Mumbai,Home Appliances,Mixer Grinder,2730.62,4.0,5.0,10922.48,546.12,10376.36,Credit Card,Loyalty Member,No
TXN04366,2024-05-25,S002,Banjara Hills Mart,Hyderabad,Home Appliances,Water Purifier,8587.18,5.0,0.0,42935.9,0.0,42935.9,UPI,Corporate,No
TXN04367,2024-05-01,S003,Chennai Express,Chennai,Grocery,Spices Pack,101.53,5.0,10.0,507.65,50.77,456.88,Net Banking,Online,No
TXN04368,2024-06-28,S001,Hyderabad Central,Hyderabad,Electronics,Mobile Phone,10098.96,4.0,20.0,40395.84,8079.17,32316.67,Net Banking,Corporate,No
TXN04369,2024-04-24,S005,Pune Retail Hub,Pune,Clothing,Jeans,1302.49,4.0,20.0,5209.96,1041.99,4167.97,Net Banking,Online,No
TXN04370,2024-03-28,S002,Banjara Hills Mart,Hyderabad,Electronics,Earphones,1565.64,2.0,0.0,3131.28,0.0,3131.28,Debit Card,Walk-in,No
TXN04371,2024-12-02,S004,Mumbai Metro Store,Mumbai,Grocery,Rice (5kg),349.88,5.0,5.0,1749.4,87.47,1661.93,UPI,Online,No
TXN04372,2024-05-16,S002,Banjara Hills Mart,Hyderabad,Stationery,File Folder,76.98,3.0,15.0,230.94,34.64,196.3,Net Banking,Corporate,No
TXN04373,2024-12-20,S003,Chennai Express,Chennai,Stationery,Notebook Set,199.02,3.0,10.0,597.06,59.71,537.35,UPI,Walk-in,No
TXN04374,2024-11-09,S005,Pune Retail Hub,Pune,Grocery,Cooking Oil,190.53,7.0,20.0,1333.71,266.74,1066.97,Cash,Online,No
TXN04375,2024-05-08,S002,Banjara Hills Mart,Hyderabad,Clothing,T-Shirt,590.38,2.0,15.0,1180.76,177.11,1003.65,Credit Card,Walk-in,Yes
TXN04376,2024-10-15,S002,Banjara Hills Mart,Hyderabad,Home Appliances,Iron Box,857.74,1.0,20.0,857.74,171.55,686.19,Net Banking,Walk-in,No
TXN04377,2024-01-23,S001,Hyderabad Central,Hyderabad,Clothing,Saree,2515.46,5.0,10.0,12577.3,1257.73,11319.57,Cash,Loyalty Member,No
TXN04378,2024-07-27,S001,Hyderabad Central,Hyderabad,Clothing,Jacket,1900.87,2.0,5.0,3801.74,190.09,3611.65,Debit Card,Loyalty Member,No
TXN04379,2024-08-01,S002,Banjara Hills Mart,Hyderabad,Grocery,Spices Pack,97.29,6.0,5.0,583.74,29.19,554.55,Credit Card,Walk-in,No
TXN04380,,S005,Pune Retail Hub,Pune,Electronics,Smart Watch,6047.04,10.0,101.0,,,,Cash,Corporate,No
TXN04381,2024-08-25,S003,Chennai Express,Chennai,Grocery,Rice (5kg),351.93,5.0,10.0,1759.65,175.97,1583.68,Cash,Online,No
TXN04382,2024-10-15,S003,Chennai Express,Chennai,Clothing,Formal Shirt,891.49,3.0,10.0,2674.47,267.45,2407.02,Net Banking,Online,No
TXN04383,,S003,Chennai Express,Chennai,Home Appliances,Microwave,6567.1,3.0,-5.0,,,,Net Banking,Walk-in,No
TXN04384,2024-02-26,S001,Hyderabad Central,Hyderabad,Electronics,Tablet,18924.8,4.0,5.0,75699.2,3784.96,71914.24,Debit Card,Loyalty Member,No
TXN04385,2024-03-26,S004,Mumbai Metro Store,Mumbai,Grocery,Pulses,151.51,3.0,15.0,454.53,68.18,386.35,Debit Card,Loyalty Member,No
TXN04386,2024-09-30,S001,Hyderabad Central,Hyderabad,Grocery,Cooking Oil,184.89,5.0,0.0,924.45,0.0,924.45,Cash,Loyalty Member,No
TXN04387,2024-04-07,S004,Mumbai Metro Store,Mumbai,Grocery,Cooking Oil,180.79,2.0,0.0,361.58,0.0,361.58,UPI,Corporate,No
TXN04388,2024-01-29,S001,Hyderabad Central,Hyderabad,Grocery,Spices Pack,99.6,5.0,15.0,498.0,74.7,423.3,Net Banking,Corporate,No
TXN04389,2024-09-10,S004,Mumbai Metro Store,Mumbai,Stationery,File Folder,75.73,3.0,20.0,227.19,45.44,181.75,Credit Card,Corporate,No
TXN04390,2024-03-04,S001,Hyderabad Central,Hyderabad,Grocery,Pulses,148.79,8.0,0.0,1190.32,0.0,1190.32,UPI,Online,No
TXN04391,2024-10-21,S005,Pune Retail Hub,Pune,Stationery,Stapler,148.16,6.0,20.0,888.96,177.79,711.17,Cash,Corporate,No
TXN04392,2024-11-03,S001,Hyderabad Central,Hyderabad,Grocery,Pulses,144.62,2.0,0.0,289.24,0.0,289.24,Net Banking,Loyalty Member,No
TXN04393,2024-01-04,S005,Pune Retail Hub,Pune,Electronics,Laptop,46281.83,8.0,0.0,370254.64,0.0,370254.64,Cash,Online,No
TXN04394,2024-03-13,S004,Mumbai Metro Store,Mumbai,Clothing,Jeans,1309.25,1.0,15.0,1309.25,196.39,1112.86,UPI,Online,No
TXN04395,2024-03-16,S002,Banjara Hills Mart,Hyderabad,Grocery,Rice (5kg),339.31,2.0,15.0,678.62,101.79,576.83,UPI,Loyalty Member,No
TXN04396,2024-08-14,S003,Chennai Express,Chennai,Stationery,Stapler,145.1,6.0,20.0,870.6,174.12,696.48,Credit Card,Loyalty Member,No
TXN04397,2024-11-20,S004,Mumbai Metro Store,Mumbai,Grocery,Spices Pack,99.56,4.0,15.0,398.24,59.74,338.5,UPI,Loyalty Member,No
TXN04398,2024-07-15,S001,Hyderabad Central,Hyderabad,Electronics,Earphones,1430.97,3.0,5.0,4292.91,214.65,4078.26,Debit Card,Online,No
TXN04399,2024-06-04,S005,Pune Retail Hub,Pune,Stationery,Calculator,390.22,3.0,20.0,1170.66,234.13,936.53,Net Banking,Online,No
TXN04400,2024-05-28,S003,Chennai Express,Chennai,Clothing,Saree,2534.66,4.0,10.0,10138.64,1013.86,9124.78,Credit Card,Walk-in,No
TXN04401,2024-03-16,S003,Chennai Express,Chennai,Stationery,File Folder,77.64,8.0,5.0,621.12,31.06,590.06,Debit Card,Online,No
TXN04402,2024-11-11,S004,Mumbai Metro Store,Mumbai,Stationery,Notebook Set,196.0,7.0,20.0,1372.0,274.4,1097.6,Cash,Corporate,Yes
TXN04403,2024-06-26,S004,Mumbai Metro Store,Mumbai,Clothing,T-Shirt,596.94,7.0,10.0,4178.58,417.86,3760.72,UPI,Corporate,No
TXN04404,2024-04-05,S005,Pune Retail Hub,Pune,Clothing,Jacket,1941.52,3.0,10.0,5824.56,582.46,5242.1,Net Banking,Walk-in,Yes
TXN04405,2024-01-29,S002,Banjara Hills Mart,Hyderabad,Home Appliances,Water Purifier,9156.25,1.0,0.0,9156.25,0.0,9156.25,Credit Card,Corporate,No
TXN04406,,S004,Mumbai Metro Store,Mumbai,Clothing,Jeans,1255.68,,101.0,,,,Debit Card,Online,No
TXN04407,2024-03-27,S002,Banjara Hills Mart,Hyderabad,Clothing,Jacket,1980.21,5.0,20.0,9901.05,1980.21,7920.84,Credit Card,Loyalty Member,No
TXN04408,2024-11-28,S001,Hyderabad Central,Hyderabad,Electronics,Laptop,44307.16,1.0,15.0,44307.16,6646.07,37661.09,Net Banking,Corporate,No
TXN04409,2024-01-29,S002,Banjara Hills Mart,Hyderabad,Stationery,File Folder,82.43,7.0,15.0,577.01,86.55,490.46,UPI,Corporate,No
TXN04410,2024-04-08,S005,Pune Retail Hub,Pune,Stationery,Stapler,149.37,4.0,10.0,597.48,59.75,537.73,Net Banking,Walk-in,No
TXN04411,2024-06-25,S002,Banjara Hills Mart,Hyderabad,Clothing,Saree,2490.4,3.0,15.0,7471.2,1120.68,6350.52,Cash,Walk-in,No
TXN04412,2024-11-30,S004,Mumbai Metro Store,Mumbai,Home Appliances,Mixer Grinder,2672.85,1.0,0.0,2672.85,0.0,2672.85,UPI,Walk-in,No
TXN04413,2024-08-20,S001,Hyderabad Central,Hyderabad,Home Appliances,Microwave,6544.06,7.0,5.0,45808.42,2290.42,43518.0,Net Banking,Loyalty Member,No
TXN04414,2024-07-08,S002,Banjara Hills Mart,Hyderabad,Stationery,Stapler,146.02,1.0,20.0,146.02,29.2,116.82,UPI,Loyalty Member,No
TXN04415,2024-06-28,S005,Pune Retail Hub,Pune,Home Appliances,Mixer Grinder,2874.41,5.0,5.0,14372.05,718.6,13653.45,Net Banking,Online,No
TXN04416,2024-04-12,S004,Mumbai Metro Store,Mumbai,Clothing,Saree,2467.61,4.0,15.0,9870.44,1480.57,8389.87,UPI,Online,No
TXN04417,2024-07-09,S001,Hyderabad Central,Hyderabad,Grocery,Flour (10kg),308.32,6.0,20.0,1849.92,369.98,1479.94,Credit Card,Online,No
TXN04418,2024-08-16,S005,Pune Retail Hub,Pune,Grocery,Flour (10kg),311.94,3.0,0.0,935.82,0.0,935.82,Cash,Loyalty Member,No
TXN04419,2024-02-19,S002,Banjara Hills Mart,Hyderabad,Home Appliances,Mixer Grinder,2804.52,7.0,0.0,19631.64,0.0,19631.64,Net Banking,Loyalty Member,No
TXN04420,2024-06-29,S003,Chennai Express,Chennai,Grocery,Spices Pack,96.42,6.0,5.0,578.52,28.93,549.59,Credit Card,Walk-in,No
TXN04421,2024-04-18,S001,Hyderabad Central,Hyderabad,Clothing,Jacket,1917.96,5.0,5.0,9589.8,479.49,9110.31,Net Banking,Online,No
TXN04422,2024-06-26,S004,Mumbai Metro Store,Mumbai,Electronics,Laptop,46026.87,5.0,5.0,230134.35,11506.72,218627.63,Net Banking,Online,No
TXN04423,2024-10-15,S001,Hyderabad Central,Hyderabad,Stationery,Stapler,141.96,3.0,15.0,425.88,63.88,362.0,Credit Card,Corporate,No
TXN04424,2024-08-06,S003,Chennai Express,Chennai,Home Appliances,Mixer Grinder,2935.53,4.0,20.0,11742.12,2348.42,9393.7,UPI,Walk-in,No
TXN04425,2024-08-13,S005,Pune Retail Hub,Pune,Clothing,Saree,2611.31,3.0,5.0,7833.93,391.7,7442.23,Net Banking,Loyalty Member,No
TXN04426,2024-05-26,S004,Mumbai Metro Store,Mumbai,Electronics,Tablet,18095.54,4.0,5.0,72382.16,3619.11,68763.05,UPI,Walk-in,No
TXN04427,2024-05-31,S001,Hyderabad Central,Hyderabad,Grocery,Spices Pack,99.9,8.0,5.0,799.2,39.96,759.24,Cash,Online,No
TXN04428,2024-01-22,S002,Banjara Hills Mart,Hyderabad,Electronics,Earphones,1523.31,1.0,20.0,1523.31,304.66,1218.65,Cash,Walk-in,No
TXN04429,2024-08-02,S005,Pune Retail Hub,Pune,Stationery,Calculator,389.34,3.0,0.0,1168.02,0.0,1168.02,Net Banking,Online,No
TXN04430,2024-02-23,S002,Banjara Hills Mart,Hyderabad,Grocery,Rice (5kg),350.89,5.0,0.0,1754.45,0.0,1754.45,Credit Card,Online,No
TXN04431,2024-07-28,S002,Banjara Hills Mart,Hyderabad,Home Appliances,Mixer Grinder,2796.98,8.0,5.0,22375.84,1118.79,21257.05,UPI,Loyalty Member,No
TXN04432,2024-02-10,S003,Chennai Express,Chennai,Home Appliances,Microwave,6577.53,3.0,5.0,19732.59,986.63,18745.96,Net Banking,Walk-in,No
TXN04433,2024-07-12,S005,Pune Retail Hub,Pune,Clothing,Jeans,1298.01,2.0,20.0,2596.02,519.2,2076.82,UPI,Loyalty Member,Yes
TXN04434,2024-09-17,S004,Mumbai Metro Store,Mumbai,Stationery,Pen Box,103.73,7.0,10.0,726.11,72.61,653.5,Credit Card,Corporate,No
TXN04435,2024-09-18,S002,Banjara Hills Mart,Hyderabad,Stationery,Pen Box,98.41,6.0,5.0,590.46,29.52,560.94,UPI,Online,No
TXN04436,2024-06-14,S001,Hyderabad Central,Hyderabad,Home Appliances,Microwave,6347.95,7.0,5.0,44435.65,2221.78,42213.87,Net Banking,Online,No
TXN04437,2024-04-14,S004,Mumbai Metro Store,Mumbai,Grocery,Spices Pack,95.67,1.0,0.0,95.67,0.0,95.67,Debit Card,Corporate,No
TXN04438,2024-06-02,S001,Hyderabad Central,Hyderabad,Stationery,Pen Box,95.21,3.0,0.0,285.63,0.0,285.63,Net Banking,Walk-in,No
TXN04439,2024-02-19,S001,Hyderabad Central,Hyderabad,Stationery,File Folder,78.01,4.0,20.0,312.04,62.41,249.63,Cash,Online,No
TXN04440,2024-01-28,S002,Banjara Hills Mart,Hyderabad,Clothing,Saree,2481.06,7.0,15.0,17367.42,2605.11,14762.31,UPI,Corporate,No
TXN04441,2024-02-27,S001,Hyderabad Central,Hyderabad,Stationery,Pen Box,98.41,7.0,0.0,688.87,0.0,688.87,Cash,Walk-in,No
TXN04442,2024-12-25,S004,Mumbai Metro Store,Mumbai,Electronics,Laptop,43752.21,5.0,15.0,218761.05,32814.16,185946.89,Credit Card,Walk-in,No
TXN04443,2024-05-18,S002,Banjara Hills Mart,Hyderabad,Stationery,Calculator,389.61,1.0,0.0,389.61,0.0,389.61,Credit Card,Loyalty Member,No
TXN04444,2024-08-08,S001,Hyderabad Central,Hyderabad,Grocery,Rice (5kg),351.97,3.0,15.0,1055.91,158.39,897.52,Credit Card,Walk-in,No
TXN04445,2024-11-28,S005,Pune Retail Hub,Pune,Clothing,T-Shirt,579.84,5.0,5.0,2899.2,144.96,2754.24,Credit Card,Corporate,No
TXN04446,,S001,Hyderabad Central,Hyderabad,Home Appliances,Water Purifier,8926.83,8.0,-5.0,,,,Debit Card,Loyalty Member,No
TXN04447,2024-11-13,S001,Hyderabad Central,Hyderabad,Electronics,Mobile Phone,10017.13,8.0,10.0,80137.04,8013.7,72123.34,Cash,Loyalty Member,No
TXN04448,,S001,Hyderabad Central,Hyderabad,Stationery,Stapler,144.64,,,,,,UPI,Online,No
TXN04449,2024-07-06,S002,Banjara Hills Mart,Hyderabad,Home Appliances,Mixer Grinder,2901.62,2.0,10.0,5803.24,580.32,5222.92,Net Banking,Online,No
TXN04450,2024-05-22,S001,Hyderabad Central,Hyderabad,Grocery,Pulses,149.38,2.0,10.0,298.76,29.88,268.88,Cash,Loyalty Member,No
TXN04451,2024-01-26,S003,Chennai Express,Chennai,Electronics,Smart Watch,6209.63,5.0,0.0,31048.15,0.0,31048.15,Debit Card,Walk-in,No
TXN04452,2024-02-02,S005,Pune Retail Hub,Pune,Grocery,Pulses,142.54,4.0,0.0,570.16,0.0,570.16,Net Banking,Online,No
TXN04453,2024-11-13,S002,Banjara Hills Mart,Hyderabad,Grocery,Spices Pack,102.92,3.0,5.0,308.76,15.44,293.32,Net Banking,Corporate,No
TXN04454,,S003,Chennai Express,Chennai,Stationery,Pen Box,98.39,,,,,,Credit Card,Online,No
TXN04455,2024-06-01,S001,Hyderabad Central,Hyderabad,Home Appliances,Water Purifier,8627.07,7.0,20.0,60389.49,12077.9,48311.59,Cash,Loyalty Member,No
TXN04456,2024-11-20,S004,Mumbai Metro Store,Mumbai,Electronics,Earphones,1538.4,6.0,0.0,9230.4,0.0,9230.4,UPI,Loyalty Member,No
TXN04457,2024-04-12,S004,Mumbai Metro Store,Mumbai,Electronics,Laptop,45829.71,2.0,20.0,91659.42,18331.88,73327.54,Net Banking,Online,No
TXN04458,2024-12-07,S004,Mumbai Metro Store,Mumbai,Home Appliances,Microwave,6473.2,6.0,10.0,38839.2,3883.92,34955.28,UPI,Walk-in,No
TXN04459,2024-07-26,S005,Pune Retail Hub,Pune,Clothing,Jeans,1312.18,4.0,20.0,5248.72,1049.74,4198.98,Credit Card,Online,No
TXN04460,2024-04-25,S005,Pune Retail Hub,Pune,Grocery,Pulses,154.26,7.0,10.0,1079.82,107.98,971.84,Debit Card,Walk-in,No
TXN04461,2024-07-06,S002,Banjara Hills Mart,Hyderabad,Electronics,Laptop,47036.93,4.0,15.0,188147.72,28222.16,159925.56,Credit Card,Loyalty Member,No
TXN04462,2024-01-12,S004,Mumbai Metro Store,Mumbai,Home Appliances,Fan,1568.8,1.0,5.0,1568.8,78.44,1490.36,UPI,Online,No
TXN04463,2024-05-20,S003,Chennai Express,Chennai,Clothing,Jacket,1998.12,8.0,15.0,15984.96,2397.74,13587.22,Debit Card,Online,No
TXN04464,2024-03-20,S004,Mumbai Metro Store,Mumbai,Clothing,Jacket,1967.84,8.0,0.0,15742.72,0.0,15742.72,UPI,Corporate,No
TXN04465,,S005,Pune Retail Hub,Pune,Stationery,Stapler,146.78,8.0,,,,,Debit Card,Corporate,No
TXN04466,2024-04-10,S001,Hyderabad Central,Hyderabad,Clothing,Formal Shirt,934.56,2.0,10.0,1869.12,186.91,1682.21,Debit Card,Corporate,No
TXN04467,2024-06-08,S001,Hyderabad Central,Hyderabad,Home Appliances,Microwave,6451.22,5.0,10.0,32256.1,3225.61,29030.49,Credit Card,Online,No
TXN04468,2024-01-05,S005,Pune Retail Hub,Pune,Grocery,Cooking Oil,180.16,2.0,5.0,360.32,18.02,342.3,Credit Card,Corporate,No
TXN04469,2024-05-14,S005,Pune Retail Hub,Pune,Home Appliances,Fan,1555.71,3.0,0.0,4667.13,0.0,4667.13,Debit Card,Online,No
TXN04470,2024-03-21,S004,Mumbai Metro Store,Mumbai,Stationery,File Folder,79.97,1.0,0.0,79.97,0.0,79.97,Net Banking,Walk-in,No
TXN04471,,S003,Chennai Express,Chennai,Home Appliances,Microwave,6393.88,10.0,101.0,,,,Credit Card,Corporate,No
TXN04472,2024-07-07,S001,Hyderabad Central,Hyderabad,Grocery,Pulses,144.46,8.0,0.0,1155.68,0.0,1155.68,UPI,Corporate,No
TXN04473,2024-05-07,S001,Hyderabad Central,Hyderabad,Home Appliances,Water Purifier,8996.13,8.0,15.0,71969.04,10795.36,61173.68,Net Banking,Corporate,No
TXN04474,2024-11-08,S002,Banjara Hills Mart,Hyderabad,Stationery,Notebook Set,204.1,6.0,20.0,1224.6,244.92,979.68,Cash,Corporate,No
TXN04475,2024-04-05,S002,Banjara Hills Mart,Hyderabad,Stationery,Calculator,398.06,4.0,20.0,1592.24,318.45,1273.79,Debit Card,Online,No
TXN04476,2024-12-15,S003,Chennai Express,Chennai,Clothing,Formal Shirt,927.9,3.0,20.0,2783.7,556.74,2226.96,Net Banking,Online,No
TXN04477,2024-03-10,S004,Mumbai Metro Store,Mumbai,Home Appliances,Iron Box,938.17,1.0,10.0,938.17,93.82,844.35,Cash,Online,No
TXN04478,2024-11-27,S005,Pune Retail Hub,Pune,Electronics,Smart Watch,6166.71,3.0,20.0,18500.13,3700.03,14800.1,Cash,Corporate,No
TXN04479,2024-10-10,S001,Hyderabad Central,Hyderabad,Electronics,Smart Watch,5996.49,6.0,10.0,35978.94,3597.89,32381.05,Net Banking,Corporate,No
TXN04480,2024-08-17,S005,Pune Retail Hub,Pune,Stationery,Stapler,156.17,2.0,20.0,312.34,62.47,249.87,Credit Card,Corporate,No
TXN04481,2024-09-07,S004,Mumbai Metro Store,Mumbai,Stationery,Pen Box,99.02,5.0,15.0,495.1,74.27,420.83,Debit Card,Online,No
TXN04482,2024-05-13,S001,Hyderabad Central,Hyderabad,Stationery,Notebook Set,205.66,2.0,5.0,411.32,20.57,390.75,Credit Card,Corporate,No
TXN04483,2024-03-06,S004,Mumbai Metro Store,Mumbai,Grocery,Spices Pack,95.18,3.0,20.0,285.54,57.11,228.43,Cash,Corporate,No
TXN04484,2024-08-13,S001,Hyderabad Central,Hyderabad,Clothing,T-Shirt,574.9,8.0,5.0,4599.2,229.96,4369.24,Cash,Corporate,No
TXN04485,2024-08-24,S005,Pune Retail Hub,Pune,Clothing,Jeans,1361.72,8.0,5.0,10893.76,544.69,10349.07,Cash,Online,No
TXN04486,2024-10-10,S003,Chennai Express,Chennai,Home Appliances,Fan,1568.29,7.0,10.0,10978.03,1097.8,9880.23,Debit Card,Online,No
TXN04487,2024-04-29,S001,Hyderabad Central,Hyderabad,Electronics,Tablet,19770.0,6.0,5.0,118620.0,5931.0,112689.0,Credit Card,Walk-in,No
TXN04488,2024-09-05,S004,Mumbai Metro Store,Mumbai,Electronics,Smart Watch,5794.17,3.0,0.0,17382.51,0.0,17382.51,UPI,Loyalty Member,Yes
TXN04489,2024-06-09,S003,Chennai Express,Chennai,Electronics,Laptop,46986.58,1.0,10.0,46986.58,4698.66,42287.92,UPI,Corporate,No
TXN04490,2024-09-17,S003,Chennai Express,Chennai,Home Appliances,Iron Box,872.58,4.0,5.0,3490.32,174.52,3315.8,Credit Card,Corporate,No
TXN04491,2024-07-09,S005,Pune Retail Hub,Pune,Stationery,File Folder,76.26,2.0,20.0,152.52,30.5,122.02,UPI,Online,No
TXN04492,2024-06-09,S002,Banjara Hills Mart,Hyderabad,Grocery,Pulses,149.58,8.0,15.0,1196.64,179.5,1017.14,Net Banking,Corporate,No
TXN04493,2024-04-26,S003,Chennai Express,Chennai,Grocery,Cooking Oil,183.33,1.0,20.0,183.33,36.67,146.66,Debit Card,Loyalty Member,No
TXN04494,2024-07-23,S003,Chennai Express,Chennai,Grocery,Cooking Oil,197.3,1.0,0.0,197.3,0.0,197.3,Credit Card,Online,No
TXN04495,2024-08-28,S003,Chennai Express,Chennai,Stationery,Pen Box,98.88,1.0,5.0,98.88,4.94,93.94,Credit Card,Corporate,No
TXN04496,2024-01-02,S004,Mumbai Metro Store,Mumbai,Home Appliances,Fan,1540.55,7.0,10.0,10783.85,1078.38,9705.47,UPI,Corporate,No
TXN04497,2024-04-22,S004,Mumbai Metro Store,Mumbai,Clothing,Formal Shirt,880.83,5.0,5.0,4404.15,220.21,4183.94,Debit Card,Online,No
TXN04498,2024-05-05,S004,Mumbai Metro Store,Mumbai,Grocery,Spices Pack,96.99,7.0,15.0,678.93,101.84,577.09,Cash,Loyalty Member,No
TXN04499,2024-09-23,S005,Pune Retail Hub,Pune,Grocery,Spices Pack,99.64,6.0,0.0,597.84,0.0,597.84,Debit Card,Online,No
TXN04500,2024-12-17,S005,Pune Retail Hub,Pune,Grocery,Flour (10kg),301.99,4.0,0.0,1207.96,0.0,1207.96,Debit Card,Corporate,No
TXN04501,2024-09-18,S004,Mumbai Metro Store,Mumbai,Electronics,Mobile Phone,10275.99,6.0,0.0,61655.94,0.0,61655.94,Net Banking,Online,No
TXN04502,2024-11-14,S003,Chennai Express,Chennai,Grocery,Flour (10kg),305.79,3.0,5.0,917.37,45.87,871.5,Cash,Walk-in,No
TXN04503,2024-08-22,S004,Mumbai Metro Store,Mumbai,Clothing,Saree,2611.26,1.0,5.0,2611.26,130.56,2480.7,Cash,Loyalty Member,No
TXN04504,2024-11-11,S002,Banjara Hills Mart,Hyderabad,Stationery,Notebook Set,191.49,3.0,0.0,574.47,0.0,574.47,Net Banking,Loyalty Member,No
TXN04505,2024-07-23,S003,Chennai Express,Chennai,Grocery,Spices Pack,96.53,8.0,20.0,772.24,154.45,617.79,Net Banking,Online,No
TXN04506,2024-08-20,S001,Hyderabad Central,Hyderabad,Stationery,Stapler,141.58,2.0,10.0,283.16,28.32,254.84,UPI,Loyalty Member,Yes
TXN04507,2024-08-23,S004,Mumbai Metro Store,Mumbai,Clothing,Jacket,1991.06,6.0,10.0,11946.36,1194.64,10751.72,Debit Card,Loyalty Member,No
TXN04508,2024-07-16,S001,Hyderabad Central,Hyderabad,Stationery,Stapler,147.22,7.0,0.0,1030.54,0.0,1030.54,UPI,Online,No
TXN04509,2024-06-21,S004,Mumbai Metro Store,Mumbai,Home Appliances,Water Purifier,8831.49,6.0,5.0,52988.94,2649.45,50339.49,Net Banking,Loyalty Member,No
TXN04510,2024-11-15,S004,Mumbai Metro Store,Mumbai,Home Appliances,Water Purifier,9141.45,4.0,5.0,36565.8,1828.29,34737.51,Credit Card,Online,No
TXN04511,2024-05-06,S005,Pune Retail Hub,Pune,Home Appliances,Fan,1658.73,4.0,20.0,6634.92,1326.98,5307.94,UPI,Online,No
TXN04512,2024-09-09,S002,Banjara Hills Mart,Hyderabad,Grocery,Cooking Oil,196.79,8.0,0.0,1574.32,0.0,1574.32,Cash,Online,No
TXN04513,2024-04-16,S001,Hyderabad Central,Hyderabad,Clothing,T-Shirt,600.46,7.0,15.0,4203.22,630.48,3572.74,Credit Card,Online,No
TXN04514,2024-01-07,S003,Chennai Express,Chennai,Electronics,Mobile Phone,9562.57,4.0,10.0,38250.28,3825.03,34425.25,Cash,Loyalty Member,No
TXN04515,2024-08-22,S002,Banjara Hills Mart,Hyderabad,Home Appliances,Mixer Grinder,2703.95,4.0,20.0,10815.8,2163.16,8652.64,Net Banking,Walk-in,No
TXN04516,2024-12-25,S004,Mumbai Metro Store,Mumbai,Electronics,Earphones,1448.93,3.0,5.0,4346.79,217.34,4129.45,Net Banking,Walk-in,No
TXN04517,,S002,Banjara Hills Mart,Hyderabad,Electronics,Tablet,19115.07,1.0,-5.0,,,,Debit Card,Corporate,No
TXN04518,2024-06-03,S005,Pune Retail Hub,Pune,Home Appliances,Iron Box,889.73,2.0,15.0,1779.46,266.92,1512.54,Debit Card,Walk-in,No
TXN04519,2024-05-10,S001,Hyderabad Central,Hyderabad,Clothing,T-Shirt,594.38,2.0,15.0,1188.76,178.31,1010.45,UPI,Corporate,No
TXN04520,2024-01-21,S005,Pune Retail Hub,Pune,Electronics,Earphones,1571.2,1.0,20.0,1571.2,314.24,1256.96,Cash,Loyalty Member,No
TXN04521,2024-01-22,S005,Pune Retail Hub,Pune,Home Appliances,Water Purifier,8880.99,5.0,0.0,44404.95,0.0,44404.95,Cash,Loyalty Member,Yes
TXN04522,2024-01-15,S003,Chennai Express,Chennai,Stationery,Calculator,406.23,8.0,0.0,3249.84,0.0,3249.84,Credit Card,Online,No
TXN04523,2024-07-23,S003,Chennai Express,Chennai,Electronics,Tablet,18591.39,3.0,15.0,55774.17,8366.13,47408.04,Cash,Corporate,Yes
TXN04524,2024-07-13,S001,Hyderabad Central,Hyderabad,Electronics,Earphones,1536.14,4.0,20.0,6144.56,1228.91,4915.65,UPI,Walk-in,No
TXN04525,,S004,Mumbai Metro Store,Mumbai,Home Appliances,Iron Box,860.77,1.0,-5.0,,,,UPI,Corporate,No
TXN04526,2024-12-14,S005,Pune Retail Hub,Pune,Clothing,Jeans,1257.11,6.0,0.0,7542.66,0.0,7542.66,Net Banking,Loyalty Member,No
TXN04527,2024-09-30,S005,Pune Retail Hub,Pune,Electronics,Mobile Phone,9956.16,7.0,10.0,69693.12,6969.31,62723.81,Debit Card,Walk-in,No
TXN04528,2024-12-16,S001,Hyderabad Central,Hyderabad,Home Appliances,Fan,1659.36,1.0,20.0,1659.36,331.87,1327.49,Debit Card,Loyalty Member,No
TXN04529,2024-03-15,S001,Hyderabad Central,Hyderabad,Clothing,Jacket,1908.51,1.0,5.0,1908.51,95.43,1813.08,UPI,Walk-in,No
TXN04530,2024-08-27,S005,Pune Retail Hub,Pune,Stationery,Calculator,386.77,1.0,15.0,386.77,58.02,328.75,Debit Card,Walk-in,No
TXN04531,2024-05-07,S003,Chennai Express,Chennai,Clothing,Jeans,1283.87,6.0,10.0,7703.22,770.32,6932.9,UPI,Loyalty Member,No
TXN04532,2024-10-10,S003,Chennai Express,Chennai,Clothing,Saree,2409.04,3.0,20.0,7227.12,1445.42,5781.7,Credit Card,Loyalty Member,No
TXN04533,2024-05-25,S001,Hyderabad Central,Hyderabad,Stationery,Notebook Set,197.6,7.0,10.0,1383.2,138.32,1244.88,Debit Card,Corporate,Yes
TXN04534,2024-01-10,S001,Hyderabad Central,Hyderabad,Electronics,Mobile Phone,10359.17,8.0,5.0,82873.36,4143.67,78729.69,Cash,Loyalty Member,No
TXN04535,2024-12-15,S003,Chennai Express,Chennai,Electronics,Tablet,18987.86,4.0,20.0,75951.44,15190.29,60761.15,UPI,Loyalty Member,No
TXN04536,2024-04-27,S002,Banjara Hills Mart,Hyderabad,Grocery,Pulses,145.52,8.0,15.0,1164.16,174.62,989.54,Credit Card,Loyalty Member,Yes
TXN04537,2024-11-30,S004,Mumbai Metro Store,Mumbai,Home Appliances,Fan,1639.88,4.0,5.0,6559.52,327.98,6231.54,Debit Card,Loyalty Member,No
TXN04538,2024-03-10,S003,Chennai Express,Chennai,Home Appliances,Water Purifier,9145.27,3.0,15.0,27435.81,4115.37,23320.44,Cash,Online,No
TXN04539,2024-03-28,S001,Hyderabad Central,Hyderabad,Electronics,Smart Watch,6111.16,1.0,0.0,6111.16,0.0,6111.16,Credit Card,Loyalty Member,No
TXN04540,,S003,Chennai Express,Chennai,Stationery,File Folder,80.66,,,,,,UPI,Online,No
TXN04541,2024-01-30,S002,Banjara Hills Mart,Hyderabad,Electronics,Tablet,19407.4,8.0,0.0,155259.2,0.0,155259.2,Cash,Online,No
TXN04542,2024-11-21,S005,Pune Retail Hub,Pune,Grocery,Flour (10kg),304.93,8.0,0.0,2439.44,0.0,2439.44,UPI,Walk-in,No
TXN04543,2024-11-13,S002,Banjara Hills Mart,Hyderabad,Home Appliances,Fan,1538.48,4.0,10.0,6153.92,615.39,5538.53,Credit Card,Corporate,Yes
TXN04544,2024-08-12,S005,Pune Retail Hub,Pune,Clothing,Jacket,2098.81,4.0,10.0,8395.24,839.52,7555.72,UPI,Corporate,No
TXN04545,2024-10-20,S005,Pune Retail Hub,Pune,Clothing,Formal Shirt,935.53,3.0,15.0,2806.59,420.99,2385.6,Net Banking,Corporate,No
TXN04546,2024-09-21,S002,Banjara Hills Mart,Hyderabad,Home Appliances,Microwave,6625.91,3.0,20.0,19877.73,3975.55,15902.18,Cash,Loyalty Member,No
TXN04547,2024-12-22,S004,Mumbai Metro Store,Mumbai,Grocery,Rice (5kg),360.28,2.0,5.0,720.56,36.03,684.53,Net Banking,Online,No
TXN04548,2024-04-19,S001,Hyderabad Central,Hyderabad,Home Appliances,Mixer Grinder,2865.11,4.0,10.0,11460.44,1146.04,10314.4,Credit Card,Corporate,No
TXN04549,2024-02-29,S005,Pune Retail Hub,Pune,Electronics,Tablet,18557.68,5.0,20.0,92788.4,18557.68,74230.72,Debit Card,Corporate,No
TXN04550,2024-02-15,S002,Banjara Hills Mart,Hyderabad,Electronics,Mobile Phone,9506.59,8.0,0.0,76052.72,0.0,76052.72,Cash,Loyalty Member,No
TXN04551,2024-09-10,S001,Hyderabad Central,Hyderabad,Clothing,Saree,2439.56,3.0,10.0,7318.68,731.87,6586.81,Credit Card,Walk-in,No
TXN04552,,S003,Chennai Express,Chennai,Grocery,Spices Pack,101.93,,-5.0,,,,Cash,Online,No
TXN04553,2024-05-20,S003,Chennai Express,Chennai,Electronics,Mobile Phone,10308.73,2.0,20.0,20617.46,4123.49,16493.97,Net Banking,Walk-in,No
TXN04554,2024-06-26,S001,Hyderabad Central,Hyderabad,Grocery,Rice (5kg),360.53,7.0,0.0,2523.71,0.0,2523.71,Debit Card,Walk-in,No
TXN04555,2024-04-05,S005,Pune Retail Hub,Pune,Home Appliances,Iron Box,923.16,8.0,15.0,7385.28,1107.79,6277.49,UPI,Walk-in,No
TXN04556,2024-08-08,S004,Mumbai Metro Store,Mumbai,Electronics,Smart Watch,5776.74,1.0,5.0,5776.74,288.84,5487.9,UPI,Corporate,No
TXN04557,2024-02-24,S004,Mumbai Metro Store,Mumbai,Home Appliances,Fan,1610.16,6.0,0.0,9660.96,0.0,9660.96,Cash,Corporate,No
TXN04558,2024-05-11,S001,Hyderabad Central,Hyderabad,Home Appliances,Fan,1649.57,7.0,5.0,11546.99,577.35,10969.64,Cash,Corporate,No
TXN04559,2024-03-02,S004,Mumbai Metro Store,Mumbai,Home Appliances,Iron Box,872.38,2.0,10.0,1744.76,174.48,1570.28,Credit Card,Corporate,No
TXN04560,2024-06-04,S001,Hyderabad Central,Hyderabad,Stationery,File Folder,81.18,4.0,0.0,324.72,0.0,324.72,Credit Card,Loyalty Member,No
TXN04561,2024-05-17,S001,Hyderabad Central,Hyderabad,Clothing,Jacket,1993.26,3.0,5.0,5979.78,298.99,5680.79,Debit Card,Corporate,No
TXN04562,2024-10-06,S003,Chennai Express,Chennai,Electronics,Mobile Phone,9970.65,7.0,5.0,69794.55,3489.73,66304.82,Net Banking,Corporate,No
TXN04563,2024-09-18,S004,Mumbai Metro Store,Mumbai,Electronics,Mobile Phone,10487.64,3.0,10.0,31462.92,3146.29,28316.63,Debit Card,Loyalty Member,Yes
TXN04564,2024-02-12,S001,Hyderabad Central,Hyderabad,Clothing,T-Shirt,580.94,3.0,20.0,1742.82,348.56,1394.26,Net Banking,Loyalty Member,No
TXN04565,2024-02-16,S005,Pune Retail Hub,Pune,Grocery,Rice (5kg),333.97,7.0,20.0,2337.79,467.56,1870.23,Debit Card,Walk-in,No
TXN04566,2024-06-29,S004,Mumbai Metro Store,Mumbai,Home Appliances,Mixer Grinder,2876.33,6.0,0.0,17257.98,0.0,17257.98,Cash,Loyalty Member,No
TXN04567,2024-05-01,S004,Mumbai Metro Store,Mumbai,Electronics,Smart Watch,5993.81,7.0,0.0,41956.67,0.0,41956.67,UPI,Walk-in,Yes
TXN04568,2024-06-09,S001,Hyderabad Central,Hyderabad,Grocery,Flour (10kg),293.9,4.0,0.0,1175.6,0.0,1175.6,UPI,Loyalty Member,No
TXN04569,2024-03-11,S002,Banjara Hills Mart,Hyderabad,Electronics,Earphones,1468.13,8.0,20.0,11745.04,2349.01,9396.03,Debit Card,Loyalty Member,No
TXN04570,2024-05-22,S002,Banjara Hills Mart,Hyderabad,Electronics,Mobile Phone,10096.05,8.0,15.0,80768.4,12115.26,68653.14,UPI,Corporate,No
TXN04571,2024-08-12,S001,Hyderabad Central,Hyderabad,Stationery,Pen Box,95.06,3.0,10.0,285.18,28.52,256.66,Cash,Walk-in,No
TXN04572,2024-04-17,S004,Mumbai Metro Store,Mumbai,Home Appliances,Microwave,6779.23,4.0,5.0,27116.92,1355.85,25761.07,Credit Card,Corporate,No
TXN04573,2024-08-26,S001,Hyderabad Central,Hyderabad,Stationery,Pen Box,94.19,5.0,0.0,470.95,0.0,470.95,Net Banking,Corporate,No
TXN04574,2024-06-20,S003,Chennai Express,Chennai,Stationery,Notebook Set,201.34,7.0,20.0,1409.38,281.88,1127.5,UPI,Corporate,No
TXN04575,2024-11-24,S005,Pune Retail Hub,Pune,Electronics,Mobile Phone,9561.51,5.0,0.0,47807.55,0.0,47807.55,Debit Card,Corporate,Yes
TXN04576,2024-10-02,S005,Pune Retail Hub,Pune,Electronics,Earphones,1557.34,3.0,15.0,4672.02,700.8,3971.22,Net Banking,Walk-in,No
TXN04577,2024-10-24,S002,Banjara Hills Mart,Hyderabad,Electronics,Tablet,19358.45,5.0,5.0,96792.25,4839.61,91952.64,Credit Card,Loyalty Member,No
TXN04578,2024-03-17,S003,Chennai Express,Chennai,Grocery,Rice (5kg),354.09,1.0,15.0,354.09,53.11,300.98,Cash,Walk-in,No
TXN04579,2024-11-11,S003,Chennai Express,Chennai,Electronics,Mobile Phone,10195.45,5.0,10.0,50977.25,5097.73,45879.52,Cash,Walk-in,No
TXN04580,2024-09-19,S004,Mumbai Metro Store,Mumbai,Grocery,Rice (5kg),357.05,1.0,15.0,357.05,53.56,303.49,UPI,Online,Yes
TXN04581,2024-08-24,S005,Pune Retail Hub,Pune,Electronics,Tablet,18925.24,1.0,15.0,18925.24,2838.79,16086.45,Cash,Corporate,No
TXN04582,2024-11-10,S003,Chennai Express,Chennai,Stationery,Pen Box,102.63,6.0,10.0,615.78,61.58,554.2,Net Banking,Corporate,No
TXN04583,2024-10-05,S002,Banjara Hills Mart,Hyderabad,Stationery,Calculator,390.78,2.0,20.0,781.56,156.31,625.25,Net Banking,Corporate,No
TXN04584,2024-07-05,S001,Hyderabad Central,Hyderabad,Grocery,Rice (5kg),364.95,6.0,0.0,2189.7,0.0,2189.7,Debit Card,Walk-in,No
TXN04585,2024-11-07,S003,Chennai Express,Chennai,Clothing,T-Shirt,581.59,8.0,5.0,4652.72,232.64,4420.08,Debit Card,Loyalty Member,Yes
TXN04586,2024-06-09,S004,Mumbai Metro Store,Mumbai,Clothing,Jacket,2020.67,3.0,0.0,6062.01,0.0,6062.01,UPI,Online,No
TXN04587,2024-02-04,S002,Banjara Hills Mart,Hyderabad,Stationery,Stapler,145.4,1.0,15.0,145.4,21.81,123.59,Debit Card,Online,No
TXN04588,2024-05-05,S004,Mumbai Metro Store,Mumbai,Clothing,Saree,2483.22,4.0,0.0,9932.88,0.0,9932.88,Debit Card,Online,No
TXN04589,2024-04-21,S003,Chennai Express,Chennai,Clothing,T-Shirt,602.92,6.0,5.0,3617.52,180.88,3436.64,Debit Card,Corporate,No
TXN04590,2024-08-22,S004,Mumbai Metro Store,Mumbai,Home Appliances,Water Purifier,8611.97,3.0,20.0,25835.91,5167.18,20668.73,Debit Card,Walk-in,No
TXN04591,2024-06-21,S001,Hyderabad Central,Hyderabad,Grocery,Cooking Oil,187.49,8.0,20.0,1499.92,299.98,1199.94,UPI,Loyalty Member,No
TXN04592,2024-08-11,S001,Hyderabad Central,Hyderabad,Grocery,Flour (10kg),311.49,3.0,5.0,934.47,46.72,887.75,Credit Card,Walk-in,No
TXN04593,2024-01-05,S003,Chennai Express,Chennai,Home Appliances,Water Purifier,8880.8,3.0,20.0,26642.4,5328.48,21313.92,Cash,Walk-in,No
TXN04594,2024-09-27,S004,Mumbai Metro Store,Mumbai,Electronics,Laptop,46353.12,2.0,0.0,92706.24,0.0,92706.24,Debit Card,Loyalty Member,No
TXN04595,2024-03-29,S004,Mumbai Metro Store,Mumbai,Grocery,Cooking Oil,191.68,1.0,15.0,191.68,28.75,162.93,Credit Card,Loyalty Member,No
TXN04596,2024-02-14,S004,Mumbai Metro Store,Mumbai,Home Appliances,Iron Box,932.75,1.0,15.0,932.75,139.91,792.84,Cash,Online,No
TXN04597,2024-05-04,S003,Chennai Express,Chennai,Electronics,Mobile Phone,10050.61,5.0,0.0,50253.05,0.0,50253.05,UPI,Loyalty Member,Yes
TXN04598,2024-08-02,S004,Mumbai Metro Store,Mumbai,Home Appliances,Fan,1570.05,1.0,20.0,1570.05,314.01,1256.04,Credit Card,Online,No
TXN04599,,S004,Mumbai Metro Store,Mumbai,Stationery,Calculator,407.62,10.0,,,,,Cash,Online,Yes
TXN04600,2024-09-30,S003,Chennai Express,Chennai,Stationery,Pen Box,95.84,2.0,15.0,191.68,28.75,162.93,Debit Card,Corporate,No
TXN04601,2024-07-24,S003,Chennai Express,Chennai,Grocery,Cooking Oil,190.86,4.0,5.0,763.44,38.17,725.27,Net Banking,Walk-in,No
TXN04602,2024-12-12,S003,Chennai Express,Chennai,Clothing,Saree,2472.98,1.0,5.0,2472.98,123.65,2349.33,Debit Card,Walk-in,No
TXN04603,2024-09-29,S004,Mumbai Metro Store,Mumbai,Grocery,Spices Pack,95.81,1.0,10.0,95.81,9.58,86.23,Debit Card,Loyalty Member,No
TXN04604,2024-06-15,S003,Chennai Express,Chennai,Stationery,Calculator,407.57,7.0,5.0,2852.99,142.65,2710.34,UPI,Loyalty Member,No
TXN04605,2024-05-18,S005,Pune Retail Hub,Pune,Grocery,Cooking Oil,198.34,4.0,5.0,793.36,39.67,753.69,Cash,Corporate,No
TXN04606,2024-03-08,S005,Pune Retail Hub,Pune,Stationery,File Folder,78.73,7.0,15.0,551.11,82.67,468.44,Credit Card,Walk-in,No
TXN04607,2024-02-05,S005,Pune Retail Hub,Pune,Clothing,Jacket,1901.43,8.0,5.0,15211.44,760.57,14450.87,Debit Card,Online,Yes
TXN04608,,S001,Hyderabad Central,Hyderabad,Clothing,Formal Shirt,912.1,,-5.0,,,,UPI,Loyalty Member,No
TXN04609,2024-10-09,S002,Banjara Hills Mart,Hyderabad,Grocery,Flour (10kg),291.46,6.0,10.0,1748.76,174.88,1573.88,Net Banking,Online,No
TXN04610,,S002,Banjara Hills Mart,Hyderabad,Grocery,Flour (10kg),296.96,7.0,-5.0,,,,Credit Card,Online,No
TXN04611,2024-04-17,S002,Banjara Hills Mart,Hyderabad,Grocery,Pulses,156.36,6.0,10.0,938.16,93.82,844.34,Credit Card,Loyalty Member,No
TXN04612,2024-02-22,S004,Mumbai Metro Store,Mumbai,Stationery,Stapler,145.59,4.0,20.0,582.36,116.47,465.89,Net Banking,Loyalty Member,No
TXN04613,2024-01-02,S002,Banjara Hills Mart,Hyderabad,Stationery,Pen Box,101.81,3.0,0.0,305.43,0.0,305.43,Cash,Walk-in,No
TXN04614,,S005,Pune Retail Hub,Pune,Clothing,Formal Shirt,855.77,,,,,,Net Banking,Online,No
TXN04615,2024-03-17,S005,Pune Retail Hub,Pune,Grocery,Flour (10kg),310.75,4.0,0.0,1243.0,0.0,1243.0,Credit Card,Loyalty Member,Yes
TXN04616,2024-05-12,S002,Banjara Hills Mart,Hyderabad,Clothing,T-Shirt,626.81,3.0,0.0,1880.43,0.0,1880.43,Credit Card,Loyalty Member,No
TXN04617,2024-05-25,S001,Hyderabad Central,Hyderabad,Electronics,Mobile Phone,10035.57,7.0,15.0,70248.99,10537.35,59711.64,Credit Card,Corporate,No
TXN04618,2024-11-30,S002,Banjara Hills Mart,Hyderabad,Clothing,T-Shirt,604.21,6.0,0.0,3625.26,0.0,3625.26,Cash,Online,No
TXN04619,2024-08-10,S005,Pune Retail Hub,Pune,Electronics,Tablet,19351.45,4.0,0.0,77405.8,0.0,77405.8,Net Banking,Loyalty Member,No
TXN04620,2024-07-27,S003,Chennai Express,Chennai,Grocery,Cooking Oil,187.69,5.0,0.0,938.45,0.0,938.45,UPI,Online,No
TXN04621,2024-08-09,S004,Mumbai Metro Store,Mumbai,Grocery,Spices Pack,98.09,2.0,15.0,196.18,29.43,166.75,Cash,Online,No
TXN04622,2024-09-24,S005,Pune Retail Hub,Pune,Home Appliances,Microwave,6516.3,8.0,15.0,52130.4,7819.56,44310.84,Debit Card,Walk-in,No
TXN04623,2024-02-26,S001,Hyderabad Central,Hyderabad,Clothing,Jeans,1256.95,3.0,5.0,3770.85,188.54,3582.31,Net Banking,Walk-in,No
TXN04624,2024-02-12,S003,Chennai Express,Chennai,Electronics,Tablet,18415.27,6.0,5.0,110491.62,5524.58,104967.04,Net Banking,Online,Yes
TXN04625,2024-11-18,S002,Banjara Hills Mart,Hyderabad,Electronics,Tablet,18393.7,8.0,0.0,147149.6,0.0,147149.6,Cash,Loyalty Member,Yes
TXN04626,2024-11-01,S002,Banjara Hills Mart,Hyderabad,Clothing,Jacket,1971.5,2.0,0.0,3943.0,0.0,3943.0,Net Banking,Walk-in,No
TXN04627,2024-12-05,S001,Hyderabad Central,Hyderabad,Clothing,Jeans,1358.2,2.0,5.0,2716.4,135.82,2580.58,Debit Card,Loyalty Member,No
TXN04628,2024-06-27,S001,Hyderabad Central,Hyderabad,Clothing,Formal Shirt,901.18,2.0,15.0,1802.36,270.35,1532.01,Credit Card,Corporate,No
TXN04629,2024-01-04,S001,Hyderabad Central,Hyderabad,Clothing,T-Shirt,604.67,5.0,10.0,3023.35,302.33,2721.02,UPI,Loyalty Member,No
TXN04630,2024-12-22,S001,Hyderabad Central,Hyderabad,Electronics,Earphones,1432.87,4.0,5.0,5731.48,286.57,5444.91,Net Banking,Walk-in,No
TXN04631,2024-11-07,S005,Pune Retail Hub,Pune,Stationery,File Folder,81.56,1.0,5.0,81.56,4.08,77.48,Cash,Online,No
TXN04632,2024-09-10,S005,Pune Retail Hub,Pune,Grocery,Cooking Oil,189.03,1.0,20.0,189.03,37.81,151.22,Debit Card,Walk-in,No
TXN04633,2024-08-03,S005,Pune Retail Hub,Pune,Stationery,Stapler,152.35,2.0,20.0,304.7,60.94,243.76,Net Banking,Loyalty Member,No
TXN04634,2024-04-16,S001,Hyderabad Central,Hyderabad,Stationery,File Folder,81.51,3.0,15.0,244.53,36.68,207.85,Cash,Walk-in,No
TXN04635,2024-01-03,S005,Pune Retail Hub,Pune,Electronics,Smart Watch,5735.66,6.0,0.0,34413.96,0.0,34413.96,UPI,Loyalty Member,Yes
TXN04636,2024-01-19,S005,Pune Retail Hub,Pune,Home Appliances,Fan,1586.89,8.0,15.0,12695.12,1904.27,10790.85,Debit Card,Corporate,No
TXN04637,2024-12-23,S005,Pune Retail Hub,Pune,Clothing,T-Shirt,577.56,7.0,0.0,4042.92,0.0,4042.92,UPI,Walk-in,No
TXN04638,2024-11-02,S003,Chennai Express,Chennai,Clothing,Jeans,1299.32,4.0,20.0,5197.28,1039.46,4157.82,Credit Card,Online,No
TXN04639,2024-09-13,S005,Pune Retail Hub,Pune,Electronics,Tablet,19147.07,4.0,0.0,76588.28,0.0,76588.28,Debit Card,Walk-in,Yes
TXN04640,2024-02-28,S001,Hyderabad Central,Hyderabad,Home Appliances,Iron Box,880.82,8.0,15.0,7046.56,1056.98,5989.58,Debit Card,Loyalty Member,No
TXN04641,2024-07-29,S002,Banjara Hills Mart,Hyderabad,Electronics,Earphones,1466.04,5.0,20.0,7330.2,1466.04,5864.16,UPI,Corporate,No
TXN04642,,S002,Banjara Hills Mart,Hyderabad,Home Appliances,Fan,1677.14,2.0,101.0,,,,Cash,Online,No
TXN04643,2024-05-20,S005,Pune Retail Hub,Pune,Electronics,Smart Watch,5949.13,3.0,10.0,17847.39,1784.74,16062.65,Credit Card,Online,No
TXN04644,2024-01-04,S004,Mumbai Metro Store,Mumbai,Home Appliances,Fan,1570.76,3.0,0.0,4712.28,0.0,4712.28,Credit Card,Online,Yes
TXN04645,2024-05-27,S003,Chennai Express,Chennai,Stationery,File Folder,77.82,6.0,5.0,466.92,23.35,443.57,UPI,Loyalty Member,No
TXN04646,2024-04-24,S003,Chennai Express,Chennai,Stationery,Stapler,143.53,6.0,5.0,861.18,43.06,818.12,Credit Card,Walk-in,No
TXN04647,2024-06-29,S003,Chennai Express,Chennai,Electronics,Earphones,1461.05,4.0,0.0,5844.2,0.0,5844.2,UPI,Online,Yes
TXN04648,2024-03-14,S001,Hyderabad Central,Hyderabad,Electronics,Laptop,44687.18,1.0,0.0,44687.18,0.0,44687.18,Credit Card,Walk-in,No
TXN04649,2024-02-17,S001,Hyderabad Central,Hyderabad,Grocery,Flour (10kg),299.83,6.0,20.0,1798.98,359.8,1439.18,Net Banking,Corporate,No
TXN04650,2024-03-02,S003,Chennai Express,Chennai,Clothing,Saree,2586.01,1.0,0.0,2586.01,0.0,2586.01,Cash,Corporate,No
TXN04651,2024-05-24,S001,Hyderabad Central,Hyderabad,Electronics,Earphones,1513.62,5.0,5.0,7568.1,378.4,7189.7,Net Banking,Walk-in,No
TXN04652,2024-11-25,S001,Hyderabad Central,Hyderabad,Grocery,Pulses,148.03,1.0,20.0,148.03,29.61,118.42,Cash,Walk-in,No
TXN04653,2024-08-25,S003,Chennai Express,Chennai,Electronics,Smart Watch,6203.05,8.0,20.0,49624.4,9924.88,39699.52,Net Banking,Loyalty Member,No
TXN04654,2024-02-25,S005,Pune Retail Hub,Pune,Stationery,Pen Box,96.94,7.0,0.0,678.58,0.0,678.58,Net Banking,Walk-in,No
TXN04655,2024-06-15,S001,Hyderabad Central,Hyderabad,Stationery,Pen Box,94.74,3.0,15.0,284.22,42.63,241.59,Credit Card,Walk-in,No
TXN04656,2024-10-01,S003,Chennai Express,Chennai,Stationery,File Folder,79.29,2.0,0.0,158.58,0.0,158.58,Debit Card,Walk-in,No
TXN04657,2024-07-12,S001,Hyderabad Central,Hyderabad,Home Appliances,Iron Box,856.13,4.0,15.0,3424.52,513.68,2910.84,Net Banking,Corporate,No
TXN04658,2024-01-22,S003,Chennai Express,Chennai,Grocery,Flour (10kg),311.55,7.0,5.0,2180.85,109.04,2071.81,Credit Card,Online,No
TXN04659,2024-03-31,S003,Chennai Express,Chennai,Grocery,Cooking Oil,183.01,5.0,10.0,915.05,91.5,823.55,Debit Card,Online,Yes
TXN04660,2024-10-02,S002,Banjara Hills Mart,Hyderabad,Clothing,Jacket,1968.96,1.0,20.0,1968.96,393.79,1575.17,Debit Card,Walk-in,No
TXN04661,2024-09-16,S002,Banjara Hills Mart,Hyderabad,Grocery,Cooking Oil,195.19,6.0,5.0,1171.14,58.56,1112.58,Debit Card,Corporate,No
TXN04662,2024-12-19,S004,Mumbai Metro Store,Mumbai,Home Appliances,Mixer Grinder,2710.58,8.0,5.0,21684.64,1084.23,20600.41,UPI,Loyalty Member,No
TXN04663,,S003,Chennai Express,Chennai,Electronics,Tablet,19188.16,3.0,-5.0,,,,Cash,Corporate,No
TXN04664,2024-10-04,S002,Banjara Hills Mart,Hyderabad,Clothing,Formal Shirt,929.01,7.0,0.0,6503.07,0.0,6503.07,Debit Card,Loyalty Member,No
TXN04665,2024-09-22,S001,Hyderabad Central,Hyderabad,Grocery,Spices Pack,100.36,7.0,5.0,702.52,35.13,667.39,UPI,Corporate,No
TXN04666,2024-10-23,S002,Banjara Hills Mart,Hyderabad,Stationery,Notebook Set,194.18,2.0,0.0,388.36,0.0,388.36,UPI,Online,No
TXN04667,2024-02-26,S004,Mumbai Metro Store,Mumbai,Electronics,Smart Watch,6016.92,7.0,15.0,42118.44,6317.77,35800.67,Cash,Loyalty Member,No
TXN04668,2024-10-17,S001,Hyderabad Central,Hyderabad,Home Appliances,Iron Box,928.61,4.0,5.0,3714.44,185.72,3528.72,Cash,Corporate,No
TXN04669,2024-02-18,S005,Pune Retail Hub,Pune,Home Appliances,Mixer Grinder,2782.57,7.0,5.0,19477.99,973.9,18504.09,Debit Card,Loyalty Member,No
TXN04670,2024-10-09,S003,Chennai Express,Chennai,Clothing,Jeans,1287.73,5.0,20.0,6438.65,1287.73,5150.92,UPI,Corporate,No
TXN04671,2024-05-18,S005,Pune Retail Hub,Pune,Clothing,Saree,2443.61,1.0,15.0,2443.61,366.54,2077.07,Net Banking,Loyalty Member,No
TXN04672,2024-08-11,S002,Banjara Hills Mart,Hyderabad,Grocery,Cooking Oil,191.28,4.0,10.0,765.12,76.51,688.61,Net Banking,Corporate,No
TXN04673,2024-01-12,S004,Mumbai Metro Store,Mumbai,Grocery,Spices Pack,99.6,1.0,5.0,99.6,4.98,94.62,Cash,Online,No
TXN04674,2024-09-10,S001,Hyderabad Central,Hyderabad,Home Appliances,Water Purifier,9177.97,5.0,15.0,45889.85,6883.48,39006.37,UPI,Online,No
TXN04675,2024-02-27,S005,Pune Retail Hub,Pune,Stationery,Stapler,142.18,6.0,0.0,853.08,0.0,853.08,UPI,Loyalty Member,No
TXN04676,2024-09-30,S001,Hyderabad Central,Hyderabad,Stationery,Stapler,149.14,6.0,0.0,894.84,0.0,894.84,Net Banking,Corporate,No
TXN04677,2024-01-24,S005,Pune Retail Hub,Pune,Stationery,Pen Box,95.51,2.0,10.0,191.02,19.1,171.92,Cash,Corporate,Yes
TXN04678,2024-10-04,S003,Chennai Express,Chennai,Home Appliances,Microwave,6753.11,6.0,5.0,40518.66,2025.93,38492.73,Debit Card,Corporate,No
TXN04679,2024-02-17,S003,Chennai Express,Chennai,Stationery,Stapler,145.15,2.0,20.0,290.3,58.06,232.24,Credit Card,Corporate,No
TXN04680,2024-07-30,S005,Pune Retail Hub,Pune,Home Appliances,Fan,1530.13,4.0,15.0,6120.52,918.08,5202.44,Net Banking,Loyalty Member,No
TXN04681,2024-08-03,S003,Chennai Express,Chennai,Clothing,T-Shirt,601.26,7.0,0.0,4208.82,0.0,4208.82,Cash,Online,No
TXN04682,2024-10-20,S004,Mumbai Metro Store,Mumbai,Clothing,Formal Shirt,863.9,1.0,20.0,863.9,172.78,691.12,Cash,Loyalty Member,No
TXN04683,2024-06-19,S004,Mumbai Metro Store,Mumbai,Clothing,Saree,2422.83,2.0,5.0,4845.66,242.28,4603.38,Cash,Walk-in,No
TXN04684,2024-09-22,S005,Pune Retail Hub,Pune,Home Appliances,Mixer Grinder,2714.98,6.0,20.0,16289.88,3257.98,13031.9,Net Banking,Corporate,No
TXN04685,2024-04-02,S004,Mumbai Metro Store,Mumbai,Stationery,Notebook Set,190.26,4.0,15.0,761.04,114.16,646.88,Cash,Loyalty Member,No
TXN04686,2024-10-20,S002,Banjara Hills Mart,Hyderabad,Clothing,Saree,2571.27,8.0,20.0,20570.16,4114.03,16456.13,Cash,Walk-in,No
TXN04687,2024-12-28,S004,Mumbai Metro Store,Mumbai,Clothing,T-Shirt,607.1,4.0,0.0,2428.4,0.0,2428.4,Net Banking,Corporate,No
TXN04688,2024-06-14,S004,Mumbai Metro Store,Mumbai,Grocery,Spices Pack,100.68,1.0,20.0,100.68,20.14,80.54,Credit Card,Loyalty Member,No
TXN04689,2024-02-09,S005,Pune Retail Hub,Pune,Home Appliances,Iron Box,905.33,4.0,0.0,3621.32,0.0,3621.32,Net Banking,Walk-in,No
TXN04690,2024-12-08,S001,Hyderabad Central,Hyderabad,Electronics,Smart Watch,5732.92,7.0,20.0,40130.44,8026.09,32104.35,Cash,Loyalty Member,No
TXN04691,2024-12-28,S002,Banjara Hills Mart,Hyderabad,Stationery,Notebook Set,198.55,6.0,20.0,1191.3,238.26,953.04,Credit Card,Walk-in,No
TXN04692,2024-12-28,S005,Pune Retail Hub,Pune,Stationery,Calculator,404.28,4.0,5.0,1617.12,80.86,1536.26,Credit Card,Corporate,No
TXN04693,,S002,Banjara Hills Mart,Hyderabad,Grocery,Pulses,146.1,,-5.0,,,,UPI,Corporate,No
TXN04694,2024-09-26,S002,Banjara Hills Mart,Hyderabad,Clothing,Jacket,1950.53,7.0,5.0,13653.71,682.69,12971.02,Credit Card,Online,No
TXN04695,2024-03-06,S002,Banjara Hills Mart,Hyderabad,Grocery,Spices Pack,101.77,1.0,20.0,101.77,20.35,81.42,Net Banking,Online,No
TXN04696,2024-09-28,S005,Pune Retail Hub,Pune,Stationery,Stapler,155.8,4.0,0.0,623.2,0.0,623.2,UPI,Walk-in,Yes
TXN04697,2024-07-24,S003,Chennai Express,Chennai,Grocery,Cooking Oil,189.25,8.0,15.0,1514.0,227.1,1286.9,Net Banking,Loyalty Member,No
TXN04698,2024-09-05,S001,Hyderabad Central,Hyderabad,Home Appliances,Mixer Grinder,2855.25,1.0,10.0,2855.25,285.52,2569.73,UPI,Loyalty Member,No
TXN04699,2024-04-13,S001,Hyderabad Central,Hyderabad,Electronics,Tablet,18969.4,2.0,5.0,37938.8,1896.94,36041.86,UPI,Walk-in,No
TXN04700,2024-01-04,S003,Chennai Express,Chennai,Clothing,Jacket,1993.26,4.0,15.0,7973.04,1195.96,6777.08,UPI,Online,No
TXN04701,2024-05-31,S002,Banjara Hills Mart,Hyderabad,Stationery,File Folder,79.02,5.0,20.0,395.1,79.02,316.08,Debit Card,Corporate,No
TXN04702,2024-02-01,S002,Banjara Hills Mart,Hyderabad,Clothing,Jeans,1243.17,8.0,5.0,9945.36,497.27,9448.09,Net Banking,Walk-in,No
TXN04703,2024-04-15,S003,Chennai Express,Chennai,Electronics,Smart Watch,5912.44,3.0,10.0,17737.32,1773.73,15963.59,Net Banking,Walk-in,No
TXN04704,2024-05-02,S001,Hyderabad Central,Hyderabad,Clothing,Jeans,1361.32,3.0,15.0,4083.96,612.59,3471.37,Cash,Corporate,No
TXN04705,2024-06-27,S001,Hyderabad Central,Hyderabad,Home Appliances,Mixer Grinder,2776.83,7.0,20.0,19437.81,3887.56,15550.25,UPI,Loyalty Member,No
TXN04706,2024-07-19,S001,Hyderabad Central,Hyderabad,Stationery,Pen Box,100.53,3.0,5.0,301.59,15.08,286.51,UPI,Loyalty Member,No
TXN04707,2024-07-08,S005,Pune Retail Hub,Pune,Electronics,Earphones,1528.71,5.0,15.0,7643.55,1146.53,6497.02,Credit Card,Loyalty Member,No
TXN04708,2024-04-12,S003,Chennai Express,Chennai,Clothing,Formal Shirt,875.04,7.0,20.0,6125.28,1225.06,4900.22,UPI,Corporate,No
TXN04709,2024-03-04,S003,Chennai Express,Chennai,Grocery,Flour (10kg),298.77,5.0,15.0,1493.85,224.08,1269.77,Debit Card,Walk-in,No
TXN04710,2024-09-09,S002,Banjara Hills Mart,Hyderabad,Home Appliances,Fan,1637.62,7.0,0.0,11463.34,0.0,11463.34,Cash,Walk-in,No
TXN04711,2024-04-11,S005,Pune Retail Hub,Pune,Home Appliances,Microwave,6634.92,8.0,20.0,53079.36,10615.87,42463.49,Debit Card,Walk-in,No
TXN04712,2024-01-17,S004,Mumbai Metro Store,Mumbai,Stationery,Stapler,151.01,3.0,10.0,453.03,45.3,407.73,Debit Card,Corporate,No
TXN04713,2024-02-02,S002,Banjara Hills Mart,Hyderabad,Clothing,Jeans,1346.34,3.0,5.0,4039.02,201.95,3837.07,Debit Card,Online,No
TXN04714,2024-03-12,S002,Banjara Hills Mart,Hyderabad,Electronics,Tablet,19178.85,4.0,10.0,76715.4,7671.54,69043.86,Debit Card,Loyalty Member,Yes
TXN04715,2024-08-23,S002,Banjara Hills Mart,Hyderabad,Stationery,Notebook Set,203.31,6.0,20.0,1219.86,243.97,975.89,Net Banking,Walk-in,No
TXN04716,2024-04-30,S003,Chennai Express,Chennai,Stationery,Notebook Set,195.56,2.0,5.0,391.12,19.56,371.56,Net Banking,Corporate,No
TXN04717,2024-09-22,S002,Banjara Hills Mart,Hyderabad,Grocery,Rice (5kg),353.34,7.0,15.0,2473.38,371.01,2102.37,Debit Card,Online,No
TXN04718,,S001,Hyderabad Central,Hyderabad,Grocery,Flour (10kg),286.2,,,,,,UPI,Corporate,No
TXN04719,2024-09-04,S001,Hyderabad Central,Hyderabad,Clothing,Jacket,1931.01,1.0,10.0,1931.01,193.1,1737.91,Cash,Corporate,No
TXN04720,2024-06-15,S001,Hyderabad Central,Hyderabad,Home Appliances,Water Purifier,8800.08,5.0,10.0,44000.4,4400.04,39600.36,Net Banking,Loyalty Member,No
TXN04721,2024-12-22,S004,Mumbai Metro Store,Mumbai,Grocery,Flour (10kg),310.37,2.0,20.0,620.74,124.15,496.59,UPI,Corporate,No
TXN04722,2024-02-10,S005,Pune Retail Hub,Pune,Clothing,Formal Shirt,896.36,5.0,10.0,4481.8,448.18,4033.62,UPI,Online,No
TXN04723,2024-12-21,S003,Chennai Express,Chennai,Home Appliances,Microwave,6660.54,2.0,15.0,13321.08,1998.16,11322.92,Net Banking,Loyalty Member,No
TXN04724,2024-04-11,S001,Hyderabad Central,Hyderabad,Stationery,File Folder,76.0,1.0,20.0,76.0,15.2,60.8,Cash,Corporate,No
TXN04725,2024-12-06,S005,Pune Retail Hub,Pune,Clothing,T-Shirt,594.96,7.0,5.0,4164.72,208.24,3956.48,Cash,Corporate,Yes
TXN04726,2024-02-02,S002,Banjara Hills Mart,Hyderabad,Clothing,Jacket,1995.69,3.0,20.0,5987.07,1197.41,4789.66,Cash,Online,No
TXN04727,2024-02-25,S001,Hyderabad Central,Hyderabad,Grocery,Cooking Oil,185.91,8.0,10.0,1487.28,148.73,1338.55,Net Banking,Online,No
TXN04728,2024-01-09,S003,Chennai Express,Chennai,Clothing,Jacket,1968.18,7.0,5.0,13777.26,688.86,13088.4,Credit Card,Corporate,No
TXN04729,2024-03-12,S003,Chennai Express,Chennai,Electronics,Tablet,19241.57,5.0,0.0,96207.85,0.0,96207.85,Net Banking,Corporate,No
TXN04730,2024-02-12,S005,Pune Retail Hub,Pune,Electronics,Tablet,19217.62,6.0,0.0,115305.72,0.0,115305.72,Cash,Online,No
TXN04731,2024-12-30,S002,Banjara Hills Mart,Hyderabad,Stationery,File Folder,75.76,3.0,0.0,227.28,0.0,227.28,Net Banking,Walk-in,No
TXN04732,2024-11-12,S001,Hyderabad Central,Hyderabad,Stationery,Calculator,403.78,5.0,15.0,2018.9,302.83,1716.07,Cash,Online,No
TXN04733,2024-06-21,S003,Chennai Express,Chennai,Grocery,Rice (5kg),349.49,3.0,10.0,1048.47,104.85,943.62,Cash,Walk-in,No
TXN04734,2024-06-24,S005,Pune Retail Hub,Pune,Grocery,Flour (10kg),299.99,7.0,20.0,2099.93,419.99,1679.94,Debit Card,Loyalty Member,No
TXN04735,2024-05-09,S001,Hyderabad Central,Hyderabad,Electronics,Earphones,1442.39,4.0,15.0,5769.56,865.43,4904.13,UPI,Walk-in,No
TXN04736,2024-03-28,S005,Pune Retail Hub,Pune,Grocery,Spices Pack,94.72,6.0,5.0,568.32,28.42,539.9,Cash,Corporate,No
TXN04737,2024-11-14,S004,Mumbai Metro Store,Mumbai,Grocery,Rice (5kg),332.3,5.0,10.0,1661.5,166.15,1495.35,Credit Card,Online,Yes
TXN04738,2024-07-17,S004,Mumbai Metro Store,Mumbai,Stationery,File Folder,80.79,3.0,5.0,242.37,12.12,230.25,Cash,Corporate,No
TXN04739,2024-06-10,S004,Mumbai Metro Store,Mumbai,Stationery,Calculator,396.59,5.0,20.0,1982.95,396.59,1586.36,Net Banking,Online,No
TXN04740,2024-12-18,S001,Hyderabad Central,Hyderabad,Electronics,Earphones,1497.42,8.0,5.0,11979.36,598.97,11380.39,Cash,Online,No
TXN04741,2024-04-14,S004,Mumbai Metro Store,Mumbai,Clothing,Jacket,1982.39,8.0,15.0,15859.12,2378.87,13480.25,UPI,Walk-in,Yes
TXN04742,2024-08-27,S001,Hyderabad Central,Hyderabad,Stationery,Notebook Set,191.21,7.0,15.0,1338.47,200.77,1137.7,UPI,Loyalty Member,No
TXN04743,2024-02-22,S001,Hyderabad Central,Hyderabad,Clothing,Jeans,1360.69,8.0,15.0,10885.52,1632.83,9252.69,Credit Card,Online,No
TXN04744,,S002,Banjara Hills Mart,Hyderabad,Grocery,Rice (5kg),349.96,,101.0,,,,UPI,Loyalty Member,No
TXN04745,2024-03-06,S001,Hyderabad Central,Hyderabad,Stationery,Pen Box,100.84,3.0,15.0,302.52,45.38,257.14,Debit Card,Walk-in,No
TXN04746,2024-01-25,S002,Banjara Hills Mart,Hyderabad,Stationery,Pen Box,103.34,4.0,15.0,413.36,62.0,351.36,Debit Card,Loyalty Member,No
TXN04747,2024-09-01,S003,Chennai Express,Chennai,Clothing,Jeans,1269.2,5.0,15.0,6346.0,951.9,5394.1,UPI,Walk-in,No
TXN04748,2024-09-07,S005,Pune Retail Hub,Pune,Stationery,Notebook Set,200.3,5.0,0.0,1001.5,0.0,1001.5,UPI,Walk-in,No
TXN04749,2024-09-24,S002,Banjara Hills Mart,Hyderabad,Home Appliances,Water Purifier,9115.47,6.0,10.0,54692.82,5469.28,49223.54,Credit Card,Loyalty Member,No
TXN04750,2024-01-22,S005,Pune Retail Hub,Pune,Grocery,Cooking Oil,180.58,6.0,0.0,1083.48,0.0,1083.48,Debit Card,Corporate,No
TXN04751,2024-04-09,S003,Chennai Express,Chennai,Home Appliances,Mixer Grinder,2714.7,4.0,20.0,10858.8,2171.76,8687.04,UPI,Walk-in,No
TXN04752,2024-10-01,S005,Pune Retail Hub,Pune,Home Appliances,Iron Box,898.3,7.0,5.0,6288.1,314.4,5973.7,UPI,Loyalty Member,No
TXN04753,2024-12-20,S005,Pune Retail Hub,Pune,Home Appliances,Fan,1591.67,2.0,5.0,3183.34,159.17,3024.17,Net Banking,Corporate,No
TXN04754,,S001,Hyderabad Central,Hyderabad,Clothing,T-Shirt,604.08,9.0,,,,,UPI,Corporate,No
TXN04755,2024-11-20,S003,Chennai Express,Chennai,Stationery,File Folder,76.95,3.0,15.0,230.85,34.63,196.22,Net Banking,Walk-in,No
TXN04756,2024-01-06,S002,Banjara Hills Mart,Hyderabad,Grocery,Rice (5kg),349.15,6.0,15.0,2094.9,314.24,1780.66,Credit Card,Loyalty Member,No
TXN04757,2024-12-24,S003,Chennai Express,Chennai,Grocery,Cooking Oil,197.69,5.0,5.0,988.45,49.42,939.03,UPI,Online,No
TXN04758,2024-02-08,S001,Hyderabad Central,Hyderabad,Grocery,Pulses,141.71,5.0,10.0,708.55,70.86,637.69,Net Banking,Online,No
TXN04759,2024-09-14,S003,Chennai Express,Chennai,Clothing,Saree,2544.89,4.0,15.0,10179.56,1526.93,8652.63,UPI,Walk-in,No
TXN04760,2024-07-07,S005,Pune Retail Hub,Pune,Grocery,Spices Pack,95.26,1.0,0.0,95.26,0.0,95.26,UPI,Online,No
TXN04761,2024-02-10,S001,Hyderabad Central,Hyderabad,Home Appliances,Microwave,6402.31,4.0,5.0,25609.24,1280.46,24328.78,Credit Card,Walk-in,No
TXN04762,2024-05-01,S004,Mumbai Metro Store,Mumbai,Clothing,Jeans,1314.92,2.0,10.0,2629.84,262.98,2366.86,Cash,Online,No
TXN04763,2024-11-14,S004,Mumbai Metro Store,Mumbai,Home Appliances,Mixer Grinder,2871.62,4.0,0.0,11486.48,0.0,11486.48,Credit Card,Online,No
TXN04764,2024-01-23,S002,Banjara Hills Mart,Hyderabad,Clothing,Jeans,1273.49,8.0,20.0,10187.92,2037.58,8150.34,Net Banking,Online,No
TXN04765,2024-12-14,S003,Chennai Express,Chennai,Clothing,Jeans,1252.59,7.0,0.0,8768.13,0.0,8768.13,UPI,Corporate,No
TXN04766,2024-06-23,S005,Pune Retail Hub,Pune,Clothing,Jacket,1974.47,5.0,20.0,9872.35,1974.47,7897.88,Credit Card,Loyalty Member,No
TXN04767,2024-10-07,S003,Chennai Express,Chennai,Grocery,Spices Pack,95.55,5.0,0.0,477.75,0.0,477.75,Cash,Online,No
TXN04768,2024-09-18,S005,Pune Retail Hub,Pune,Clothing,Jeans,1244.63,2.0,5.0,2489.26,124.46,2364.8,Cash,Online,Yes
TXN04769,2024-04-05,S001,Hyderabad Central,Hyderabad,Clothing,Jacket,2097.01,1.0,15.0,2097.01,314.55,1782.46,Debit Card,Walk-in,No
TXN04770,2024-12-26,S003,Chennai Express,Chennai,Electronics,Laptop,46654.65,8.0,20.0,373237.2,74647.44,298589.76,Debit Card,Loyalty Member,No
TXN04771,2024-07-14,S004,Mumbai Metro Store,Mumbai,Grocery,Rice (5kg),362.43,3.0,20.0,1087.29,217.46,869.83,UPI,Loyalty Member,No
TXN04772,2024-12-21,S005,Pune Retail Hub,Pune,Clothing,Formal Shirt,885.21,8.0,5.0,7081.68,354.08,6727.6,Debit Card,Loyalty Member,No
TXN04773,2024-06-28,S002,Banjara Hills Mart,Hyderabad,Electronics,Laptop,43953.21,3.0,15.0,131859.63,19778.94,112080.69,Cash,Loyalty Member,No
TXN04774,2024-08-01,S002,Banjara Hills Mart,Hyderabad,Clothing,Jacket,1927.73,8.0,20.0,15421.84,3084.37,12337.47,Debit Card,Loyalty Member,No
TXN04775,2024-08-15,S001,Hyderabad Central,Hyderabad,Electronics,Mobile Phone,10448.43,4.0,20.0,41793.72,8358.74,33434.98,Cash,Online,No
TXN04776,2024-03-23,S003,Chennai Express,Chennai,Home Appliances,Fan,1654.2,5.0,20.0,8271.0,1654.2,6616.8,Net Banking,Corporate,No
TXN04777,2024-03-28,S001,Hyderabad Central,Hyderabad,Home Appliances,Mixer Grinder,2819.87,4.0,20.0,11279.48,2255.9,9023.58,UPI,Walk-in,Yes
TXN04778,2024-06-20,S003,Chennai Express,Chennai,Home Appliances,Fan,1664.45,5.0,15.0,8322.25,1248.34,7073.91,Cash,Corporate,No
TXN04779,2024-09-28,S002,Banjara Hills Mart,Hyderabad,Grocery,Pulses,155.62,2.0,15.0,311.24,46.69,264.55,UPI,Walk-in,No
TXN04780,2024-01-03,S002,Banjara Hills Mart,Hyderabad,Stationery,Calculator,383.51,5.0,20.0,1917.55,383.51,1534.04,Net Banking,Walk-in,No
TXN04781,2024-11-20,S002,Banjara Hills Mart,Hyderabad,Electronics,Tablet,19869.9,7.0,10.0,139089.3,13908.93,125180.37,Debit Card,Online,No
TXN04782,2024-08-01,S005,Pune Retail Hub,Pune,Stationery,File Folder,78.51,2.0,5.0,157.02,7.85,149.17,Debit Card,Online,No
TXN04783,2024-02-23,S002,Banjara Hills Mart,Hyderabad,Stationery,Notebook Set,205.6,7.0,0.0,1439.2,0.0,1439.2,Net Banking,Corporate,No
TXN04784,2024-06-19,S004,Mumbai Metro Store,Mumbai,Clothing,Jacket,2066.77,4.0,20.0,8267.08,1653.42,6613.66,Credit Card,Walk-in,No
TXN04785,2024-11-05,S004,Mumbai Metro Store,Mumbai,Electronics,Laptop,44766.01,2.0,10.0,89532.02,8953.2,80578.82,UPI,Corporate,Yes
TXN04786,2024-04-17,S005,Pune Retail Hub,Pune,Clothing,Jacket,2030.61,5.0,5.0,10153.05,507.65,9645.4,Net Banking,Walk-in,No
TXN04787,2024-12-10,S004,Mumbai Metro Store,Mumbai,Electronics,Smart Watch,6044.78,3.0,20.0,18134.34,3626.87,14507.47,UPI,Corporate,No
TXN04788,2024-10-28,S002,Banjara Hills Mart,Hyderabad,Clothing,Saree,2513.61,4.0,0.0,10054.44,0.0,10054.44,Debit Card,Walk-in,No
TXN04789,2024-11-10,S002,Banjara Hills Mart,Hyderabad,Home Appliances,Water Purifier,9236.53,3.0,20.0,27709.59,5541.92,22167.67,Cash,Loyalty Member,No
TXN04790,2024-11-21,S003,Chennai Express,Chennai,Grocery,Cooking Oil,187.06,7.0,10.0,1309.42,130.94,1178.48,Credit Card,Corporate,No
TXN04791,2024-12-28,S004,Mumbai Metro Store,Mumbai,Clothing,Saree,2559.94,7.0,20.0,17919.58,3583.92,14335.66,Debit Card,Online,No
TXN04792,2024-06-04,S001,Hyderabad Central,Hyderabad,Grocery,Spices Pack,95.24,4.0,10.0,380.96,38.1,342.86,UPI,Walk-in,No
TXN04793,2024-11-21,S002,Banjara Hills Mart,Hyderabad,Stationery,Stapler,156.26,2.0,10.0,312.52,31.25,281.27,Debit Card,Loyalty Member,Yes
TXN04794,2024-05-24,S004,Mumbai Metro Store,Mumbai,Clothing,Formal Shirt,898.81,3.0,0.0,2696.43,0.0,2696.43,Credit Card,Loyalty Member,No
TXN04795,2024-10-18,S004,Mumbai Metro Store,Mumbai,Grocery,Spices Pack,101.46,3.0,10.0,304.38,30.44,273.94,Debit Card,Online,No
TXN04796,2024-12-27,S001,Hyderabad Central,Hyderabad,Home Appliances,Iron Box,912.97,6.0,10.0,5477.82,547.78,4930.04,Debit Card,Online,No
TXN04797,2024-05-10,S002,Banjara Hills Mart,Hyderabad,Grocery,Cooking Oil,182.61,7.0,10.0,1278.27,127.83,1150.44,Credit Card,Loyalty Member,No
TXN04798,2024-07-26,S002,Banjara Hills Mart,Hyderabad,Clothing,Jeans,1298.48,6.0,15.0,7790.88,1168.63,6622.25,Cash,Loyalty Member,No
TXN04799,2024-08-10,S005,Pune Retail Hub,Pune,Stationery,Stapler,151.37,3.0,0.0,454.11,0.0,454.11,Credit Card,Walk-in,No
TXN04800,2024-08-22,S004,Mumbai Metro Store,Mumbai,Electronics,Earphones,1441.11,7.0,0.0,10087.77,0.0,10087.77,Credit Card,Online,No
TXN04801,2024-05-11,S004,Mumbai Metro Store,Mumbai,Clothing,Jeans,1262.58,1.0,20.0,1262.58,252.52,1010.06,UPI,Loyalty Member,No
TXN04802,2024-01-24,S004,Mumbai Metro Store,Mumbai,Clothing,Jacket,2077.78,1.0,15.0,2077.78,311.67,1766.11,Net Banking,Loyalty Member,No
TXN04803,2024-12-09,S005,Pune Retail Hub,Pune,Stationery,File Folder,77.46,2.0,15.0,154.92,23.24,131.68,UPI,Loyalty Member,No
TXN04804,2024-06-07,S003,Chennai Express,Chennai,Home Appliances,Mixer Grinder,2709.02,3.0,0.0,8127.06,0.0,8127.06,Net Banking,Corporate,No
TXN04805,2024-11-29,S002,Banjara Hills Mart,Hyderabad,Grocery,Pulses,143.29,6.0,5.0,859.74,42.99,816.75,Credit Card,Loyalty Member,No
TXN04806,2024-06-10,S003,Chennai Express,Chennai,Electronics,Laptop,47941.58,1.0,10.0,47941.58,4794.16,43147.42,Credit Card,Loyalty Member,No
TXN04807,2024-06-15,S003,Chennai Express,Chennai,Home Appliances,Water Purifier,8905.52,4.0,5.0,35622.08,1781.1,33840.98,UPI,Loyalty Member,No
TXN04808,2024-03-22,S001,Hyderabad Central,Hyderabad,Clothing,T-Shirt,623.94,7.0,5.0,4367.58,218.38,4149.2,Debit Card,Corporate,No
TXN04809,2024-11-14,S004,Mumbai Metro Store,Mumbai,Home Appliances,Microwave,6440.8,5.0,15.0,32204.0,4830.6,27373.4,Cash,Loyalty Member,No
TXN04810,2024-07-23,S001,Hyderabad Central,Hyderabad,Grocery,Cooking Oil,194.82,6.0,0.0,1168.92,0.0,1168.92,Credit Card,Loyalty Member,No
TXN04811,2024-08-06,S002,Banjara Hills Mart,Hyderabad,Clothing,Jeans,1346.6,7.0,20.0,9426.2,1885.24,7540.96,Cash,Walk-in,No
TXN04812,2024-07-08,S005,Pune Retail Hub,Pune,Electronics,Tablet,19040.08,8.0,5.0,152320.64,7616.03,144704.61,Net Banking,Walk-in,No
TXN04813,2024-07-10,S004,Mumbai Metro Store,Mumbai,Home Appliances,Mixer Grinder,2723.91,5.0,20.0,13619.55,2723.91,10895.64,Credit Card,Online,No
TXN04814,2024-09-20,S005,Pune Retail Hub,Pune,Electronics,Laptop,47934.61,8.0,5.0,383476.88,19173.84,364303.04,Cash,Loyalty Member,No
TXN04815,2024-11-27,S004,Mumbai Metro Store,Mumbai,Clothing,Formal Shirt,933.29,6.0,20.0,5599.74,1119.95,4479.79,Net Banking,Corporate,No
TXN04816,2024-09-10,S003,Chennai Express,Chennai,Grocery,Pulses,149.12,6.0,10.0,894.72,89.47,805.25,UPI,Walk-in,No
TXN04817,2024-08-11,S005,Pune Retail Hub,Pune,Stationery,Stapler,152.72,7.0,10.0,1069.04,106.9,962.14,Debit Card,Online,No
TXN04818,2024-11-23,S001,Hyderabad Central,Hyderabad,Clothing,Jeans,1242.19,8.0,5.0,9937.52,496.88,9440.64,Credit Card,Corporate,No
TXN04819,2024-10-18,S005,Pune Retail Hub,Pune,Clothing,Jeans,1235.43,2.0,15.0,2470.86,370.63,2100.23,Net Banking,Walk-in,No
TXN04820,2024-12-12,S005,Pune Retail Hub,Pune,Electronics,Mobile Phone,9750.52,1.0,10.0,9750.52,975.05,8775.47,Net Banking,Walk-in,No
TXN04821,2024-05-23,S004,Mumbai Metro Store,Mumbai,Stationery,Notebook Set,205.7,5.0,5.0,1028.5,51.42,977.08,Credit Card,Corporate,No
TXN04822,2024-10-12,S002,Banjara Hills Mart,Hyderabad,Home Appliances,Mixer Grinder,2706.03,6.0,20.0,16236.18,3247.24,12988.94,Credit Card,Walk-in,No
TXN04823,2024-05-13,S005,Pune Retail Hub,Pune,Home Appliances,Fan,1519.4,4.0,10.0,6077.6,607.76,5469.84,UPI,Loyalty Member,No
TXN04824,2024-05-20,S004,Mumbai Metro Store,Mumbai,Clothing,Jeans,1293.45,2.0,5.0,2586.9,129.34,2457.56,UPI,Corporate,No
TXN04825,2024-07-19,S004,Mumbai Metro Store,Mumbai,Electronics,Tablet,18329.18,1.0,10.0,18329.18,1832.92,16496.26,UPI,Online,No
TXN04826,2024-05-09,S001,Hyderabad Central,Hyderabad,Grocery,Pulses,152.09,5.0,10.0,760.45,76.05,684.4,Credit Card,Online,Yes
TXN04827,,S003,Chennai Express,Chennai,Electronics,Laptop,44762.64,5.0,,,,,Credit Card,Corporate,No
TXN04828,2024-10-12,S001,Hyderabad Central,Hyderabad,Clothing,Formal Shirt,909.91,7.0,5.0,6369.37,318.47,6050.9,UPI,Loyalty Member,No
TXN04829,2024-11-08,S003,Chennai Express,Chennai,Stationery,Pen Box,94.18,7.0,20.0,659.26,131.85,527.41,Credit Card,Walk-in,No
TXN04830,2024-02-07,S004,Mumbai Metro Store,Mumbai,Stationery,Stapler,145.6,4.0,10.0,582.4,58.24,524.16,Debit Card,Corporate,No
TXN04831,2024-08-15,S003,Chennai Express,Chennai,Electronics,Laptop,47208.83,4.0,10.0,188835.32,18883.53,169951.79,Cash,Corporate,No
TXN04832,2024-05-14,S004,Mumbai Metro Store,Mumbai,Grocery,Cooking Oil,181.96,6.0,10.0,1091.76,109.18,982.58,Debit Card,Online,No
TXN04833,2024-12-13,S001,Hyderabad Central,Hyderabad,Home Appliances,Iron Box,874.91,6.0,5.0,5249.46,262.47,4986.99,Debit Card,Corporate,No
TXN04834,2024-12-03,S002,Banjara Hills Mart,Hyderabad,Clothing,Jeans,1343.43,5.0,0.0,6717.15,0.0,6717.15,UPI,Loyalty Member,No
TXN04835,2024-05-22,S004,Mumbai Metro Store,Mumbai,Home Appliances,Fan,1625.83,2.0,15.0,3251.66,487.75,2763.91,Debit Card,Online,No
TXN04836,2024-01-16,S004,Mumbai Metro Store,Mumbai,Stationery,Pen Box,99.71,3.0,10.0,299.13,29.91,269.22,UPI,Loyalty Member,No
TXN04837,2024-05-03,S003,Chennai Express,Chennai,Home Appliances,Water Purifier,8721.53,6.0,15.0,52329.18,7849.38,44479.8,Debit Card,Loyalty Member,No
TXN04838,2024-05-30,S005,Pune Retail Hub,Pune,Clothing,Jeans,1326.04,4.0,5.0,5304.16,265.21,5038.95,UPI,Online,No
TXN04839,2024-01-06,S005,Pune Retail Hub,Pune,Clothing,Jeans,1286.14,5.0,15.0,6430.7,964.61,5466.09,Credit Card,Loyalty Member,No
TXN04840,,S001,Hyderabad Central,Hyderabad,Home Appliances,Water Purifier,8641.79,,101.0,,,,Debit Card,Walk-in,No
TXN04841,2024-12-15,S005,Pune Retail Hub,Pune,Clothing,Jacket,1968.38,8.0,10.0,15747.04,1574.7,14172.34,Debit Card,Loyalty Member,No
TXN04842,2024-08-07,S005,Pune Retail Hub,Pune,Clothing,Jacket,2051.1,7.0,10.0,14357.7,1435.77,12921.93,Net Banking,Loyalty Member,No
TXN04843,2024-09-30,S002,Banjara Hills Mart,Hyderabad,Home Appliances,Mixer Grinder,2864.41,5.0,20.0,14322.05,2864.41,11457.64,Debit Card,Loyalty Member,No
TXN04844,2024-05-01,S005,Pune Retail Hub,Pune,Home Appliances,Fan,1582.82,1.0,10.0,1582.82,158.28,1424.54,Debit Card,Online,No
TXN04845,,S005,Pune Retail Hub,Pune,Electronics,Tablet,19552.0,,-5.0,,,,Debit Card,Corporate,No
TXN04846,2024-04-29,S002,Banjara Hills Mart,Hyderabad,Clothing,Saree,2420.39,3.0,5.0,7261.17,363.06,6898.11,Credit Card,Loyalty Member,No
TXN04847,2024-02-21,S005,Pune Retail Hub,Pune,Electronics,Laptop,47191.7,4.0,15.0,188766.8,28315.02,160451.78,Net Banking,Online,No
TXN04848,2024-04-27,S002,Banjara Hills Mart,Hyderabad,Grocery,Cooking Oil,188.1,3.0,20.0,564.3,112.86,451.44,Credit Card,Corporate,No
TXN04849,2024-05-24,S001,Hyderabad Central,Hyderabad,Clothing,Formal Shirt,882.12,4.0,20.0,3528.48,705.7,2822.78,Debit Card,Loyalty Member,No
TXN04850,2024-11-03,S005,Pune Retail Hub,Pune,Electronics,Mobile Phone,10096.09,2.0,5.0,20192.18,1009.61,19182.57,UPI,Corporate,No
TXN04851,2024-01-14,S002,Banjara Hills Mart,Hyderabad,Electronics,Tablet,19415.55,4.0,20.0,77662.2,15532.44,62129.76,UPI,Corporate,No
TXN04852,2024-04-16,S002,Banjara Hills Mart,Hyderabad,Home Appliances,Microwave,6719.61,3.0,5.0,20158.83,1007.94,19150.89,Cash,Walk-in,No
TXN04853,2024-06-08,S003,Chennai Express,Chennai,Home Appliances,Water Purifier,8787.42,1.0,20.0,8787.42,1757.48,7029.94,Net Banking,Corporate,No
TXN04854,2024-02-24,S001,Hyderabad Central,Hyderabad,Stationery,File Folder,81.25,7.0,5.0,568.75,28.44,540.31,Debit Card,Loyalty Member,No
TXN04855,2024-01-04,S002,Banjara Hills Mart,Hyderabad,Grocery,Spices Pack,102.49,2.0,20.0,204.98,41.0,163.98,Net Banking,Loyalty Member,No
TXN04856,2024-08-07,S005,Pune Retail Hub,Pune,Stationery,Calculator,387.2,3.0,10.0,1161.6,116.16,1045.44,Cash,Loyalty Member,No
TXN04857,2024-08-10,S001,Hyderabad Central,Hyderabad,Clothing,T-Shirt,605.73,4.0,5.0,2422.92,121.15,2301.77,Net Banking,Corporate,No
TXN04858,2024-03-18,S002,Banjara Hills Mart,Hyderabad,Grocery,Cooking Oil,191.42,6.0,15.0,1148.52,172.28,976.24,Cash,Corporate,No
TXN04859,2024-09-25,S003,Chennai Express,Chennai,Stationery,Pen Box,102.99,6.0,5.0,617.94,30.9,587.04,Net Banking,Loyalty Member,Yes
TXN04860,2024-03-07,S005,Pune Retail Hub,Pune,Grocery,Rice (5kg),355.58,1.0,10.0,355.58,35.56,320.02,Debit Card,Online,No
TXN04861,2024-06-23,S002,Banjara Hills Mart,Hyderabad,Stationery,File Folder,82.68,7.0,15.0,578.76,86.81,491.95,Credit Card,Walk-in,No
TXN04862,2024-06-14,S005,Pune Retail Hub,Pune,Home Appliances,Mixer Grinder,2772.49,8.0,20.0,22179.92,4435.98,17743.94,Debit Card,Online,Yes
TXN04863,2024-01-15,S001,Hyderabad Central,Hyderabad,Electronics,Earphones,1516.77,7.0,0.0,10617.39,0.0,10617.39,Cash,Online,No
TXN04864,2024-05-07,S005,Pune Retail Hub,Pune,Stationery,Notebook Set,202.32,2.0,10.0,404.64,40.46,364.18,Net Banking,Walk-in,No
TXN04865,2024-05-02,S005,Pune Retail Hub,Pune,Grocery,Cooking Oil,192.8,3.0,15.0,578.4,86.76,491.64,Cash,Online,No
TXN04866,2024-07-04,S004,Mumbai Metro Store,Mumbai,Home Appliances,Fan,1539.85,2.0,10.0,3079.7,307.97,2771.73,Credit Card,Loyalty Member,No
TXN04867,2024-03-21,S002,Banjara Hills Mart,Hyderabad,Electronics,Smart Watch,5752.01,2.0,0.0,11504.02,0.0,11504.02,Cash,Online,No
TXN04868,2024-11-05,S001,Hyderabad Central,Hyderabad,Home Appliances,Water Purifier,8630.87,8.0,10.0,69046.96,6904.7,62142.26,Net Banking,Loyalty Member,No
TXN04869,2024-09-19,S004,Mumbai Metro Store,Mumbai,Stationery,Pen Box,98.96,7.0,10.0,692.72,69.27,623.45,Debit Card,Walk-in,No
TXN04870,,S002,Banjara Hills Mart,Hyderabad,Electronics,Tablet,19104.64,,-5.0,,,,Net Banking,Online,No
TXN04871,2024-11-27,S002,Banjara Hills Mart,Hyderabad,Clothing,Formal Shirt,926.01,6.0,15.0,5556.06,833.41,4722.65,Cash,Loyalty Member,No
TXN04872,2024-05-11,S004,Mumbai Metro Store,Mumbai,Clothing,T-Shirt,590.91,6.0,10.0,3545.46,354.55,3190.91,UPI,Online,No
TXN04873,2024-09-25,S005,Pune Retail Hub,Pune,Home Appliances,Water Purifier,8610.07,8.0,0.0,68880.56,0.0,68880.56,Cash,Online,No
TXN04874,2024-11-19,S001,Hyderabad Central,Hyderabad,Grocery,Cooking Oil,184.91,8.0,5.0,1479.28,73.96,1405.32,Cash,Corporate,No
TXN04875,2024-04-29,S002,Banjara Hills Mart,Hyderabad,Stationery,Stapler,148.99,4.0,5.0,595.96,29.8,566.16,Cash,Loyalty Member,No
TXN04876,2024-08-18,S004,Mumbai Metro Store,Mumbai,Clothing,Saree,2584.45,8.0,10.0,20675.6,2067.56,18608.04,Cash,Online,No
TXN04877,2024-02-15,S003,Chennai Express,Chennai,Home Appliances,Fan,1661.85,7.0,20.0,11632.95,2326.59,9306.36,Net Banking,Online,No
TXN04878,2024-08-24,S002,Banjara Hills Mart,Hyderabad,Stationery,Notebook Set,202.11,3.0,10.0,606.33,60.63,545.7,Net Banking,Loyalty Member,No
TXN04879,2024-03-25,S001,Hyderabad Central,Hyderabad,Clothing,T-Shirt,572.92,6.0,0.0,3437.52,0.0,3437.52,Debit Card,Corporate,No
TXN04880,2024-09-30,S005,Pune Retail Hub,Pune,Electronics,Mobile Phone,9881.64,2.0,10.0,19763.28,1976.33,17786.95,Credit Card,Corporate,Yes
TXN04881,2024-11-07,S004,Mumbai Metro Store,Mumbai,Clothing,Jacket,1945.22,5.0,5.0,9726.1,486.31,9239.79,Debit Card,Corporate,No
TXN04882,2024-08-02,S001,Hyderabad Central,Hyderabad,Grocery,Pulses,142.57,4.0,20.0,570.28,114.06,456.22,Debit Card,Corporate,No
TXN04883,2024-11-16,S003,Chennai Express,Chennai,Home Appliances,Iron Box,933.39,2.0,15.0,1866.78,280.02,1586.76,Credit Card,Loyalty Member,No
TXN04884,2024-09-01,S005,Pune Retail Hub,Pune,Electronics,Laptop,48045.0,4.0,15.0,192180.0,28827.0,163353.0,Cash,Loyalty Member,No
TXN04885,2024-08-10,S002,Banjara Hills Mart,Hyderabad,Electronics,Smart Watch,5824.34,2.0,10.0,11648.68,1164.87,10483.81,Net Banking,Corporate,No
TXN04886,2024-12-24,S004,Mumbai Metro Store,Mumbai,Grocery,Flour (10kg),305.88,3.0,5.0,917.64,45.88,871.76,Cash,Walk-in,Yes
TXN04887,2024-12-11,S003,Chennai Express,Chennai,Electronics,Smart Watch,5719.6,1.0,0.0,5719.6,0.0,5719.6,Cash,Walk-in,No
TXN04888,2024-06-08,S005,Pune Retail Hub,Pune,Electronics,Laptop,45024.81,7.0,15.0,315173.67,47276.05,267897.62,Debit Card,Loyalty Member,Yes
TXN04889,,S004,Mumbai Metro Store,Mumbai,Electronics,Smart Watch,5705.91,,,,,,Net Banking,Walk-in,No
TXN04890,,S004,Mumbai Metro Store,Mumbai,Clothing,Jeans,1253.4,6.0,,,,,Net Banking,Online,No
TXN04891,2024-07-19,S004,Mumbai Metro Store,Mumbai,Home Appliances,Microwave,6781.14,3.0,10.0,20343.42,2034.34,18309.08,UPI,Corporate,No
TXN04892,2024-10-04,S004,Mumbai Metro Store,Mumbai,Electronics,Mobile Phone,9957.51,6.0,20.0,59745.06,11949.01,47796.05,Debit Card,Walk-in,No
TXN04893,2024-11-11,S004,Mumbai Metro Store,Mumbai,Electronics,Laptop,46293.91,5.0,20.0,231469.55,46293.91,185175.64,UPI,Corporate,No
TXN04894,2024-04-03,S004,Mumbai Metro Store,Mumbai,Clothing,Saree,2525.25,8.0,15.0,20202.0,3030.3,17171.7,Net Banking,Walk-in,No
TXN04895,2024-04-19,S004,Mumbai Metro Store,Mumbai,Clothing,Jacket,2011.25,7.0,15.0,14078.75,2111.81,11966.94,Credit Card,Loyalty Member,No
TXN04896,2024-02-13,S002,Banjara Hills Mart,Hyderabad,Electronics,Laptop,47500.04,3.0,0.0,142500.12,0.0,142500.12,Debit Card,Online,Yes
TXN04897,2024-12-08,S004,Mumbai Metro Store,Mumbai,Electronics,Earphones,1437.12,6.0,10.0,8622.72,862.27,7760.45,Credit Card,Walk-in,No
TXN04898,2024-05-20,S004,Mumbai Metro Store,Mumbai,Grocery,Pulses,154.11,5.0,15.0,770.55,115.58,654.97,Cash,Loyalty Member,No
TXN04899,2024-02-10,S002,Banjara Hills Mart,Hyderabad,Clothing,Formal Shirt,912.04,8.0,20.0,7296.32,1459.26,5837.06,UPI,Walk-in,No
TXN04900,2024-11-18,S002,Banjara Hills Mart,Hyderabad,Home Appliances,Fan,1625.77,4.0,0.0,6503.08,0.0,6503.08,Cash,Corporate,No
TXN04901,2024-01-07,S005,Pune Retail Hub,Pune,Stationery,Calculator,384.89,8.0,20.0,3079.12,615.82,2463.3,Net Banking,Loyalty Member,No
TXN04902,2024-10-06,S001,Hyderabad Central,Hyderabad,Electronics,Tablet,19254.24,2.0,20.0,38508.48,7701.7,30806.78,Credit Card,Loyalty Member,No
TXN04903,2024-05-22,S003,Chennai Express,Chennai,Stationery,Calculator,414.41,2.0,10.0,828.82,82.88,745.94,Debit Card,Walk-in,No
TXN04904,2024-09-09,S003,Chennai Express,Chennai,Stationery,File Folder,77.08,1.0,10.0,77.08,7.71,69.37,UPI,Loyalty Member,No
TXN04905,2024-08-20,S002,Banjara Hills Mart,Hyderabad,Stationery,Pen Box,98.27,7.0,10.0,687.89,68.79,619.1,UPI,Walk-in,No
TXN04906,2024-02-03,S001,Hyderabad Central,Hyderabad,Home Appliances,Iron Box,915.25,3.0,5.0,2745.75,137.29,2608.46,Debit Card,Corporate,No
TXN04907,2024-01-24,S001,Hyderabad Central,Hyderabad,Stationery,File Folder,79.57,1.0,5.0,79.57,3.98,75.59,Credit Card,Online,No
TXN04908,2024-09-04,S001,Hyderabad Central,Hyderabad,Grocery,Rice (5kg),335.56,2.0,0.0,671.12,0.0,671.12,Debit Card,Loyalty Member,No
TXN04909,2024-01-25,S002,Banjara Hills Mart,Hyderabad,Stationery,File Folder,80.21,4.0,5.0,320.84,16.04,304.8,Debit Card,Online,No
TXN04910,2024-05-08,S004,Mumbai Metro Store,Mumbai,Grocery,Flour (10kg),292.72,6.0,10.0,1756.32,175.63,1580.69,Debit Card,Loyalty Member,No
TXN04911,2024-06-21,S005,Pune Retail Hub,Pune,Grocery,Rice (5kg),351.13,3.0,5.0,1053.39,52.67,1000.72,Credit Card,Corporate,No
TXN04912,2024-06-15,S002,Banjara Hills Mart,Hyderabad,Electronics,Earphones,1528.7,7.0,15.0,10700.9,1605.13,9095.77,Net Banking,Walk-in,No
TXN04913,2024-04-18,S002,Banjara Hills Mart,Hyderabad,Stationery,Stapler,148.29,4.0,0.0,593.16,0.0,593.16,Debit Card,Corporate,No
TXN04914,2024-10-25,S001,Hyderabad Central,Hyderabad,Grocery,Flour (10kg),296.5,3.0,15.0,889.5,133.43,756.07,Debit Card,Loyalty Member,No
TXN04915,2024-09-24,S005,Pune Retail Hub,Pune,Grocery,Rice (5kg),354.53,8.0,15.0,2836.24,425.44,2410.8,UPI,Online,No
TXN04916,2024-04-18,S003,Chennai Express,Chennai,Electronics,Smart Watch,5757.16,6.0,10.0,34542.96,3454.3,31088.66,Credit Card,Walk-in,No
TXN04917,2024-07-15,S002,Banjara Hills Mart,Hyderabad,Clothing,Jacket,2081.18,1.0,0.0,2081.18,0.0,2081.18,Debit Card,Corporate,No
TXN04918,2024-12-21,S003,Chennai Express,Chennai,Grocery,Spices Pack,99.92,4.0,20.0,399.68,79.94,319.74,UPI,Walk-in,No
TXN04919,2024-10-13,S003,Chennai Express,Chennai,Grocery,Pulses,144.28,6.0,0.0,865.68,0.0,865.68,Cash,Online,No
TXN04920,2024-04-15,S002,Banjara Hills Mart,Hyderabad,Clothing,Jacket,1929.41,3.0,5.0,5788.23,289.41,5498.82,Credit Card,Walk-in,No
TXN04921,2024-11-09,S005,Pune Retail Hub,Pune,Electronics,Tablet,19182.17,3.0,5.0,57546.51,2877.33,54669.18,Debit Card,Loyalty Member,No
TXN04922,2024-03-30,S002,Banjara Hills Mart,Hyderabad,Clothing,Jacket,1986.99,3.0,20.0,5960.97,1192.19,4768.78,Credit Card,Corporate,No
TXN04923,2024-11-29,S004,Mumbai Metro Store,Mumbai,Clothing,Jeans,1312.1,7.0,15.0,9184.7,1377.7,7807.0,Credit Card,Online,No
TXN04924,2024-07-16,S001,Hyderabad Central,Hyderabad,Grocery,Pulses,154.83,6.0,20.0,928.98,185.8,743.18,UPI,Loyalty Member,No
TXN04925,2024-07-26,S001,Hyderabad Central,Hyderabad,Stationery,Calculator,400.29,1.0,5.0,400.29,20.01,380.28,UPI,Corporate,No
TXN04926,2024-03-13,S003,Chennai Express,Chennai,Stationery,Notebook Set,203.91,1.0,15.0,203.91,30.59,173.32,Debit Card,Walk-in,Yes
TXN04927,2024-07-21,S001,Hyderabad Central,Hyderabad,Home Appliances,Mixer Grinder,2828.83,3.0,5.0,8486.49,424.32,8062.17,Cash,Online,Yes
TXN04928,2024-12-14,S002,Banjara Hills Mart,Hyderabad,Grocery,Spices Pack,96.47,3.0,15.0,289.41,43.41,246.0,Cash,Walk-in,No
TXN04929,2024-04-08,S005,Pune Retail Hub,Pune,Home Appliances,Fan,1674.87,5.0,0.0,8374.35,0.0,8374.35,Credit Card,Loyalty Member,No
TXN04930,2024-10-14,S003,Chennai Express,Chennai,Stationery,Pen Box,97.51,7.0,15.0,682.57,102.39,580.18,Net Banking,Loyalty Member,No
TXN04931,2024-07-06,S001,Hyderabad Central,Hyderabad,Clothing,Jacket,2007.12,3.0,20.0,6021.36,1204.27,4817.09,Credit Card,Online,No
TXN04932,2024-02-06,S002,Banjara Hills Mart,Hyderabad,Electronics,Earphones,1544.61,3.0,15.0,4633.83,695.07,3938.76,Credit Card,Walk-in,No
TXN04933,2024-09-22,S005,Pune Retail Hub,Pune,Home Appliances,Water Purifier,8780.87,1.0,10.0,8780.87,878.09,7902.78,UPI,Walk-in,No
TXN04934,2024-01-29,S001,Hyderabad Central,Hyderabad,Home Appliances,Iron Box,855.28,2.0,10.0,1710.56,171.06,1539.5,Credit Card,Loyalty Member,No
TXN04935,2024-04-19,S005,Pune Retail Hub,Pune,Home Appliances,Water Purifier,9194.89,8.0,5.0,73559.12,3677.96,69881.16,UPI,Walk-in,No
TXN04936,2024-06-18,S004,Mumbai Metro Store,Mumbai,Clothing,Saree,2522.74,1.0,15.0,2522.74,378.41,2144.33,Credit Card,Online,No
TXN04937,2024-11-30,S003,Chennai Express,Chennai,Stationery,Stapler,144.22,1.0,0.0,144.22,0.0,144.22,Credit Card,Online,No
TXN04938,2024-10-01,S005,Pune Retail Hub,Pune,Electronics,Laptop,46938.65,3.0,10.0,140815.95,14081.59,126734.36,Cash,Online,No
TXN04939,2024-04-10,S004,Mumbai Metro Store,Mumbai,Grocery,Cooking Oil,189.32,2.0,0.0,378.64,0.0,378.64,UPI,Online,No
TXN04940,2024-05-27,S001,Hyderabad Central,Hyderabad,Grocery,Flour (10kg),302.96,6.0,10.0,1817.76,181.78,1635.98,Cash,Walk-in,No
TXN04941,2024-12-22,S002,Banjara Hills Mart,Hyderabad,Grocery,Spices Pack,102.46,7.0,5.0,717.22,35.86,681.36,Credit Card,Corporate,No
TXN04942,2024-07-02,S002,Banjara Hills Mart,Hyderabad,Electronics,Tablet,18181.93,1.0,0.0,18181.93,0.0,18181.93,Net Banking,Online,No
TXN04943,2024-02-29,S001,Hyderabad Central,Hyderabad,Electronics,Smart Watch,6196.78,5.0,20.0,30983.9,6196.78,24787.12,Debit Card,Corporate,No
TXN04944,2024-04-12,S002,Banjara Hills Mart,Hyderabad,Electronics,Smart Watch,5803.8,3.0,20.0,17411.4,3482.28,13929.12,Cash,Loyalty Member,No
TXN04945,2024-01-29,S001,Hyderabad Central,Hyderabad,Home Appliances,Fan,1672.66,2.0,0.0,3345.32,0.0,3345.32,Net Banking,Corporate,No
TXN04946,2024-03-13,S004,Mumbai Metro Store,Mumbai,Clothing,Jeans,1362.13,7.0,0.0,9534.91,0.0,9534.91,UPI,Walk-in,No
TXN04947,2024-01-25,S002,Banjara Hills Mart,Hyderabad,Clothing,Jeans,1302.45,8.0,20.0,10419.6,2083.92,8335.68,UPI,Corporate,No
TXN04948,2024-07-08,S002,Banjara Hills Mart,Hyderabad,Grocery,Pulses,144.81,6.0,0.0,868.86,0.0,868.86,UPI,Corporate,No
TXN04949,2024-08-06,S003,Chennai Express,Chennai,Stationery,Calculator,412.85,7.0,0.0,2889.95,0.0,2889.95,Debit Card,Online,Yes
TXN04950,2024-03-11,S003,Chennai Express,Chennai,Electronics,Mobile Phone,10403.19,1.0,0.0,10403.19,0.0,10403.19,Cash,Walk-in,No
TXN04951,2024-11-11,S005,Pune Retail Hub,Pune,Clothing,Saree,2435.71,5.0,20.0,12178.55,2435.71,9742.84,Cash,Online,No
TXN04952,2024-07-13,S003,Chennai Express,Chennai,Home Appliances,Water Purifier,8997.29,6.0,20.0,53983.74,10796.75,43186.99,Cash,Corporate,No
TXN04953,2024-10-17,S004,Mumbai Metro Store,Mumbai,Electronics,Earphones,1546.41,1.0,0.0,1546.41,0.0,1546.41,Cash,Loyalty Member,No
TXN04954,2024-01-29,S004,Mumbai Metro Store,Mumbai,Grocery,Rice (5kg),347.76,7.0,15.0,2434.32,365.15,2069.17,Debit Card,Online,No
TXN04955,2024-08-01,S003,Chennai Express,Chennai,Stationery,Notebook Set,198.56,6.0,20.0,1191.36,238.27,953.09,Cash,Walk-in,No
TXN04956,2024-06-02,S004,Mumbai Metro Store,Mumbai,Grocery,Pulses,149.81,8.0,0.0,1198.48,0.0,1198.48,Cash,Corporate,No
TXN04957,,S002,Banjara Hills Mart,Hyderabad,Electronics,Tablet,19219.49,,-5.0,,,,Credit Card,Corporate,No
TXN04958,2024-12-03,S004,Mumbai Metro Store,Mumbai,Clothing,Jeans,1326.53,3.0,0.0,3979.59,0.0,3979.59,Credit Card,Walk-in,No
TXN04959,2024-09-25,S005,Pune Retail Hub,Pune,Stationery,Calculator,412.27,3.0,10.0,1236.81,123.68,1113.13,Credit Card,Online,No
TXN04960,2024-05-17,S002,Banjara Hills Mart,Hyderabad,Stationery,Pen Box,100.46,7.0,20.0,703.22,140.64,562.58,Cash,Corporate,No
TXN04961,2024-02-20,S002,Banjara Hills Mart,Hyderabad,Clothing,Saree,2480.67,8.0,0.0,19845.36,0.0,19845.36,UPI,Loyalty Member,No
TXN04962,2024-11-16,S003,Chennai Express,Chennai,Clothing,Jacket,2025.67,6.0,20.0,12154.02,2430.8,9723.22,Cash,Loyalty Member,No
TXN04963,2024-03-05,S003,Chennai Express,Chennai,Home Appliances,Fan,1564.02,3.0,15.0,4692.06,703.81,3988.25,Net Banking,Walk-in,No
TXN04964,2024-12-11,S005,Pune Retail Hub,Pune,Clothing,Jeans,1284.92,6.0,10.0,7709.52,770.95,6938.57,Credit Card,Walk-in,No
TXN04965,2024-10-25,S005,Pune Retail Hub,Pune,Home Appliances,Water Purifier,9276.97,6.0,0.0,55661.82,0.0,55661.82,Net Banking,Walk-in,No
TXN04966,2024-06-20,S002,Banjara Hills Mart,Hyderabad,Home Appliances,Fan,1524.95,4.0,20.0,6099.8,1219.96,4879.84,Net Banking,Corporate,No
TXN04967,2024-12-30,S002,Banjara Hills Mart,Hyderabad,Home Appliances,Mixer Grinder,2803.34,6.0,10.0,16820.04,1682.0,15138.04,UPI,Corporate,No
TXN04968,2024-03-07,S001,Hyderabad Central,Hyderabad,Grocery,Flour (10kg),298.4,6.0,10.0,1790.4,179.04,1611.36,Debit Card,Online,No
TXN04969,2024-08-01,S003,Chennai Express,Chennai,Electronics,Smart Watch,6060.65,3.0,20.0,18181.95,3636.39,14545.56,Net Banking,Corporate,No
TXN04970,2024-07-29,S001,Hyderabad Central,Hyderabad,Stationery,Pen Box,96.16,1.0,0.0,96.16,0.0,96.16,UPI,Corporate,No
TXN04971,2024-02-08,S003,Chennai Express,Chennai,Stationery,File Folder,81.47,6.0,20.0,488.82,97.76,391.06,Debit Card,Online,No
TXN04972,2024-05-12,S005,Pune Retail Hub,Pune,Stationery,File Folder,82.76,7.0,10.0,579.32,57.93,521.39,UPI,Corporate,No
TXN04973,2024-06-28,S001,Hyderabad Central,Hyderabad,Electronics,Mobile Phone,10440.83,4.0,10.0,41763.32,4176.33,37586.99,Cash,Corporate,No
TXN04974,2024-03-22,S003,Chennai Express,Chennai,Grocery,Pulses,150.3,6.0,20.0,901.8,180.36,721.44,Credit Card,Walk-in,No
TXN04975,2024-03-05,S001,Hyderabad Central,Hyderabad,Stationery,File Folder,75.2,1.0,0.0,75.2,0.0,75.2,Debit Card,Walk-in,No
TXN04976,2024-01-28,S005,Pune Retail Hub,Pune,Electronics,Tablet,19224.09,5.0,10.0,96120.45,9612.05,86508.4,Debit Card,Corporate,No
TXN04977,2024-06-05,S005,Pune Retail Hub,Pune,Home Appliances,Iron Box,929.55,4.0,20.0,3718.2,743.64,2974.56,Debit Card,Loyalty Member,Yes
TXN04978,2024-08-20,S005,Pune Retail Hub,Pune,Electronics,Tablet,18555.28,2.0,5.0,37110.56,1855.53,35255.03,Net Banking,Walk-in,No
TXN04979,2024-11-27,S004,Mumbai Metro Store,Mumbai,Electronics,Earphones,1450.27,8.0,5.0,11602.16,580.11,11022.05,UPI,Loyalty Member,No
TXN04980,2024-03-10,S004,Mumbai Metro Store,Mumbai,Electronics,Mobile Phone,9513.73,7.0,5.0,66596.11,3329.81,63266.3,UPI,Loyalty Member,No
TXN04981,2024-01-19,S005,Pune Retail Hub,Pune,Electronics,Mobile Phone,9828.74,4.0,15.0,39314.96,5897.24,33417.72,Net Banking,Loyalty Member,No
TXN04982,2024-02-13,S003,Chennai Express,Chennai,Electronics,Tablet,18899.31,4.0,5.0,75597.24,3779.86,71817.38,UPI,Corporate,No
TXN04983,2024-01-13,S004,Mumbai Metro Store,Mumbai,Grocery,Spices Pack,97.92,1.0,20.0,97.92,19.58,78.34,Credit Card,Online,No
TXN04984,2024-02-13,S004,Mumbai Metro Store,Mumbai,Clothing,Jacket,2002.32,5.0,10.0,10011.6,1001.16,9010.44,Cash,Online,Yes
TXN04985,2024-07-13,S001,Hyderabad Central,Hyderabad,Grocery,Rice (5kg),355.63,2.0,5.0,711.26,35.56,675.7,Credit Card,Online,Yes
TXN04986,2024-01-09,S001,Hyderabad Central,Hyderabad,Grocery,Cooking Oil,193.91,5.0,20.0,969.55,193.91,775.64,Credit Card,Loyalty Member,No
TXN04987,2024-10-06,S003,Chennai Express,Chennai,Electronics,Mobile Phone,10377.78,5.0,20.0,51888.9,10377.78,41511.12,UPI,Corporate,No
TXN04988,2024-08-17,S002,Banjara Hills Mart,Hyderabad,Home Appliances,Mixer Grinder,2729.62,3.0,10.0,8188.86,818.89,7369.97,Net Banking,Walk-in,No
TXN04989,2024-03-17,S001,Hyderabad Central,Hyderabad,Home Appliances,Microwave,6502.48,2.0,0.0,13004.96,0.0,13004.96,UPI,Corporate,No
TXN04990,2024-08-02,S005,Pune Retail Hub,Pune,Home Appliances,Water Purifier,8904.26,4.0,15.0,35617.04,5342.56,30274.48,UPI,Loyalty Member,No
TXN04991,2024-04-28,S003,Chennai Express,Chennai,Clothing,Formal Shirt,858.95,6.0,20.0,5153.7,1030.74,4122.96,Credit Card,Corporate,No
TXN04992,2024-11-03,S004,Mumbai Metro Store,Mumbai,Stationery,File Folder,76.97,7.0,15.0,538.79,80.82,457.97,Net Banking,Online,No
TXN04993,2024-04-02,S002,Banjara Hills Mart,Hyderabad,Grocery,Cooking Oil,185.36,7.0,0.0,1297.52,0.0,1297.52,Cash,Walk-in,No
TXN04994,2024-07-20,S004,Mumbai Metro Store,Mumbai,Electronics,Laptop,44672.72,1.0,0.0,44672.72,0.0,44672.72,UPI,Loyalty Member,No
TXN04995,2024-12-23,S002,Banjara Hills Mart,Hyderabad,Grocery,Rice (5kg),345.35,3.0,20.0,1036.05,207.21,828.84,Cash,Online,No
TXN04996,2024-03-02,S003,Chennai Express,Chennai,Electronics,Tablet,19646.28,7.0,5.0,137523.96,6876.2,130647.76,Cash,Loyalty Member,No
TXN04997,2024-06-12,S004,Mumbai Metro Store,Mumbai,Home Appliances,Microwave,6686.37,7.0,0.0,46804.59,0.0,46804.59,Net Banking,Online,No
TXN04998,,S003,Chennai Express,Chennai,Clothing,Saree,2600.59,5.0,-5.0,,,,Credit Card,Walk-in,No
TXN04999,,S001,Hyderabad Central,Hyderabad,Clothing,Jacket,1939.66,1.0,101.0,,,,Credit Card,Online,No
TXN05000,2024-11-12,S002,Banjara Hills Mart,Hyderabad,Stationery,File Folder,81.57,8.0,0.0,652.56,0.0,652.56,UPI,Online,No
TXN05001,2024-07-11,S004,Mumbai Metro Store,Mumbai,Home Appliances,Iron Box,898.55,2.0,20.0,1797.1,359.42,1437.68,Debit Card,Walk-in,No
TXN05002,2024-04-25,S003,Chennai Express,Chennai,Home Appliances,Water Purifier,9108.7,7.0,0.0,63760.9,0.0,63760.9,Credit Card,Online,No
TXN05003,2024-01-26,S002,Banjara Hills Mart,Hyderabad,Stationery,Stapler,147.23,1.0,15.0,147.23,22.08,125.15,UPI,Loyalty Member,No
TXN05004,2024-03-22,S003,Chennai Express,Chennai,Clothing,Formal Shirt,934.93,4.0,15.0,3739.72,560.96,3178.76,Cash,Walk-in,No
TXN05005,2024-03-26,S001,Hyderabad Central,Hyderabad,Home Appliances,Iron Box,872.08,4.0,10.0,3488.32,348.83,3139.49,UPI,Walk-in,No
TXN05006,2024-08-17,S001,Hyderabad Central,Hyderabad,Home Appliances,Fan,1566.68,4.0,15.0,6266.72,940.01,5326.71,Cash,Loyalty Member,No
TXN05007,2024-08-22,S003,Chennai Express,Chennai,Electronics,Tablet,19670.71,7.0,10.0,137694.97,13769.5,123925.47,UPI,Walk-in,Yes
TXN05008,2024-05-27,S003,Chennai Express,Chennai,Grocery,Pulses,147.89,4.0,5.0,591.56,29.58,561.98,Debit Card,Corporate,No
TXN05009,2024-06-22,S003,Chennai Express,Chennai,Grocery,Rice (5kg),354.29,3.0,5.0,1062.87,53.14,1009.73,UPI,Walk-in,No
TXN05010,2024-07-30,S002,Banjara Hills Mart,Hyderabad,Clothing,Jeans,1248.97,4.0,15.0,4995.88,749.38,4246.5,Debit Card,Walk-in,No
TXN05011,2024-11-13,S003,Chennai Express,Chennai,Home Appliances,Mixer Grinder,2859.22,7.0,0.0,20014.54,0.0,20014.54,Net Banking,Online,No
TXN05012,2024-09-12,S001,Hyderabad Central,Hyderabad,Electronics,Smart Watch,6116.17,5.0,10.0,30580.85,3058.09,27522.76,Net Banking,Corporate,No
TXN05013,2024-09-18,S003,Chennai Express,Chennai,Home Appliances,Fan,1538.16,4.0,0.0,6152.64,0.0,6152.64,Credit Card,Walk-in,No
TXN05014,2024-02-28,S001,Hyderabad Central,Hyderabad,Clothing,Jacket,1928.8,1.0,10.0,1928.8,192.88,1735.92,Debit Card,Loyalty Member,Yes
TXN05015,2024-09-14,S002,Banjara Hills Mart,Hyderabad,Electronics,Tablet,19261.64,7.0,0.0,134831.48,0.0,134831.48,Cash,Loyalty Member,No
TXN05016,2024-04-27,S001,Hyderabad Central,Hyderabad,Clothing,Jacket,1924.5,2.0,5.0,3849.0,192.45,3656.55,Net Banking,Online,Yes
TXN05017,2024-03-10,S001,Hyderabad Central,Hyderabad,Stationery,Pen Box,102.06,1.0,10.0,102.06,10.21,91.85,UPI,Corporate,No
TXN05018,2024-02-26,S003,Chennai Express,Chennai,Electronics,Mobile Phone,10219.23,5.0,20.0,51096.15,10219.23,40876.92,Debit Card,Loyalty Member,No
TXN05019,2024-06-12,S003,Chennai Express,Chennai,Home Appliances,Microwave,6554.58,2.0,0.0,13109.16,0.0,13109.16,Cash,Walk-in,No
TXN05020,2024-06-16,S003,Chennai Express,Chennai,Stationery,File Folder,77.58,1.0,20.0,77.58,15.52,62.06,UPI,Online,No
TXN05021,2024-05-16,S001,Hyderabad Central,Hyderabad,Clothing,T-Shirt,592.48,3.0,10.0,1777.44,177.74,1599.7,Debit Card,Walk-in,No
TXN05022,,S003,Chennai Express,Chennai,Grocery,Rice (5kg),350.05,,,,,,Debit Card,Online,No
TXN05023,2024-09-25,S002,Banjara Hills Mart,Hyderabad,Grocery,Spices Pack,99.71,4.0,15.0,398.84,59.83,339.01,Cash,Corporate,No
TXN05024,2024-05-22,S005,Pune Retail Hub,Pune,Electronics,Smart Watch,6155.7,5.0,15.0,30778.5,4616.77,26161.73,Cash,Loyalty Member,No
TXN05025,2024-01-07,S005,Pune Retail Hub,Pune,Grocery,Rice (5kg),360.19,6.0,5.0,2161.14,108.06,2053.08,UPI,Corporate,No
TXN05026,2024-11-18,S003,Chennai Express,Chennai,Stationery,File Folder,77.17,2.0,15.0,154.34,23.15,131.19,Net Banking,Online,No
TXN05027,2024-10-26,S001,Hyderabad Central,Hyderabad,Home Appliances,Microwave,6278.84,5.0,10.0,31394.2,3139.42,28254.78,Net Banking,Corporate,No
TXN05028,2024-02-13,S004,Mumbai Metro Store,Mumbai,Clothing,Jeans,1331.03,8.0,5.0,10648.24,532.41,10115.83,Cash,Loyalty Member,Yes
TXN05029,2024-10-26,S005,Pune Retail Hub,Pune,Home Appliances,Iron Box,862.41,3.0,15.0,2587.23,388.08,2199.15,Credit Card,Walk-in,No
TXN05030,2024-01-28,S001,Hyderabad Central,Hyderabad,Home Appliances,Microwave,6702.19,7.0,15.0,46915.33,7037.3,39878.03,Credit Card,Online,No
TXN05031,2024-11-05,S003,Chennai Express,Chennai,Stationery,Stapler,150.98,5.0,10.0,754.9,75.49,679.41,Net Banking,Corporate,No
TXN05032,2024-10-06,S001,Hyderabad Central,Hyderabad,Home Appliances,Fan,1564.87,5.0,15.0,7824.35,1173.65,6650.7,Net Banking,Loyalty Member,No
TXN05033,2024-09-25,S001,Hyderabad Central,Hyderabad,Electronics,Mobile Phone,9880.14,5.0,15.0,49400.7,7410.1,41990.6,Debit Card,Walk-in,No
TXN05034,2024-02-10,S005,Pune Retail Hub,Pune,Home Appliances,Iron Box,905.8,3.0,15.0,2717.4,407.61,2309.79,Credit Card,Walk-in,No
TXN05035,2024-06-17,S005,Pune Retail Hub,Pune,Electronics,Laptop,46733.08,7.0,0.0,327131.56,0.0,327131.56,UPI,Walk-in,No
TXN05036,2024-05-15,S003,Chennai Express,Chennai,Stationery,Stapler,150.74,6.0,0.0,904.44,0.0,904.44,Net Banking,Loyalty Member,Yes
TXN05037,2024-02-19,S005,Pune Retail Hub,Pune,Clothing,T-Shirt,600.95,2.0,0.0,1201.9,0.0,1201.9,Cash,Walk-in,No
TXN05038,2024-01-21,S005,Pune Retail Hub,Pune,Grocery,Rice (5kg),355.05,4.0,20.0,1420.2,284.04,1136.16,UPI,Loyalty Member,No
TXN05039,,S002,Banjara Hills Mart,Hyderabad,Electronics,Earphones,1468.16,10.0,-5.0,,,,Credit Card,Online,No
TXN05040,2024-01-15,S004,Mumbai Metro Store,Mumbai,Stationery,Stapler,143.83,5.0,15.0,719.15,107.87,611.28,Debit Card,Walk-in,No
TXN05041,2024-07-04,S004,Mumbai Metro Store,Mumbai,Stationery,Calculator,418.4,8.0,15.0,3347.2,502.08,2845.12,UPI,Corporate,No
TXN05042,2024-03-17,S001,Hyderabad Central,Hyderabad,Home Appliances,Microwave,6337.35,4.0,15.0,25349.4,3802.41,21546.99,Credit Card,Corporate,No
TXN05043,2024-05-20,S004,Mumbai Metro Store,Mumbai,Clothing,T-Shirt,571.11,8.0,15.0,4568.88,685.33,3883.55,Credit Card,Online,No
TXN05044,2024-04-24,S005,Pune Retail Hub,Pune,Home Appliances,Fan,1562.27,8.0,0.0,12498.16,0.0,12498.16,Debit Card,Online,No
TXN05045,2024-12-21,S002,Banjara Hills Mart,Hyderabad,Grocery,Flour (10kg),284.43,1.0,10.0,284.43,28.44,255.99,Net Banking,Walk-in,No
TXN05046,2024-03-06,S005,Pune Retail Hub,Pune,Home Appliances,Fan,1625.02,4.0,0.0,6500.08,0.0,6500.08,Credit Card,Corporate,No
TXN05047,2024-09-27,S003,Chennai Express,Chennai,Stationery,Pen Box,96.67,7.0,5.0,676.69,33.83,642.86,Cash,Corporate,No
TXN05048,2024-07-28,S004,Mumbai Metro Store,Mumbai,Home Appliances,Microwave,6550.88,8.0,20.0,52407.04,10481.41,41925.63,Debit Card,Online,No
TXN05049,2024-12-13,S003,Chennai Express,Chennai,Grocery,Pulses,152.55,6.0,10.0,915.3,91.53,823.77,Cash,Online,No
TXN05050,2024-04-10,S004,Mumbai Metro Store,Mumbai,Electronics,Earphones,1536.25,5.0,5.0,7681.25,384.06,7297.19,Credit Card,Loyalty Member,No
TXN05051,2024-05-11,S003,Chennai Express,Chennai,Home Appliances,Fan,1572.72,3.0,20.0,4718.16,943.63,3774.53,Cash,Corporate,No
TXN05052,2024-10-30,S005,Pune Retail Hub,Pune,Home Appliances,Water Purifier,8837.24,4.0,0.0,35348.96,0.0,35348.96,Cash,Loyalty Member,No
TXN05053,,S002,Banjara Hills Mart,Hyderabad,Clothing,Formal Shirt,868.78,10.0,,,,,Credit Card,Loyalty Member,No
TXN05054,2024-01-24,S001,Hyderabad Central,Hyderabad,Grocery,Spices Pack,99.82,6.0,15.0,598.92,89.84,509.08,Debit Card,Loyalty Member,No
TXN05055,2024-09-17,S004,Mumbai Metro Store,Mumbai,Grocery,Cooking Oil,192.2,3.0,5.0,576.6,28.83,547.77,Net Banking,Online,No
TXN05056,2024-02-26,S005,Pune Retail Hub,Pune,Clothing,Saree,2595.3,1.0,0.0,2595.3,0.0,2595.3,Net Banking,Walk-in,No
TXN05057,2024-10-30,S001,Hyderabad Central,Hyderabad,Home Appliances,Mixer Grinder,2927.42,5.0,0.0,14637.1,0.0,14637.1,Cash,Corporate,No
TXN05058,2024-04-17,S004,Mumbai Metro Store,Mumbai,Home Appliances,Iron Box,929.69,2.0,0.0,1859.38,0.0,1859.38,UPI,Loyalty Member,Yes
TXN05059,2024-08-12,S001,Hyderabad Central,Hyderabad,Home Appliances,Iron Box,942.9,7.0,0.0,6600.3,0.0,6600.3,Credit Card,Loyalty Member,No
TXN05060,2024-04-17,S002,Banjara Hills Mart,Hyderabad,Home Appliances,Microwave,6300.34,2.0,5.0,12600.68,630.03,11970.65,Cash,Corporate,No
TXN05061,2024-08-08,S005,Pune Retail Hub,Pune,Stationery,File Folder,75.27,2.0,10.0,150.54,15.05,135.49,Net Banking,Loyalty Member,No
TXN05062,2024-11-26,S003,Chennai Express,Chennai,Clothing,Jeans,1240.71,2.0,15.0,2481.42,372.21,2109.21,UPI,Walk-in,No
TXN05063,2024-02-27,S001,Hyderabad Central,Hyderabad,Grocery,Flour (10kg),294.16,6.0,10.0,1764.96,176.5,1588.46,Cash,Online,No
TXN05064,2024-07-25,S005,Pune Retail Hub,Pune,Grocery,Rice (5kg),337.36,2.0,20.0,674.72,134.94,539.78,Credit Card,Walk-in,No
TXN05065,2024-02-03,S002,Banjara Hills Mart,Hyderabad,Clothing,Formal Shirt,936.52,1.0,0.0,936.52,0.0,936.52,Net Banking,Walk-in,No
TXN05066,2024-12-03,S004,Mumbai Metro Store,Mumbai,Clothing,Jacket,2041.37,3.0,15.0,6124.11,918.62,5205.49,Net Banking,Walk-in,No
TXN05067,2024-03-31,S002,Banjara Hills Mart,Hyderabad,Home Appliances,Iron Box,908.42,3.0,20.0,2725.26,545.05,2180.21,Net Banking,Online,No
TXN05068,2024-11-10,S005,Pune Retail Hub,Pune,Home Appliances,Mixer Grinder,2727.51,4.0,15.0,10910.04,1636.51,9273.53,Debit Card,Corporate,No
TXN05069,2024-06-02,S001,Hyderabad Central,Hyderabad,Home Appliances,Fan,1550.45,3.0,15.0,4651.35,697.7,3953.65,Debit Card,Online,No
TXN05070,2024-11-16,S003,Chennai Express,Chennai,Clothing,Formal Shirt,880.75,7.0,5.0,6165.25,308.26,5856.99,Net Banking,Corporate,No
TXN05071,2024-05-05,S001,Hyderabad Central,Hyderabad,Home Appliances,Microwave,6752.04,3.0,20.0,20256.12,4051.22,16204.9,UPI,Loyalty Member,No
TXN05072,,S003,Chennai Express,Chennai,Electronics,Laptop,48065.88,,,,,,UPI,Loyalty Member,No
TXN05073,2024-11-15,S003,Chennai Express,Chennai,Clothing,Jeans,1312.52,2.0,20.0,2625.04,525.01,2100.03,Credit Card,Corporate,No
TXN05074,2024-01-21,S005,Pune Retail Hub,Pune,Electronics,Smart Watch,5792.54,1.0,20.0,5792.54,1158.51,4634.03,Cash,Corporate,No
TXN05075,2024-04-19,S002,Banjara Hills Mart,Hyderabad,Grocery,Flour (10kg),301.0,6.0,15.0,1806.0,270.9,1535.1,Credit Card,Loyalty Member,No
TXN05076,2024-10-08,S004,Mumbai Metro Store,Mumbai,Clothing,Formal Shirt,918.36,2.0,15.0,1836.72,275.51,1561.21,UPI,Loyalty Member,No
TXN05077,2024-06-07,S005,Pune Retail Hub,Pune,Grocery,Spices Pack,102.59,2.0,15.0,205.18,30.78,174.4,UPI,Online,No
TXN05078,,S002,Banjara Hills Mart,Hyderabad,Stationery,Pen Box,101.13,3.0,,,,,Credit Card,Corporate,No
TXN05079,2024-03-05,S005,Pune Retail Hub,Pune,Clothing,Saree,2583.15,1.0,10.0,2583.15,258.31,2324.84,UPI,Online,No
TXN05080,2024-06-27,S005,Pune Retail Hub,Pune,Electronics,Tablet,18560.91,8.0,0.0,148487.28,0.0,148487.28,Cash,Corporate,No
TXN05081,2024-04-19,S005,Pune Retail Hub,Pune,Grocery,Cooking Oil,182.2,8.0,15.0,1457.6,218.64,1238.96,UPI,Loyalty Member,No
TXN05082,2024-12-27,S001,Hyderabad Central,Hyderabad,Electronics,Mobile Phone,10084.75,5.0,20.0,50423.75,10084.75,40339.0,Net Banking,Loyalty Member,No
TXN05083,2024-11-04,S001,Hyderabad Central,Hyderabad,Clothing,Jacket,1958.75,3.0,10.0,5876.25,587.62,5288.63,Net Banking,Online,No
TXN05084,2024-01-05,S001,Hyderabad Central,Hyderabad,Home Appliances,Water Purifier,8851.94,1.0,10.0,8851.94,885.19,7966.75,UPI,Online,No
TXN05085,2024-09-08,S003,Chennai Express,Chennai,Electronics,Earphones,1571.62,8.0,5.0,12572.96,628.65,11944.31,Net Banking,Walk-in,No
TXN05086,2024-05-19,S005,Pune Retail Hub,Pune,Stationery,Calculator,401.84,3.0,20.0,1205.52,241.1,964.42,Debit Card,Corporate,No
TXN05087,2024-02-16,S003,Chennai Express,Chennai,Electronics,Smart Watch,5842.6,7.0,15.0,40898.2,6134.73,34763.47,Cash,Corporate,No
TXN05088,2024-12-08,S001,Hyderabad Central,Hyderabad,Clothing,T-Shirt,570.33,2.0,15.0,1140.66,171.1,969.56,Net Banking,Corporate,No
TXN05089,2024-04-30,S004,Mumbai Metro Store,Mumbai,Clothing,Saree,2513.79,4.0,5.0,10055.16,502.76,9552.4,Net Banking,Corporate,No
TXN05090,2024-04-09,S004,Mumbai Metro Store,Mumbai,Home Appliances,Fan,1554.97,8.0,20.0,12439.76,2487.95,9951.81,UPI,Corporate,No
TXN05091,2024-08-04,S001,Hyderabad Central,Hyderabad,Stationery,Notebook Set,203.49,5.0,20.0,1017.45,203.49,813.96,Credit Card,Loyalty Member,No
TXN05092,2024-04-18,S002,Banjara Hills Mart,Hyderabad,Home Appliances,Fan,1607.89,8.0,15.0,12863.12,1929.47,10933.65,UPI,Online,No
TXN05093,2024-05-17,S002,Banjara Hills Mart,Hyderabad,Grocery,Flour (10kg),309.25,1.0,5.0,309.25,15.46,293.79,Net Banking,Online,No
TXN05094,,S003,Chennai Express,Chennai,Grocery,Flour (10kg),287.95,8.0,-5.0,,,,UPI,Loyalty Member,No
TXN05095,2024-02-20,S001,Hyderabad Central,Hyderabad,Home Appliances,Fan,1528.26,6.0,10.0,9169.56,916.96,8252.6,Credit Card,Corporate,No
TXN05096,2024-08-27,S003,Chennai Express,Chennai,Grocery,Rice (5kg),341.68,2.0,15.0,683.36,102.5,580.86,Debit Card,Loyalty Member,No
TXN05097,2024-02-18,S001,Hyderabad Central,Hyderabad,Home Appliances,Water Purifier,9142.17,4.0,0.0,36568.68,0.0,36568.68,Credit Card,Corporate,No
TXN05098,2024-05-19,S002,Banjara Hills Mart,Hyderabad,Electronics,Laptop,44523.88,1.0,10.0,44523.88,4452.39,40071.49,Net Banking,Corporate,No
TXN05099,2024-05-09,S002,Banjara Hills Mart,Hyderabad,Home Appliances,Fan,1664.78,3.0,0.0,4994.34,0.0,4994.34,Credit Card,Corporate,No
TXN05100,2024-05-27,S003,Chennai Express,Chennai,Home Appliances,Iron Box,923.7,5.0,20.0,4618.5,923.7,3694.8,Credit Card,Walk-in,No
TXN05101,2024-10-31,S002,Banjara Hills Mart,Hyderabad,Grocery,Rice (5kg),348.23,7.0,20.0,2437.61,487.52,1950.09,Debit Card,Loyalty Member,No
TXN05102,2024-11-05,S002,Banjara Hills Mart,Hyderabad,Stationery,Stapler,155.37,2.0,15.0,310.74,46.61,264.13,Cash,Loyalty Member,No
TXN05103,2024-05-15,S004,Mumbai Metro Store,Mumbai,Clothing,Jeans,1350.82,6.0,5.0,8104.92,405.25,7699.67,UPI,Online,Yes
TXN05104,2024-11-16,S003,Chennai Express,Chennai,Home Appliances,Fan,1539.05,4.0,10.0,6156.2,615.62,5540.58,Debit Card,Corporate,Yes
TXN05105,2024-06-12,S005,Pune Retail Hub,Pune,Electronics,Smart Watch,5992.04,5.0,20.0,29960.2,5992.04,23968.16,Net Banking,Walk-in,No
TXN05106,2024-01-28,S005,Pune Retail Hub,Pune,Electronics,Tablet,18820.75,6.0,0.0,112924.5,0.0,112924.5,UPI,Corporate,No
TXN05107,2024-12-14,S005,Pune Retail Hub,Pune,Home Appliances,Mixer Grinder,2797.33,3.0,15.0,8391.99,1258.8,7133.19,UPI,Corporate,No
TXN05108,2024-08-12,S001,Hyderabad Central,Hyderabad,Home Appliances,Microwave,6577.72,2.0,5.0,13155.44,657.77,12497.67,UPI,Online,No
TXN05109,2024-09-03,S001,Hyderabad Central,Hyderabad,Stationery,Calculator,412.31,4.0,5.0,1649.24,82.46,1566.78,Debit Card,Loyalty Member,No
TXN05110,2024-08-06,S002,Banjara Hills Mart,Hyderabad,Clothing,Saree,2572.83,1.0,10.0,2572.83,257.28,2315.55,Net Banking,Walk-in,No
TXN05111,,S001,Hyderabad Central,Hyderabad,Home Appliances,Microwave,6227.64,4.0,-5.0,,,,Debit Card,Corporate,No
TXN05112,,S001,Hyderabad Central,Hyderabad,Stationery,Notebook Set,196.41,2.0,-5.0,,,,UPI,Walk-in,No
TXN05113,2024-11-10,S004,Mumbai Metro Store,Mumbai,Home Appliances,Water Purifier,8867.04,7.0,0.0,62069.28,0.0,62069.28,UPI,Loyalty Member,No
TXN05114,,S002,Banjara Hills Mart,Hyderabad,Stationery,Calculator,417.44,,101.0,,,,Cash,Online,No
TXN05115,2024-12-14,S003,Chennai Express,Chennai,Stationery,Notebook Set,194.99,5.0,10.0,974.95,97.5,877.45,Credit Card,Online,No
TXN05116,2024-09-15,S002,Banjara Hills Mart,Hyderabad,Electronics,Smart Watch,5712.13,3.0,10.0,17136.39,1713.64,15422.75,UPI,Corporate,No
TXN05117,2024-12-18,S005,Pune Retail Hub,Pune,Clothing,Jeans,1351.05,7.0,0.0,9457.35,0.0,9457.35,Net Banking,Online,No
TXN05118,2024-10-11,S001,Hyderabad Central,Hyderabad,Grocery,Cooking Oil,191.56,5.0,15.0,957.8,143.67,814.13,UPI,Corporate,No
TXN05119,2024-07-16,S002,Banjara Hills Mart,Hyderabad,Clothing,Jeans,1296.87,5.0,20.0,6484.35,1296.87,5187.48,Net Banking,Loyalty Member,No
TXN05120,2024-08-22,S001,Hyderabad Central,Hyderabad,Grocery,Rice (5kg),344.05,8.0,10.0,2752.4,275.24,2477.16,Cash,Corporate,No
TXN05121,,S003,Chennai Express,Chennai,Stationery,Notebook Set,200.58,4.0,-5.0,,,,UPI,Walk-in,No
TXN05122,2024-03-14,S003,Chennai Express,Chennai,Home Appliances,Fan,1523.14,1.0,20.0,1523.14,304.63,1218.51,Cash,Loyalty Member,No
TXN05123,2024-02-22,S002,Banjara Hills Mart,Hyderabad,Stationery,Stapler,143.02,5.0,10.0,715.1,71.51,643.59,UPI,Loyalty Member,No
TXN05124,2024-01-19,S003,Chennai Express,Chennai,Clothing,T-Shirt,621.1,3.0,20.0,1863.3,372.66,1490.64,Net Banking,Online,No
TXN05125,2024-04-24,S003,Chennai Express,Chennai,Electronics,Laptop,45797.41,7.0,15.0,320581.87,48087.28,272494.59,Net Banking,Loyalty Member,No
TXN05126,2024-01-03,S001,Hyderabad Central,Hyderabad,Home Appliances,Microwave,6375.88,6.0,0.0,38255.28,0.0,38255.28,Credit Card,Walk-in,No
TXN05127,2024-06-04,S005,Pune Retail Hub,Pune,Clothing,Saree,2528.2,3.0,0.0,7584.6,0.0,7584.6,Net Banking,Corporate,No
TXN05128,,S002,Banjara Hills Mart,Hyderabad,Stationery,Notebook Set,207.64,3.0,-5.0,,,,Cash,Corporate,No
TXN05129,2024-05-25,S001,Hyderabad Central,Hyderabad,Home Appliances,Iron Box,897.48,5.0,0.0,4487.4,0.0,4487.4,Cash,Loyalty Member,No
TXN05130,,S005,Pune Retail Hub,Pune,Stationery,Stapler,149.63,8.0,-5.0,,,,Credit Card,Loyalty Member,No
TXN05131,2024-07-26,S002,Banjara Hills Mart,Hyderabad,Electronics,Mobile Phone,9511.29,5.0,5.0,47556.45,2377.82,45178.63,UPI,Online,No
TXN05132,2024-08-13,S004,Mumbai Metro Store,Mumbai,Home Appliances,Microwave,6776.14,3.0,0.0,20328.42,0.0,20328.42,Net Banking,Walk-in,No
TXN05133,,S002,Banjara Hills Mart,Hyderabad,Electronics,Smart Watch,6297.93,4.0,101.0,,,,Net Banking,Corporate,No
TXN05134,2024-06-26,S005,Pune Retail Hub,Pune,Home Appliances,Iron Box,863.41,3.0,15.0,2590.23,388.53,2201.7,Credit Card,Loyalty Member,Yes
TXN05135,2024-03-27,S001,Hyderabad Central,Hyderabad,Grocery,Pulses,150.52,5.0,0.0,752.6,0.0,752.6,Cash,Walk-in,No
TXN05136,2024-05-07,S004,Mumbai Metro Store,Mumbai,Home Appliances,Mixer Grinder,2890.53,5.0,0.0,14452.65,0.0,14452.65,Debit Card,Walk-in,No
TXN05137,2024-06-02,S004,Mumbai Metro Store,Mumbai,Stationery,Calculator,386.67,3.0,5.0,1160.01,58.0,1102.01,Debit Card,Loyalty Member,No
TXN05138,2024-01-21,S004,Mumbai Metro Store,Mumbai,Home Appliances,Fan,1619.83,3.0,15.0,4859.49,728.92,4130.57,Cash,Corporate,No
TXN05139,,S005,Pune Retail Hub,Pune,Grocery,Cooking Oil,183.54,6.0,101.0,,,,Debit Card,Walk-in,No
TXN05140,2024-03-21,S004,Mumbai Metro Store,Mumbai,Clothing,T-Shirt,625.8,7.0,20.0,4380.6,876.12,3504.48,Credit Card,Loyalty Member,No
TXN05141,2024-06-25,S003,Chennai Express,Chennai,Home Appliances,Fan,1563.3,2.0,0.0,3126.6,0.0,3126.6,Cash,Loyalty Member,No
TXN05142,2024-10-18,S003,Chennai Express,Chennai,Home Appliances,Mixer Grinder,2779.5,2.0,5.0,5559.0,277.95,5281.05,UPI,Corporate,No
TXN05143,2024-12-26,S003,Chennai Express,Chennai,Grocery,Rice (5kg),358.09,7.0,20.0,2506.63,501.33,2005.3,Credit Card,Loyalty Member,No
TXN05144,2024-10-05,S002,Banjara Hills Mart,Hyderabad,Home Appliances,Fan,1530.74,1.0,15.0,1530.74,229.61,1301.13,Net Banking,Loyalty Member,No
TXN05145,2024-08-12,S001,Hyderabad Central,Hyderabad,Electronics,Mobile Phone,9521.32,3.0,10.0,28563.96,2856.4,25707.56,Net Banking,Walk-in,No
TXN05146,2024-11-08,S002,Banjara Hills Mart,Hyderabad,Grocery,Flour (10kg),302.99,6.0,0.0,1817.94,0.0,1817.94,Cash,Online,No
TXN05147,,S002,Banjara Hills Mart,Hyderabad,Clothing,Jeans,1332.77,,-5.0,,,,Cash,Online,No
TXN05148,2024-09-20,S001,Hyderabad Central,Hyderabad,Clothing,Jeans,1240.2,7.0,5.0,8681.4,434.07,8247.33,Credit Card,Walk-in,No
TXN05149,2024-08-31,S005,Pune Retail Hub,Pune,Grocery,Flour (10kg),313.51,7.0,5.0,2194.57,109.73,2084.84,Debit Card,Walk-in,No
TXN05150,2024-04-26,S004,Mumbai Metro Store,Mumbai,Stationery,Calculator,382.65,8.0,0.0,3061.2,0.0,3061.2,Cash,Online,No
TXN05151,2024-06-16,S003,Chennai Express,Chennai,Grocery,Spices Pack,97.52,5.0,0.0,487.6,0.0,487.6,Debit Card,Walk-in,No
TXN05152,2024-11-03,S002,Banjara Hills Mart,Hyderabad,Home Appliances,Microwave,6809.93,3.0,15.0,20429.79,3064.47,17365.32,Net Banking,Corporate,Yes
TXN05153,2024-06-12,S005,Pune Retail Hub,Pune,Electronics,Earphones,1473.78,7.0,10.0,10316.46,1031.65,9284.81,UPI,Loyalty Member,No
TXN05154,2024-12-07,S002,Banjara Hills Mart,Hyderabad,Stationery,Pen Box,98.06,3.0,5.0,294.18,14.71,279.47,UPI,Online,Yes
TXN05155,2024-03-18,S002,Banjara Hills Mart,Hyderabad,Clothing,T-Shirt,591.08,6.0,20.0,3546.48,709.3,2837.18,Net Banking,Loyalty Member,No
TXN05156,2024-11-18,S005,Pune Retail Hub,Pune,Electronics,Mobile Phone,10182.34,5.0,15.0,50911.7,7636.76,43274.94,Credit Card,Corporate,No
TXN05157,2024-12-05,S003,Chennai Express,Chennai,Grocery,Cooking Oil,196.71,3.0,5.0,590.13,29.51,560.62,Debit Card,Walk-in,No
TXN05158,2024-08-13,S003,Chennai Express,Chennai,Electronics,Tablet,19929.54,8.0,20.0,159436.32,31887.26,127549.06,Net Banking,Walk-in,No
TXN05159,2024-08-12,S002,Banjara Hills Mart,Hyderabad,Clothing,T-Shirt,585.61,8.0,15.0,4684.88,702.73,3982.15,Cash,Online,No
TXN05160,2024-06-12,S003,Chennai Express,Chennai,Home Appliances,Iron Box,911.89,8.0,5.0,7295.12,364.76,6930.36,Credit Card,Corporate,No
TXN05161,2024-05-08,S004,Mumbai Metro Store,Mumbai,Stationery,Stapler,148.72,5.0,15.0,743.6,111.54,632.06,Cash,Online,No
TXN05162,2024-07-31,S002,Banjara Hills Mart,Hyderabad,Stationery,Stapler,146.77,6.0,20.0,880.62,176.12,704.5,Net Banking,Walk-in,No
TXN05163,,S001,Hyderabad Central,Hyderabad,Grocery,Spices Pack,96.8,2.0,,,,,Credit Card,Corporate,No
TXN05164,2024-04-25,S005,Pune Retail Hub,Pune,Stationery,Notebook Set,194.39,8.0,0.0,1555.12,0.0,1555.12,UPI,Corporate,No
TXN05165,2024-08-02,S002,Banjara Hills Mart,Hyderabad,Clothing,Saree,2542.76,8.0,15.0,20342.08,3051.31,17290.77,UPI,Loyalty Member,No
TXN05166,2024-10-17,S004,Mumbai Metro Store,Mumbai,Home Appliances,Iron Box,893.48,4.0,15.0,3573.92,536.09,3037.83,Credit Card,Walk-in,No
TXN05167,2024-11-09,S004,Mumbai Metro Store,Mumbai,Clothing,T-Shirt,620.81,6.0,0.0,3724.86,0.0,3724.86,Debit Card,Walk-in,No
TXN05168,2024-08-11,S003,Chennai Express,Chennai,Clothing,Jeans,1335.41,4.0,10.0,5341.64,534.16,4807.48,Credit Card,Loyalty Member,No
TXN05169,2024-04-19,S001,Hyderabad Central,Hyderabad,Stationery,Stapler,152.64,8.0,15.0,1221.12,183.17,1037.95,Debit Card,Walk-in,No
TXN05170,2024-10-13,S002,Banjara Hills Mart,Hyderabad,Electronics,Smart Watch,5956.09,4.0,20.0,23824.36,4764.87,19059.49,Debit Card,Loyalty Member,No
TXN05171,2024-08-28,S005,Pune Retail Hub,Pune,Electronics,Mobile Phone,9769.49,1.0,0.0,9769.49,0.0,9769.49,Cash,Walk-in,No
TXN05172,2024-10-22,S001,Hyderabad Central,Hyderabad,Stationery,File Folder,76.57,7.0,20.0,535.99,107.2,428.79,Net Banking,Corporate,No
TXN05173,,S001,Hyderabad Central,Hyderabad,Home Appliances,Fan,1618.05,,-5.0,,,,Credit Card,Loyalty Member,No
TXN05174,2024-04-22,S001,Hyderabad Central,Hyderabad,Electronics,Tablet,18161.6,8.0,20.0,145292.8,29058.56,116234.24,Credit Card,Online,No
TXN05175,2024-04-01,S002,Banjara Hills Mart,Hyderabad,Electronics,Tablet,19445.89,6.0,20.0,116675.34,23335.07,93340.27,Debit Card,Loyalty Member,No
TXN05176,2024-12-28,S001,Hyderabad Central,Hyderabad,Electronics,Earphones,1546.43,5.0,20.0,7732.15,1546.43,6185.72,Debit Card,Loyalty Member,No
TXN05177,2024-05-13,S002,Banjara Hills Mart,Hyderabad,Grocery,Rice (5kg),337.41,6.0,5.0,2024.46,101.22,1923.24,Cash,Corporate,No
TXN05178,2024-04-22,S005,Pune Retail Hub,Pune,Home Appliances,Microwave,6797.8,8.0,10.0,54382.4,5438.24,48944.16,Cash,Corporate,No
TXN05179,2024-01-20,S003,Chennai Express,Chennai,Electronics,Smart Watch,6151.33,8.0,10.0,49210.64,4921.06,44289.58,Debit Card,Corporate,No
TXN05180,2024-08-16,S002,Banjara Hills Mart,Hyderabad,Home Appliances,Fan,1536.52,6.0,0.0,9219.12,0.0,9219.12,Net Banking,Online,No
TXN05181,2024-08-15,S004,Mumbai Metro Store,Mumbai,Clothing,Formal Shirt,927.12,1.0,15.0,927.12,139.07,788.05,UPI,Corporate,No
TXN05182,2024-05-24,S003,Chennai Express,Chennai,Electronics,Tablet,18747.88,8.0,10.0,149983.04,14998.3,134984.74,Credit Card,Online,No
TXN05183,2024-05-12,S003,Chennai Express,Chennai,Home Appliances,Iron Box,857.75,2.0,5.0,1715.5,85.78,1629.72,Debit Card,Loyalty Member,No
TXN05184,2024-11-29,S001,Hyderabad Central,Hyderabad,Electronics,Earphones,1553.83,1.0,5.0,1553.83,77.69,1476.14,Credit Card,Walk-in,No
TXN05185,2024-01-04,S005,Pune Retail Hub,Pune,Stationery,File Folder,82.53,6.0,10.0,495.18,49.52,445.66,Debit Card,Online,No
TXN05186,2024-08-17,S001,Hyderabad Central,Hyderabad,Electronics,Mobile Phone,9981.8,2.0,5.0,19963.6,998.18,18965.42,UPI,Corporate,No
TXN05187,2024-06-06,S002,Banjara Hills Mart,Hyderabad,Grocery,Rice (5kg),356.31,8.0,10.0,2850.48,285.05,2565.43,Debit Card,Corporate,No
TXN05188,2024-03-16,S005,Pune Retail Hub,Pune,Electronics,Smart Watch,6139.11,5.0,5.0,30695.55,1534.78,29160.77,Net Banking,Corporate,No
TXN05189,2024-11-06,S002,Banjara Hills Mart,Hyderabad,Stationery,Pen Box,94.44,8.0,20.0,755.52,151.1,604.42,Credit Card,Corporate,No
TXN05190,2024-08-14,S003,Chennai Express,Chennai,Clothing,Jeans,1261.63,4.0,20.0,5046.52,1009.3,4037.22,Debit Card,Walk-in,No
TXN05191,2024-04-03,S001,Hyderabad Central,Hyderabad,Clothing,Jeans,1319.91,6.0,0.0,7919.46,0.0,7919.46,Debit Card,Corporate,No
TXN05192,2024-07-21,S003,Chennai Express,Chennai,Stationery,Stapler,151.91,6.0,20.0,911.46,182.29,729.17,Net Banking,Online,No
TXN05193,2024-02-05,S005,Pune Retail Hub,Pune,Clothing,Jacket,1991.74,3.0,15.0,5975.22,896.28,5078.94,Net Banking,Online,No
TXN05194,2024-11-21,S004,Mumbai Metro Store,Mumbai,Electronics,Earphones,1499.86,4.0,0.0,5999.44,0.0,5999.44,Cash,Corporate,No
TXN05195,2024-12-10,S004,Mumbai Metro Store,Mumbai,Grocery,Rice (5kg),349.42,2.0,10.0,698.84,69.88,628.96,UPI,Walk-in,Yes
TXN05196,2024-05-03,S001,Hyderabad Central,Hyderabad,Stationery,File Folder,75.49,1.0,20.0,75.49,15.1,60.39,Debit Card,Corporate,No
TXN05197,,S005,Pune Retail Hub,Pune,Stationery,Notebook Set,189.75,5.0,,,,,UPI,Walk-in,Yes
TXN05198,2024-03-10,S002,Banjara Hills Mart,Hyderabad,Electronics,Mobile Phone,9925.63,7.0,0.0,69479.41,0.0,69479.41,Credit Card,Online,No
TXN05199,2024-11-22,S004,Mumbai Metro Store,Mumbai,Stationery,Stapler,152.96,5.0,0.0,764.8,0.0,764.8,UPI,Corporate,No
TXN05200,2024-10-11,S004,Mumbai Metro Store,Mumbai,Electronics,Laptop,44346.12,5.0,20.0,221730.6,44346.12,177384.48,Cash,Corporate,No
